序号,采集组,采集序号,时间戳,总图像数,是否彩色,是否深度,平均重量,源文件,评分文本,l10_mean,l10_std,l11_mean,l11_std,l12_mean,l12_std,l13_mean,l13_std,l14_mean,l14_std,l15_mean,l15_std,l16_mean,l16_std,l19_mean,l19_std,l1_mean,l1_std,l2_mean,l2_std,l3_mean,l3_std,l4_mean,l4_std,l5_mean,l5_std,l6_mean,l6_std,l7_mean,l7_std,l8_mean,l8_std,l9_mean,l9_std
1,1,1.0,20260116100032003,5,是,是,144.0,base_info_20260116100032003.json,,35.04985947791873,0.350470363717587,45.04029690071008,0.3425173108874705,41.3468188231566,0.3641606786077872,46.69117306832246,0.2566552077423486,75.28779547792246,0.3537615057832964,77.9007558464343,0.5916690680035311,29.991221408838367,0.4498005037089013,203.6222312587904,0.4232839067512595,52.49947608723071,0.3116722959641369,81.18903686983906,0.4332312029247369,41.666087689385705,0.2110947101450778,31.091160610317125,0.412745734422525,16.67443082353364,0.2237069519865448,19.827379315994524,0.5841568860616663,28.88859155633539,0.378653197675976,36.73696729945855,0.2352967467226286,46.718439683975056,1.2238411880078526
2,1,2.0,20260116100055038,5,是,是,140.0,base_info_20260116100055038.json,,48.51953213888103,0.1578237706847047,44.299449720607065,0.4447323106433233,45.23960726855891,0.3507479439713694,95.00277350309544,84.53063389075004,70.68610358549711,0.185500387980483,67.41792546986244,0.2508872402586092,82.2510541018203,44.184550938481,199.37728482594133,0.8238920035823326,94.69621583739531,90.40845242138003,111.53961130053806,63.804030574373904,40.32992005176874,0.4145809624185219,74.80681712692618,41.9476288798889,78.77308422486888,45.536076787336015,17.92309664306352,0.149736624827055,29.376778680225573,0.3853443147494582,40.26586995513022,0.3779434190211123,28.62265874514553,0.3631308194518016
3,1,3.0,20260116100103537,5,是,是,290.0,base_info_20260116100103537.json,,79.2205079970625,71.5746343818685,85.32217116828397,46.375187475335885,55.98961707948956,13.355153271020558,104.94074659754934,52.68078877995761,81.99655572684222,1.2660071728826634,117.6543650756117,64.9966595643581,220.89391193302808,68.94590287014826,209.5885429625881,11.272233633024417,74.524010508033,46.82374623266525,90.95706762377384,1.70702510193073,50.63560192588385,0.8258086535336701,32.30221392531327,0.5077935168702769,19.275518363426965,0.1021307962281505,222.5199293889468,70.72285269035912,213.22445892691604,67.26150376309258,109.47456827048086,67.98241629183232,158.15310519493505,73.25984767062472
4,1,4.0,20260116100110009,5,是,是,110.0,base_info_20260116100110009.json,,37.67772140239953,0.1320153468228869,32.29891204123804,0.9109073344829304,61.34457853228179,37.82806070232074,44.45526813136257,0.189615200977561,65.2283637038099,0.441485293730745,58.51751409874102,0.521692595974729,24.42759166649665,0.1782451180557263,161.93194013023202,6.639795849471171,65.20094255366016,32.52212920229099,65.84349984894952,0.6700781653250654,35.183868652771274,0.2269226166378637,24.60348388300613,0.1401404266010338,15.423828698058625,0.4506798367200587,14.28439318720008,0.1857949821353158,26.632847743752592,0.4531671785066312,40.313043510315474,0.708789645558083,26.024350386885025,0.452207893645935
5,1,5.0,20260116100117526,5,是,是,129.8,base_info_20260116100117526.json,,79.19235701683039,36.94533881198363,188.02971179294357,22.568915275284592,225.1983523458293,94.4905319295801,216.4071019319809,87.27857179489253,101.24627905186443,34.61500817111316,98.29868498091142,63.4884393782671,160.13812823744567,108.40632435102978,177.59341642604028,0.281361566409429,41.54114811055401,0.1906134340241664,102.66303488844063,64.47473022084539,179.63473188387556,88.37013710105354,79.98560643546978,99.1919696154531,153.97295423941569,113.4712724830017,15.058035727080693,0.2291916352871542,31.21898776109922,0.2879773020120152,30.57392487294545,0.4554245051378869,47.52022723877128,0.4161008167918934
6,1,6.0,20260116100127142,5,是,是,104.6,base_info_20260116100127142.json,,,,,,,,,,,,,,,,,,,,,,,,,,,,,,,,,,,
7,1,7.0,20260116100131551,5,是,是,113.8,base_info_20260116100131551.json,,,,,,,,,,,,,,,,,,,,,,,,,,,,,,,,,,,
8,1,8.0,20260116100135061,5,是,是,140.8,base_info_20260116100135061.json,,,,,,,,,,,,,,,,,,,,,,,,,,,,,,,,,,,
9,1,9.0,20260116100138156,5,是,是,125.0,base_info_20260116100138156.json,,24.48043682243821,0.6238520270927786,35.54804541961032,1.3333955474587906,126.4003875166128,77.53668549662773,224.3457648333908,20.102992056277653,64.24914253816179,1.168491936689771,56.25351813477347,1.1178261088086705,27.38769282487994,0.1499016573593474,193.7341009794689,21.020170277582785,134.1746719748163,100.38355137676176,205.9526984338808,17.090090122821728,28.984770167996864,0.4370779017033837,31.70724804932879,0.2222147168025568,15.915755611774443,0.1837411332044198,15.959756533633788,0.1526680034039876,33.61775399685667,0.4116833793948483,32.28394704226737,0.4454676987138986,35.942961847586595,0.1708623965650338
10,1,10.0,20260116100146416,5,是,是,109.0,base_info_20260116100146416.json,,38.37769127356695,1.4646382833912943,35.13629621547684,1.7671426085453792,213.7897432993221,46.69330505262978,188.81205620630573,39.38845299564309,101.54101854201612,32.657503400522955,109.18899093055968,45.62361880211522,78.40138976688374,37.53044074614746,231.88331831342643,29.36085266143273,33.41440316998661,20.88811154091937,102.58169506978932,78.40666738930427,77.62124385910322,38.81373452656909,46.285870312841446,17.766816593944938,14.261605936323615,0.4949160300322088,77.14254342061216,39.393621626760925,60.5970402177207,36.953225859760224,42.092608324884566,13.0369334634118,30.179021423193888,1.4284163330071669
11,1,11.0,20260116100151841,5,是,是,132.0,base_info_20260116100151841.json,,77.47068500120228,34.28482408919923,31.93024848940144,4.04519406857938,122.45124224485828,4.092129957859756,111.31728161105336,58.455863200581625,79.22692589888342,14.553593809439368,90.1651217854952,44.32969538920821,130.06220132631978,41.60746496857833,183.72264382016692,6.775811932445893,72.20826395900687,40.528342706700855,104.95085699377049,60.10992577392356,54.57198120748999,40.61427660253833,81.13847868417363,66.74437335332676,73.76654796596269,76.19510384161467,68.06947553984148,49.48339807373731,60.15790223412503,29.37652869037242,31.9203808173122,1.171527814113947,85.22682480712989,38.80930973987105
12,1,12.0,20260116100156710,5,是,是,76.0,base_info_20260116100156710.json,,,,,,,,,,,,,,,,,,,,,,,,,,,,,,,,,,,
13,1,13.0,20260116100202313,5,是,是,143.0,base_info_20260116100202313.json,,34.01328681341967,3.583166461877287,42.67806231689854,0.8269838650362293,84.06912237043998,45.166655336536536,46.834176399652094,0.3016415416629155,73.23228905174032,0.2176924637950246,70.485592728628,2.464132210292512,100.94352533237138,64.48420149968864,180.22995696824188,8.743195869717242,88.0950416298027,41.35706204654978,76.74280219045637,0.8668077793016018,38.10648739140738,1.7490843114923234,28.71992836146604,0.4321852702991756,14.94212264708447,0.8461040656476083,95.43371979216565,68.3570575919106,98.65215623076156,62.82666585936629,39.61292839148493,0.7304215618492111,44.47723371208732,4.460542986703854
14,2,1.0,20260116100932204,3,是,是,117.33333333333331,base_info_20260116100932204.json,,,,,,,,,,,,,,,,,,,,,,,,,,,,,,,,,,,
15,2,2.0,20260116100936940,3,是,是,128.66666666666666,base_info_20260116100936940.json,,,,,,,,,,,,,,,,,,,,,,,,,,,,,,,,,,,
16,2,3.0,20260116100939659,3,是,是,114.0,base_info_20260116100939659.json,,54.81620679301784,33.28481729262881,36.80237670680214,1.5598509771741704,96.92245069012152,40.82735779843822,167.69932562886314,42.67260213142886,79.47801389773413,18.97395471023898,60.9139622238863,24.535785301558327,99.37364590939076,75.01001697922774,121.30318415357816,34.96365176743259,99.5392726095708,89.16744216086197,87.47232751009163,21.57926247155426,54.4214015789583,34.30851834057776,105.2653339234888,56.62717449345723,137.62861961413492,26.36368451778474,59.73221878849076,27.9938985856156,47.67450139510317,34.752989404296244,67.00898423172717,45.80215661041727,88.20500546985677,43.98176804206591
17,2,4.0,20260116101003298,3,是,是,133.0,base_info_20260116101003298.json,,40.37481529609534,0.6565275939169463,36.32901331691111,0.3112323619372721,39.6866925016145,0.8547201500929393,46.5544047577474,0.1208213803562803,73.28977414731851,0.1702653086230754,66.71167647070153,0.4246968045619349,98.86462444044442,117.6093333581026,173.97506680361434,6.466375925471712,48.33791862246654,0.6797306447922833,69.04296709533622,0.2723720694715683,39.32751516076979,0.3264795411231382,103.7625959294032,107.8018459705022,104.46743271434578,94.37198149549089,154.02260728910713,90.25393103501804,179.95990336790547,108.18244193282403,40.612743988113046,1.3500509194124355,38.16266925170131,1.4747429586815184
18,2,5.0,20260116101010568,3,是,是,126.0,base_info_20260116101010568.json,,30.014293132541493,0.8083732334719278,104.19997038624126,89.55247626728021,132.4193529984896,99.42663711083564,137.959009644624,40.94187604269809,193.5293484942915,52.07271748040416,217.61944289295064,51.97046969897585,252.12810609410428,0.812801097498922,169.85868766830473,6.972259167372499,111.80312788853286,23.39346648281618,106.65082285959645,21.55760193828414,207.515458596086,53.72591972302072,34.13886298555922,0.2860363895276099,14.207106471090198,0.2446056630130934,250.0351975300234,0.7763246657560904,118.56875156347536,83.59560412655281,136.02158155523975,73.91177765197696,48.65422305832302,0.2966460013897512
19,2,6.0,20260116101014845,3,是,是,88.0,base_info_20260116101014845.json,,,,,,,,,,,,,,,,,,,,,,,,,,,,,,,,,,,
20,2,7.0,20260116101019186,3,是,是,119.0,base_info_20260116101019186.json,,47.60053137414824,0.4088568876764578,34.80858548324332,0.8014116914874744,109.17120210833882,27.413425832627677,172.11797421556074,39.54874595859314,101.27182891332812,23.991274189475057,118.14087066371472,41.294643587549714,88.45400676961908,69.63336830100741,175.74597578940492,9.658216315736654,71.01543438657008,32.41629879520697,84.2541848595176,44.63050910719057,97.39161048064602,58.47705928591106,44.69608723126189,13.579161207027132,97.40298591379572,71.32594545884506,54.15134299430738,53.20509387157993,93.70667854014545,49.57634718114368,62.27355998887515,44.076854270706086,27.89648177921117,2.667736418226588
21,2,8.0,20260116101023951,3,是,是,97.0,base_info_20260116101023951.json,,,,,,,,,,,,,,,,,,,,,,,,,,,,,,,,,,,
22,2,9.0,20260116101027977,3,是,是,157.0,base_info_20260116101027977.json,,,,,,,,,,,,,,,,,,,,,,,,,,,,,,,,,,,
23,2,10.0,20260116101033101,3,是,是,82.0,base_info_20260116101033101.json,,,,,,,,,,,,,,,,,,,,,,,,,,,,,,,,,,,
24,2,11.0,20260116101037534,3,是,是,135.0,base_info_20260116101037534.json,,70.18415339962054,56.58972670667757,34.22200683799488,4.605528665860006,97.9447905280061,42.25277130366851,131.76919147749155,5.857209714353522,72.26092631961818,0.9927604360081504,105.72487719562685,51.12626866525533,135.77365297401445,88.76054947834355,192.92826630633525,12.016933123797369,64.6120280190407,62.6265480335401,148.3028106436367,21.47428197895725,36.93758973451303,0.9563369674925262,134.1247178623032,89.03344102773124,132.66090622119916,98.26243371113584,25.63568770678326,9.051164590317123,28.91938132525665,4.916178166632765,40.605711902417205,0.8251972420864591,82.5742361419971,51.652922331179205
25,2,12.0,20260116101042542,3,是,是,86.0,base_info_20260116101042542.json,,40.18159314519594,0.2156366284714167,35.9578717408624,0.0528074722005273,32.39353471478993,0.4143835705855917,42.31677372639856,0.2954447183732528,98.98829515123116,49.56557612802406,102.10026232329204,62.889769404991576,23.9402980578782,0.0573136848939519,159.49226613366923,1.928973253794776,41.57402280473122,0.7220780639099372,109.42704687929366,61.65263853933357,82.98876138249562,73.03613855957886,25.593429661032683,0.2268111801817448,14.36055257978534,0.2612655822339857,15.466738219090397,0.10007433340866,24.214364162429707,6.153480596427404e-15,31.826106824097707,0.2959381021564662,25.13868212277332,0.190715173145039
26,2,13.0,20260116101046477,3,是,是,130.0,base_info_20260116101046477.json,,42.26602484886083,0.2228100820231072,30.76765401291011,4.128923749440348,229.96230237324508,20.172441469252657,132.19914433725134,62.09989657542575,161.57923503763686,69.79350789293468,177.923482403079,80.14710552841339,61.37364613648611,48.61148641813976,238.84158692959087,10.982922098256925,103.4514429791336,60.78808679567216,94.26667377730276,47.93634772302738,154.8811823937708,60.87799873242132,85.05744463305027,21.573970687551007,54.99580688101296,53.356410484116886,16.09600285237463,0.0506568947981224,26.18929217198533,0.0980702453990378,33.83082757529178,0.0485522206797639,28.093440695531232,0.284174862188816
27,2,14.0,20260116101051735,3,是,是,133.0,base_info_20260116101051735.json,,34.80653913642173,6.176840697579085,34.938957156927785,0.8994946523023921,108.34586148941317,99.1708206652282,43.638937293174216,0.1869345062906971,101.3584199309339,42.67480802556847,87.43916680614207,26.01827343290339,99.7617617820378,24.77309370847848,205.33097847004703,38.4627766499206,105.57986542933952,84.75601195440109,103.54829815259222,45.56325052129667,83.78807727589057,69.94698413576748,80.72160504411345,75.34167429741399,77.27786183858146,88.8483041036115,104.19683926742816,26.29124662550877,61.68201204260318,36.70692949867225,48.116150234488565,17.718610684581424,54.780455881968805,11.213192529998844
28,2,15.0,20260116101055993,3,是,是,153.0,base_info_20260116101055993.json,,,,,,,,,,,,,,,,,,,,,,,,,,,,,,,,,,,
29,2,16.0,20260116101102206,3,是,是,117.0,base_info_20260116101102206.json,,41.4504825155299,1.0748753259744008,35.257436581144965,1.4154390000495327,38.80301488540957,1.2114589583350408,45.62756780123657,0.7234044389111067,68.33937861011974,0.5148021249127194,59.77894988182053,0.1373569922433045,26.046224369086417,0.2368220113295513,173.86264964193322,0.1197708043773057,46.52036381598969,0.189238370399948,69.55616144154794,0.2889232980966446,131.2155355897909,38.96979395504695,139.77046007986294,39.41583814116196,16.064344407228496,0.2757244462990594,15.736314036958625,0.16542746067375,26.94935336362768,0.3358167389333992,33.29050883710704,0.6755215290242412,24.237509119464587,0.1244459030580166
30,2,17.0,20260116101107343,3,是,是,161.33333333333334,base_info_20260116101107343.json,,,,,,,,,,,,,,,,,,,,,,,,,,,,,,,,,,,
31,2,18.0,20260116101111032,3,是,是,116.0,base_info_20260116101111032.json,,41.97157895696433,1.6892255015262874,34.49334059902634,0.7422395533228429,132.11806393425056,65.32073116646194,205.13402197275528,49.746488932915845,164.01129943044566,72.11951821107324,181.2346047068971,84.09734038565381,40.39481243618792,21.89121608688621,181.04082837949773,24.38933158673403,79.05814079126351,76.3433456239347,104.40662790552685,78.21071347499895,167.86368677069376,99.22959453388924,45.46157569127477,15.413779753122803,33.29876747213213,26.089431394290017,15.005905042546615,0.6864936340725513,26.71904506178662,1.2378303541475166,32.236970662836576,0.1004264155706391,26.959670243924972,0.6519343859969993
32,2,19.0,20260116101115262,3,是,是,140.66666666666666,base_info_20260116101115262.json,,,,,,,,,,,,,,,,,,,,,,,,,,,,,,,,,,,
33,2,20.0,20260116101118457,3,是,是,140.0,base_info_20260116101118457.json,,,,,,,,,,,,,,,,,,,,,,,,,,,,,,,,,,,
34,2,21.0,20260116101122163,3,是,是,60.0,base_info_20260116101122163.json,,,,,,,,,,,,,,,,,,,,,,,,,,,,,,,,,,,
35,2,22.0,20260116101126780,3,是,是,100.0,base_info_20260116101126780.json,,,,,,,,,,,,,,,,,,,,,,,,,,,,,,,,,,,
36,2,23.0,20260116101134942,3,是,是,189.0,base_info_20260116101134942.json,,,,,,,,,,,,,,,,,,,,,,,,,,,,,,,,,,,
37,2,24.0,20260116101140131,3,是,是,157.0,base_info_20260116101140131.json,,35.76350683442536,15.593541907025426,28.80503438257052,3.660141058579129,38.71714815590102,4.392827978301452,78.18465812312976,38.49217236408025,82.445324289917,24.6971491000378,89.51058350333608,24.23069484532127,121.7951219071498,50.75384086218137,189.43573091644183,44.97366576678256,86.6492266737226,32.60123385107749,61.19284825888735,19.542244698592945,86.6565776211874,22.62585696838822,116.32065252537495,37.57205255772403,57.09971256257725,30.78086518198258,112.9059500214867,47.31643556706272,88.90393821791736,47.74762362642705,34.767713154752634,1.0324906404754233,50.80956160107348,14.40127131968313
38,2,25.0,20260116101143967,3,是,是,145.66666666666666,base_info_20260116101143967.json,,,,,,,,,,,,,,,,,,,,,,,,,,,,,,,,,,,
39,2,26.0,20260116101147138,3,是,是,125.0,base_info_20260116101147138.json,,30.36958674262628,3.559704639113033,82.55428103390456,66.51486647433234,161.07460284831086,83.45322300516011,106.76180919953208,70.80765316293424,70.03073465925428,0.1356552454118538,67.35472079713657,0.8141330302187437,24.446470956189035,0.3924285519844245,186.4653016698907,47.002923478422815,132.49405397928314,79.8546312951902,67.16421203859062,0.7296228865820333,36.118066466745006,0.010646817619183,25.839372514643355,0.4446371306158872,20.972903048393,8.98998132115722,22.82696883841851,7.279526364112992,77.740264944847,53.82782850313082,70.76623617792413,48.59295237550863,43.54464285932983,2.756011823902426
40,2,27.0,20260116101150695,3,是,是,101.0,base_info_20260116101150695.json,,,,,,,,,,,,,,,,,,,,,,,,,,,,,,,,,,,
41,2,28.0,20260116101154730,3,是,是,79.0,base_info_20260116101154730.json,,,,,,,,,,,,,,,,,,,,,,,,,,,,,,,,,,,
42,2,29.0,20260116101159134,3,是,是,95.0,base_info_20260116101159134.json,,,,,,,,,,,,,,,,,,,,,,,,,,,,,,,,,,,
43,2,30.0,20260116101202995,3,是,是,311.0,base_info_20260116101202995.json,,69.47612249395361,47.97389094983823,202.8773026863412,9.572716411648052,263.1024575846537,7.522985984533499,4.927071032223847,4.736857233571022,207.57422321422575,3.8266213298080944,146.86032707628172,52.16412782492383,180.6068166820958,125.02263282029504,236.9850888430589,4.518388761168378,267.8118372988472,3.0265676426960653,1.769042816982718,0.7881923286712241,247.46170038022896,4.016709059698844,107.87877776044142,89.95917304683286,88.73664359196452,98.5168316926053,253.1257519346964,15.87685396870107,150.9435782690037,58.21371339530066,57.57731544712238,36.87716089669545,91.89698484033764,42.58629354300357
44,2,31.0,20260116101208034,3,是,是,198.0,base_info_20260116101208034.json,,66.1755677074842,48.60559295790668,108.14541460700832,73.54413163740391,50.97754975095652,37.16272277872496,123.08783247416848,63.23419321169843,197.1826147264485,12.48081197163012,159.56180931171107,74.34348135467616,237.61536600765132,18.87945585148885,114.99921504281106,83.81919854257514,136.45184834826082,88.40734312981303,77.18657060920137,58.99640623696553,106.094803156744,90.98242813112694,138.44388070904148,92.17164258581548,119.04922336247188,86.18181088411349,132.22688486789158,94.32546958634204,241.22752707838467,12.69077466903316,43.95203606260369,0.888694951639937,75.81490328925705,50.359008106399
45,2,32.0,20260116101212543,3,是,是,111.0,base_info_20260116101212543.json,,43.63274983394653,0.1839379385492149,36.45946487103441,0.4298343962773627,38.76371521779228,0.5259641067713037,247.973444916577,4.866026167555077,116.6225442147534,69.18408540511446,119.82755620862169,84.33412846138799,208.0880148444612,58.74973863960415,173.68938722211405,2.748786904477742,245.7335402619633,10.058438832576742,163.9960345996781,112.35038091185832,101.61584679222244,94.78526439244676,242.2080175682728,6.39240812672275,252.3196026836793,7.02840464426072,53.31599003609733,55.08843838386122,59.30457316487156,46.20595752438887,32.520203786666826,0.356231329640195,25.86962306019853,0.4422829009117274
46,2,33.0,20260116101216538,3,是,是,117.0,base_info_20260116101216538.json,,,,,,,,,,,,,,,,,,,,,,,,,,,,,,,,,,,
47,2,34.0,20260116101220775,3,是,是,122.0,base_info_20260116101220775.json,,39.33238595366567,1.981412797626824,23.443640696323797,1.363175198319889,41.88367282622331,0.2707668863170434,44.557083390200056,0.658098103402327,120.49603064110576,69.89272575502288,123.29654740747648,86.84682991301527,264.1531819774141,0.0689892668559366,178.36201344252484,2.5133389588109893,45.38473810632493,0.4451967520732082,129.29630990986502,84.66022567135565,109.19969163804905,103.12019090658296,29.659599157223397,0.2040745019658209,13.321232115148767,0.1428285583348796,265.0632031255218,1.6709995059868514,254.32945267212224,0.8991294145861243,37.88145856485985,2.994441764668751,33.49249270844894,2.5754898283690357
48,2,35.0,20260116101224551,3,是,是,99.0,base_info_20260116101224551.json,,,,,,,,,,,,,,,,,,,,,,,,,,,,,,,,,,,
49,2,36.0,20260116101228578,3,是,是,111.0,base_info_20260116101228578.json,,,,,,,,,,,,,,,,,,,,,,,,,,,,,,,,,,,
50,2,37.0,20260116101232659,3,是,是,85.0,base_info_20260116101232659.json,,,,,,,,,,,,,,,,,,,,,,,,,,,,,,,,,,,
51,2,38.0,20260116101236863,3,是,是,84.0,base_info_20260116101236863.json,,,,,,,,,,,,,,,,,,,,,,,,,,,,,,,,,,,
52,2,39.0,20260116101241041,3,是,是,79.0,base_info_20260116101241041.json,,,,,,,,,,,,,,,,,,,,,,,,,,,,,,,,,,,
53,2,40.0,20260116101245444,3,是,是,77.0,base_info_20260116101245444.json,,,,,,,,,,,,,,,,,,,,,,,,,,,,,,,,,,,
54,2,41.0,20260116101248809,3,是,是,95.0,base_info_20260116101248809.json,,,,,,,,,,,,,,,,,,,,,,,,,,,,,,,,,,,
55,2,42.0,20260116101252782,3,是,是,123.0,base_info_20260116101252782.json,,38.33212099931959,0.3742384995200609,33.99108814317166,0.019724863940095,39.54330409072967,0.2385863483489017,45.01296750008984,0.4820151584512827,218.30976786172545,2.8994932921550065,243.28995902378705,2.6330809832883264,91.90967408260876,65.83310155077253,179.11803697219895,1.056334244383792,45.47144903422023,0.4231332545633235,248.72248340567057,1.068558555204698,251.32051352712463,0.9273606839427674,29.328552542478292,0.2889477592452437,14.962249328334394,0.2440024132565059,91.23130795582578,68.0665547410372,71.5663162531468,61.59900707415067,182.41987050185216,54.326632089804825,191.8262779412107,54.32844459745897
56,2,43.0,20260116101256946,3,是,是,138.0,base_info_20260116101256946.json,,138.230899249274,71.96644752915846,34.49270116132194,0.0810859831066528,40.50958452360391,0.0675027819493112,42.67731966135875,0.0800313892519894,170.24835507304542,66.7470122376346,128.8640087922009,88.99857430513963,193.57358395330195,87.45419007056768,183.41243228636537,8.396128476435607,44.61005862272483,0.2864209483607915,190.28688187120665,81.08302317539831,180.9421344730067,102.86900110778323,30.69137135894445,0.3321216446785412,117.14332820498326,53.55452305422176,77.07539868581391,35.19204762671983,166.8194923167282,86.59362023563348,35.05151611997981,0.1036448414748123,147.18961895491722,72.23285981425269
57,2,44.0,20260116101301129,3,是,是,124.0,base_info_20260116101301129.json,,43.904028891796685,0.3457881924562754,38.02203837078369,0.4881303077339228,148.09489993864773,76.86982351175332,248.35838454956715,4.2677159003099945,78.32394722762577,17.658374308444177,92.22351404453892,24.99678108681485,260.3099619008645,0.9806550377382954,211.75953393376332,22.26297217812716,117.40927071538222,95.50595009084232,171.51610947478605,36.49022085506549,76.3485178671781,31.92397645568344,243.99367641577035,7.684919479318376,258.70075570745684,4.150388040506609,14.8084064935423,0.6998209716846557,77.10950267913927,61.79099256596576,68.03387058440784,50.48350412943125,28.996002933390237,0.9290574801486524
58,2,45.0,20260116101305769,3,是,是,80.0,base_info_20260116101305769.json,,40.25963028969161,0.3001318834308983,30.600741054482967,0.5936365419110764,242.8027354792484,4.391638071260519,242.02114853356804,4.267221331701684,60.21460060976792,0.9124696906399032,52.84412817142974,0.0922429066055095,253.4263387874083,3.9588602139297,247.6148709068925,7.61104425734063,1.3429666061079857,0.3308011054150316,234.1739719063776,3.0338865550389467,34.892762432033834,0.7335464998612286,243.3482277097164,5.215492590888289,247.39991473509815,7.51344563852068,16.634740081734705,1.298287314369012,24.070565428005608,0.1921369358176209,33.166752158403064,0.0786117574838313,20.935129021159565,0.0104949464354323
59,2,46.0,20260116101309487,3,是,是,89.0,base_info_20260116101309487.json,,39.673307742052856,0.7025534399139277,32.51003868734385,1.0345489618488883,66.5443245039109,40.94148310827379,196.4493510071701,44.35050493482212,64.41492713515161,0.4930997052298333,56.01914741118463,0.7187870917073477,249.8869962147162,5.557382200218556,171.26303295309606,4.016649266787598,159.69522893462187,59.18004556452419,194.73611878629436,43.738781006621785,33.340551701024445,0.3343813132928735,242.7708036257626,4.308286642420953,251.13625045437752,5.168525588944905,15.09194140990713,0.3966041488097984,24.590890320199406,0.346945635234584,32.93747390456564,0.4695367772380483,24.30940064956293,0.2858070880095102
60,2,47.0,20260116101313867,3,是,是,77.0,base_info_20260116101313867.json,,40.429322951129805,0.1978331608896837,29.33579482282387,0.0713153667169894,113.94002288375714,93.37418425534044,178.98823579498125,95.78936872538291,61.77403536983014,0.7932732163958973,54.15512881496775,0.3889750814907674,255.2233237553128,1.34051415892461,189.2249248990671,47.01905545376648,78.3887109819071,82.7481273975004,182.2692271905751,85.65237192849037,30.972894765916973,0.1901731388185526,245.6429349046194,2.165063090583885,254.8317534475017,3.0909520789442366,14.770613376436309,0.1614447378246809,23.46074967836596,0.2944516720316139,32.789150284174944,0.1062317958708829,24.28911705051624,0.0160578668718091
61,2,48.0,20260116101317965,3,是,是,107.0,base_info_20260116101317965.json,,43.03653044817838,0.4355847078982119,35.09395820195508,0.5125616625080937,113.71386421113878,94.84862942560667,250.0116352863156,0.3571594199372834,130.88468115291167,64.84107950940809,143.638761830462,76.26828826431363,257.84081494464857,0.9835392737442356,198.34626877200176,39.19875540008866,155.83127127524656,110.43311257698804,123.50014708965604,99.98501796978952,134.70877887204867,83.9392491264312,247.43004790615905,3.138122707599844,258.3028645817894,1.7598430799878002,15.36209736668755,0.2626307433731167,26.56715365453354,0.4876018592507994,33.59775761337544,0.1097373928202125,25.497779576182506,0.5990158430631874
62,2,49.0,20260116101321129,3,是,是,106.0,base_info_20260116101321129.json,,42.68909453584829,0.3596272135032569,33.01574605135565,0.6229153388706496,241.7400380654008,2.597140387901781,45.45579924397084,0.168200479342031,91.76318927654738,35.93449462673757,93.94543173715624,50.26382731416966,240.3231304940651,12.87306924478083,245.6858508755533,11.076994496832985,237.3130738200417,5.084571828186906,98.70959430132,44.87877097454301,73.03207418136539,55.902540433496085,233.8304815693364,14.396622862255574,239.1089709896156,14.891546639600682,14.56267634265429,0.4616382801310221,22.575729299588275,0.8404366414252079,33.9287302300749,0.176158112569584,26.445461469654784,0.2895484206215117
63,2,50.0,20260116101325142,3,是,是,83.0,base_info_20260116101325142.json,,38.60817453900814,0.4127193129193754,33.64036293843768,0.2629008706972375,253.07468040961285,2.1703693290178707,41.18201262241196,0.4866853213882124,222.749380821979,3.242190260405588,242.97575300919704,3.674403669397453,22.85807176396932,0.0966141262401436,245.30141727386976,2.34923019191039,251.48144425509244,2.5969006078083576,249.4769043052032,3.664921954453268,226.58312654374384,2.491063985392901,27.450235569611504,0.1034048224095013,13.620880138626768,0.210023662821585,15.691343645253156,0.1915791959755171,22.278704211814105,0.24650376252261,32.723186470036204,0.2449984475512493,24.21177955339172,0.1634123418439088
64,2,51.0,20260116101329567,3,是,是,73.0,base_info_20260116101329567.json,,38.72712610523404,0.3771303027309992,26.404706676051195,0.9257705393705554,34.23010881446269,0.6050472014990024,137.06425100854642,82.60807397690711,114.75858491163952,72.1973047795503,114.64739578986452,87.03818987811479,257.7275890807109,2.1687048519464285,151.96770482606834,1.9514137813958572,138.24923813365425,80.86285179995079,205.50572395436132,51.27111981607092,98.72245450987845,101.67127320313644,249.73130959545583,2.570568416204856,258.69541529794327,1.828856961075321,14.278105329580969,0.2307317892058804,23.79824733725098,0.3532810181819376,28.25217266809088,0.3099368102463783,22.10079024273178,0.507551853534183
65,2,52.0,20260116101333651,3,是,是,120.0,base_info_20260116101333651.json,,35.407809055823,0.4574785494753942,37.15161979772635,0.0761048451650067,38.12687690752784,0.5047708935223028,44.11421175994368,0.1280544985922613,69.65336665453391,0.1096295617719772,64.93589411336653,0.6602559344675764,46.14175696874171,65.25429849691781,179.22536186838468,0.5341723333380844,46.93974382928223,0.26500146571669,69.87235332102453,0.1792431438716988,35.29239425083972,0.2238256261485221,249.12141089427325,0.7990784899391273,255.88212423057576,0.9140086807120968,209.9305933229804,65.89751649266329,199.25587383774052,70.09657298546746,33.56670215077766,0.7615996089196689,38.517565507622855,1.086587643210832
66,2,53.0,20260116101337419,3,是,是,123.0,base_info_20260116101337419.json,,33.49748603467013,2.370968594672265,26.199120620111312,3.3115348846360155,44.44703576441231,11.068596198747954,221.10651091899132,10.007432032288929,70.1952029157755,0.099587165581912,63.95546486180907,0.714760604889,206.7718907192392,55.70253109772447,173.27785440704176,5.194135423006189,243.01775027781505,10.703899908887305,234.7757806954455,4.904051670978991,37.10212143141932,0.2224015489799935,27.39696701527044,0.7849399734294791,35.64487406841938,29.66028789164005,183.7900551955632,51.839213992801454,201.4701860293,54.41591640619551,41.55207694081261,1.970888335035889,38.039012348586425,1.0563512715769718
67,2,54.0,20260116101342033,3,是,是,79.0,base_info_20260116101342033.json,,40.70745503647194,0.9761423139334896,31.45522433753349,0.1778600070746424,230.6686395154393,9.549167783905428,245.3442187560631,1.7255382487716937,220.35969670237728,1.631529442276872,242.78558662411825,2.6437252534485296,115.2501960652155,95.05680994388992,241.8005173956417,9.23225999155432,14.86051595801873,7.929734726185711,1.336423525214511,0.2802545597466975,244.48693392019345,3.291477688634276,108.15920052268898,94.26236250728066,114.52105807804088,96.3927800560831,14.432102587569169,0.1159638085718815,22.25288054519063,0.5069724134087854,32.55943324169615,0.2065068579480358,22.86781086261745,0.18161480867418
68,2,55.0,20260116101438887,3,是,是,93.0,base_info_20260116101438887.json,,36.34819056623888,0.4146121176243421,28.07794766375221,1.259928631646994,36.58190524901383,0.1279131366811516,42.94080768479146,0.6292097273204512,70.53854205908893,0.883995477447793,59.953059157813264,0.5857090511546066,184.29440152372757,109.26953153830752,166.34204341807322,1.7912643233795122,46.67471802307308,0.3130984019918702,65.93185450520744,0.8955188547246639,33.90630933712291,0.0914960664669779,26.686941735938664,1.0229012095317669,12.734877219942051,0.5840539472493684,181.29719822932412,112.0728738934732,175.65003096102967,107.26849566318462,34.41477270746881,0.5354096332104687,28.431989574717026,0.4005928602854438
69,2,56.0,20260116101444370,3,是,是,94.0,base_info_20260116101444370.json,,,,,,,,,,,,,,,,,,,,,,,,,,,,,,,,,,,
70,2,57.0,20260116101447736,3,是,是,107.0,base_info_20260116101447736.json,,38.91333300857687,1.2976105217561145,26.187238837749877,3.130221527242615,62.7425750361247,35.65074127200306,43.3291926997176,0.61702533223335,90.4157150612151,30.37689113205069,93.52753527126458,46.16077427272653,243.4947605043868,11.094202761164627,171.43101967228654,7.525043924681789,72.6551343420907,36.97330271250775,97.04568878906122,43.94804371216745,77.19323954151972,61.10681920159259,25.11201715313541,0.8411040093276407,12.960155173644168,0.6308333372650243,246.10844631950167,11.897271436743644,239.30367839113197,9.86152590137504,31.816459273004654,0.6836340230026964,28.884479448779636,0.2875255910551123
71,2,58.0,20260116101452506,3,是,是,105.0,base_info_20260116101452506.json,,45.44831356563214,0.2935620609954799,35.216318582830404,0.0046840429062308,246.23352552783132,1.7441145312805206,48.70677306691282,0.1247887619533685,62.75839832268567,1.4461754217581717,61.40829553155282,2.827716105090241,25.03130770565482,24.21069272380637,269.47559902184605,2.3938703880577936,241.73462265504432,4.02996923747169,68.81224356611372,0.7417915724972411,44.45506199752719,4.217143497852667,249.3252766267221,7.107890144515148,264.988760048657,5.443483887222283,241.48440379386167,30.923631508720295,230.13878742966392,29.764332592612888,34.673306736634224,0.3519987921868593,25.61292686772713,0.3475769255460689
72,2,59.0,20260116101500989,3,是,是,138.33333333333334,base_info_20260116101500989.json,,27.56522504801067,9.13372858066001,39.225165724418815,4.076016791260483,57.27195015246631,27.635328628529173,183.28310031764025,46.67818410076789,117.01482330733428,40.41607366732946,122.41791313696748,40.57681081388439,74.60086174150537,36.58844531557988,163.62516733196722,32.60195137931081,160.17318859150575,28.167792773676545,94.91876600372495,89.94243481689533,115.50604146764776,61.657183573187766,116.16532910417637,58.879429642834914,46.5756933251557,49.3841129545586,37.58266643634773,21.873562057347616,78.24330675891855,60.4425525779511,36.603922217832896,0.6334900642643377,35.94219276139236,4.401368664819825
73,2,60.0,20260116101510414,3,是,是,112.0,base_info_20260116101510414.json,,41.009571798310425,1.14536010463108,37.33712960864698,0.6870305432602549,98.032802851796,49.49016420919974,184.5463562197648,97.61428869782006,116.65959105859989,75.04584979225947,126.8830846416126,82.58170378751623,91.56308511905088,44.03775369140462,148.7543255340841,21.424932477472524,102.82266037309842,57.83127402684722,86.01975384932551,77.28324541980305,43.09664574925397,30.10878345021805,68.58342141446951,32.00170343842113,35.86606826448988,24.22479795124593,58.80056748205158,52.43656161003965,27.51602402098651,0.9575170447498108,34.815355402088635,1.607142183337488,26.637359574543552,1.8329439480723857
74,2,61.0,20260116101515483,3,是,是,82.0,base_info_20260116101515483.json,,45.10625446705899,2.588491972635912,34.46627660846175,2.9662634060458686,66.92968966575324,41.12562251689149,207.10088430540773,55.40809712607687,165.82270843297675,70.56043596633222,178.26026384424054,86.78558884164305,51.75024607785474,20.490349973619864,158.87447674022442,3.9616097975230673,172.7029208806932,108.16161507379252,47.35340313946796,59.744370663740376,200.81084663233307,54.21418673960383,80.21822496026503,40.103582458222576,40.118254187882016,20.69954248353532,16.542381202923544,0.9961843491189556,21.629633731309152,0.7336892310489004,32.33479872361311,1.2219198977695724,21.867011085949613,1.961491617104527
75,2,62.0,20260116101519296,3,是,是,114.33333333333331,base_info_20260116101519296.json,,,,,,,,,,,,,,,,,,,,,,,,,,,,,,,,,,,
76,2,63.0,20260116101523548,3,是,是,122.0,base_info_20260116101523548.json,,,,,,,,,,,,,,,,,,,,,,,,,,,,,,,,,,,
77,2,64.0,20260116101528426,3,是,是,168.0,base_info_20260116101528426.json,,47.99331791449858,0.1440888541779837,39.089964223361015,0.0125446461128285,242.41083307455065,5.816514258548224,52.17156804559647,0.1545279911178861,204.0708884506128,3.021589899435089,237.6546884813603,3.001072595220616,108.61974026406772,111.40416262771846,271.774373287464,4.174359015499394,240.9823945630048,5.336420664233691,234.0078296786569,3.507385651181412,249.3559643085293,3.2541089115737223,101.85017607170111,106.2348427608086,100.71750349101389,116.89513617206636,17.421573676510874,0.3512506130068045,57.07751584767973,39.46868922492632,52.53855301579006,20.68635708225804,32.877602022044314,0.323648727903405
78,2,65.0,20260116101533997,3,是,是,167.0,base_info_20260116101533997.json,,,,,,,,,,,,,,,,,,,,,,,,,,,,,,,,,,,
79,2,66.0,20260116101537909,3,是,是,123.0,base_info_20260116101537909.json,,39.95838913929384,0.211586005495681,40.72993790341649,1.1223719350569363,105.43055554878822,58.42468720743745,241.31082379592783,13.113507281465733,88.29195383019491,22.833950231616114,98.12065817386338,30.09887117469905,102.60747229633762,63.00264053524523,179.19659655392604,12.835739476781669,152.02190208462306,80.79047104348855,159.5472605823144,62.38973042841392,76.5984769955789,36.74658178323405,31.116033237566487,0.3932061014662708,18.23834341620407,1.6331632823411024,101.74425928368032,69.71963889687053,96.44140658557734,60.40754474480703,39.36607893315051,2.1907107758297744,27.001065979816698,0.6421359954146091
80,2,67.0,20260116101541297,3,是,是,127.66666666666669,base_info_20260116101541297.json,,31.02543986817181,2.7280223727312123,32.60652521475797,3.559045132786248,68.02454507766156,38.80036612793403,49.73814036122187,0.742565559467349,130.5629992943976,36.603583183027816,144.97192901149103,37.2974461567411,59.87790223254029,48.95318387124265,174.98727957021606,2.62337559330404,76.62070204448223,44.25895106600655,172.12079771074318,38.4986499438006,126.2556192179282,39.231165926352666,78.58269122687459,27.56295570854988,54.154368977763774,53.9611659378892,14.045053240808054,0.1370743092391458,62.86975358909166,16.479439637688202,26.028026598879773,0.916631987332939,44.34532796147096,3.978551613551952
81,2,68.0,20260116101545308,3,是,是,201.0,base_info_20260116101545308.json,,58.46029107269752,0.2485054574203228,40.06690916448117,0.9532636716637304,251.77848438740045,1.8214907549798465,250.8288141209833,1.7951833626491251,152.68151822742894,47.62593753319492,194.8758213237585,49.58389842584221,266.40437488144954,39.03925006521355,192.13067099854868,52.05717901143744,1.0408714263157377,0.0352802995458212,74.388772619142,52.90681427886511,79.36266410289282,28.377735538551946,91.24469201076958,78.5993744113719,155.7846213464268,90.11016328554524,112.00294761252748,51.874581397488775,243.3040117780621,60.14123459961038,215.0433566601092,58.05853190977844,30.370481818986203,0.1065520143976254
82,2,69.0,20260116101548796,3,是,是,79.0,base_info_20260116101548796.json,,,,,,,,,,,,,,,,,,,,,,,,,,,,,,,,,,,
83,2,70.0,20260116101553165,3,是,是,99.0,base_info_20260116101553165.json,,31.66325615873633,4.004846161592727,24.028863302257644,5.30945858685576,38.2424890260372,3.5797798564896994,42.63675134258843,2.291225651739037,66.53311582850601,0.9765845554035884,58.27298805538834,1.3491220252978775,96.52178698481995,99.3449527851392,158.5629467555922,0.6826259655226579,52.75210108328803,10.2900721605163,63.45207434838667,0.6266781655179715,30.86922564719829,0.3907537041456385,92.30883254515948,93.80245879836932,93.11622279001942,104.33215519578803,16.753504739832806,0.2694369882102705,21.1025716126156,0.3570779603147679,40.75222606825954,0.532331415869899,27.985426761296136,1.7479789219461457
84,2,71.0,20260116101557556,3,是,是,108.33333333333331,base_info_20260116101557556.json,,46.87493304248212,0.5162401752439302,33.447271461489585,0.4663860692695983,108.34547391928416,44.31476173142988,207.73024044519377,68.57385027086706,68.19163523891892,0.4072676593631277,61.19116588121758,0.221815372371946,216.78833192979505,56.769546879413575,182.69405340056707,10.802824963690908,108.10746951083566,18.142322608771916,199.87613803581985,65.23993214268809,35.33138437362906,0.4850409191061453,199.245356041656,55.25108584546274,214.29248750344013,56.34697874934723,17.690008280648172,0.0491302149606186,57.2539820246094,22.50120793424146,55.54533283906349,17.29419298401598,23.643506108760807,0.5294236568728494
85,2,72.0,20260116101600796,3,是,是,111.0,base_info_20260116101600796.json,,37.10776081397719,2.145136938501948,19.443144124688715,0.1320909807464097,164.27370010002124,86.87588330915128,104.33449283070132,85.74295597416264,69.05783653763775,2.9804350121904912,56.89048096378891,2.017093754813908,227.2114819325271,23.619664182341005,244.7276226408468,50.50440154912496,99.4321938847017,109.77349591902146,131.8482370800152,90.37859981399964,32.603625313524645,1.1341198166417985,230.8383333166054,25.6713304450063,243.13658917037296,26.83925985814508,21.65703124471413,4.353406865995271,21.17961759282588,0.9782656546304912,49.04549953661402,21.732030417115208,38.71891735331261,11.492872601668587
86,2,73.0,20260116101604801,3,是,是,123.0,base_info_20260116101604801.json,,44.25255512827082,0.5678305980504725,36.16820244000437,0.1699578910805967,244.23967253139816,4.784215064692716,49.13405032686244,0.2601607417108919,209.18455926876905,10.18292898399903,235.3068384544412,11.12532638141525,249.2119173308097,7.169598346051558,254.13882271458192,3.7909012666321145,238.36663490142908,5.231012666972319,233.3744573951473,10.656046416903484,147.14121062499242,61.74631807041818,153.2832884550835,66.41669855691406,252.68022454445415,4.53239770995733,17.23538453551247,0.6668150385145124,23.976822098918376,0.6164009396304282,35.34736156987995,0.1286641717699458,24.441321210677,0.1560008234992202
87,2,74.0,20260116101608814,3,是,是,135.66666666666666,base_info_20260116101608814.json,,50.07612831805388,0.5647025800708494,36.70763076248694,0.5430899719159661,247.07791743428592,2.1429442588776024,50.19123707769933,0.3501883339100654,222.3018741369665,2.0802342437896,256.7812411863913,1.2581877079135235,177.28031133171086,54.05970415897816,271.67299129681834,2.74669616663826,237.45242470185653,2.453923490838023,243.17915558537155,1.2475081701038029,259.96245331943413,1.2641121514850246,161.43190293247935,53.907130838278974,176.1052195394204,54.9130342736466,17.653100127939258,0.068015392737335,31.263745523037205,5.059382106896054,38.64710358260859,0.2133665959249653,26.627771851423944,0.1231320583787256
88,2,75.0,20260116101611649,3,是,是,107.0,base_info_20260116101611649.json,,40.10751914456088,0.3807482140786244,33.47803121562472,1.57434009984691,247.84581970986088,3.635001592507997,124.75898943084104,87.03759842960696,63.30900135484901,1.2043355596830017,55.96928163027412,0.1458457535281616,29.585081259523225,4.598288773398606,245.90163838147063,1.3689630630822816,136.96862397541284,94.26233547506278,122.1964027682298,76.3442854913932,65.95680896215215,49.343636373109135,64.55909863473012,54.68971452388791,15.169983579889326,0.2726640623058741,23.82836690553073,7.7425765741307,27.415147277941127,2.489630956921894,35.31233401852098,0.4558799569668839,25.399570241387604,0.1339970925060412
89,2,76.0,20260116101616918,3,是,是,158.0,base_info_20260116101616918.json,,78.26216801846437,58.9872789079895,38.473962129912366,0.2724000577036651,39.95249358931908,1.5618224743042175,249.3808977292777,2.697050853329237,77.34923658939108,0.1146780391496446,118.49624799777082,54.05685650013757,27.50431938756355,0.3261587440113169,257.143915203855,6.972186090614836,257.55272758430584,6.819242138771739,249.51963237121177,2.4980119358148696,250.51542309535796,1.6942259040744143,254.7854346736582,3.1801356568420416,251.0497278824588,5.451304715417224,248.31435877485,5.759774443843127,27.458669924348143,0.3730204927684881,49.32340739245354,10.323818439672,72.14525413717696,41.92440425409073
90,2,77.0,20260116101621192,3,是,是,141.0,base_info_20260116101621192.json,,50.58592288022808,0.456769818042092,38.38906040989132,0.170254435372087,254.8054262592548,0.0979766433568866,50.27943480079518,0.4047424130644912,222.62524907586712,0.1086784923526171,257.1355710753044,0.0454303008096605,231.20199567816096,61.52300831929907,275.0888330813152,0.0814742280105975,245.6219985968772,0.5235145461064319,245.6219985968772,0.5235145461064319,258.7761816149491,1.0356016568913706,214.27355567138972,60.86373066550844,230.2341267636938,61.8220635868887,17.80450553646231,0.2554260839788084,27.669943705345844,0.0009200359944692,74.32591572887443,46.64619798159413,62.47791962630309,48.97460115685581
91,2,78.0,20260116101626765,3,是,是,163.0,base_info_20260116101626765.json,,29.26472272322387,0.2182831166153899,20.42947497673948,0.4028877749108403,50.84632236426557,0.480185544285056,98.64749807686,48.93960568927381,214.3157934370095,0.4926678673638631,221.696213917527,0.034201547960102,274.0127356418536,0.9068394582484014,195.11211738331497,0.5544461366956791,125.85219709435196,54.81777915872682,136.14983752772682,63.3312623379364,1.0885679493308509,0.0297219800647493,275.159552414264,0.8770539799261047,15.675664008779837,0.0895157849399092,273.5901460108516,0.9264971926397474,259.22719493361024,0.8547310300469573,80.10983807130924,48.37273156897724,60.0304770661917,35.60234712467524
92,2,79.0,20260116101630879,3,是,是,108.0,base_info_20260116101630879.json,,24.003967540002275,0.7989170038786386,27.87702497264806,7.454465199397072,41.61604988091565,3.854917399712606,45.520990122256926,5.247847653918788,68.35043551496051,0.9526599820661328,63.63085613679482,1.5090569874587827,25.78069522451077,0.262521125522403,169.75946452566438,8.705674468734369,38.84116537031605,5.507913050095299,75.50031048073427,5.194540283353975,33.35188466753774,0.4569521211895718,28.396790345712876,0.5774736503896357,13.905463374815978,0.3378735782833953,15.95573804703472,0.2098503535859827,25.61257029061166,0.6002845240615693,37.97788115974842,0.1712291284237639,34.31578407628588,1.3231346935786916
93,2,80.0,20260116101635186,3,是,是,132.0,base_info_20260116101635186.json,,28.027638081700854,0.2823705515880431,33.5075561666843,6.70919671089774,43.01974695124006,3.378459129023365,45.692319195494576,0.8416216232986541,73.87095279293216,0.2275417149893039,67.11897534018368,0.0779676037883716,206.02659056121468,58.312465402047685,189.96634115202863,0.7820304467032096,46.989250793967926,0.5449438109444407,74.39233824193475,0.2829064916945062,38.16533970782718,0.3173962916044413,31.79864271414047,0.2456199445373754,15.574987541866896,0.2673369554099373,204.43508852255547,57.81287379255434,184.96626003526367,57.41451880800025,35.721009245234306,0.2427908612076804,32.93282734063458,0.4946845087757127
94,2,81.0,20260116101638502,3,是,是,67.0,base_info_20260116101638502.json,,34.65144546479081,0.1614798018746761,51.29318994200862,38.34322408406805,70.66521113463259,51.47031587866619,188.31554716660665,50.51313415216691,131.09404259307328,65.53243454490323,137.87968887891583,73.03743694476967,21.9552301287805,0.2403021060014529,156.79775063782796,0.94252932532992,247.69893913283843,11.878274957414169,101.41509899579412,76.79649759853389,131.62412050076318,80.64241235755445,25.71833418860696,0.3018716552292537,13.696438083208273,0.0238613750384844,13.231872968687016,0.1409694917049557,20.12575619912564,0.1734629110391407,31.3218124095993,0.3254139802412181,26.03077439278591,0.2807724139179871
95,2,82.0,20260116101642586,3,是,是,67.0,base_info_20260116101642586.json,,31.69361167891453,0.4919838095165509,61.45945128942636,40.06554936706765,72.9797304922916,34.87642582564985,86.84397799765297,45.70051656505037,61.18602712885407,0.0718440786569626,54.20982609439744,0.5233703116945527,23.70259429705304,0.1849329740206804,143.50648415961422,5.38299082678775,40.34172598887358,4.827256598076339,60.853415372574034,0.4929844165206264,31.488483433397807,0.3109597198004326,24.45202040266322,0.1995333889433294,13.385208548506055,0.3599225256903775,14.65036034718603,0.2237676549477923,19.60697618835156,0.1275291613463356,30.820827827608827,0.3267970301777329,25.58170190420237,0.798416954462058
96,2,83.0,20260116101646484,3,是,是,106.0,base_info_20260116101646484.json,,49.26622372426423,0.067659941318725,31.32549966424844,0.1997461028527731,244.33574711127383,1.262758723258759,245.6965100432596,0.8085013631472958,209.22494792758928,11.915485738539902,240.38293448772924,12.087287073447248,34.515676821342616,5.273162548986618,278.35452274871614,2.096408721442484,1.407128177508992,0.5146437076792467,13.006211352663025,12.519994335544562,249.12849580284305,11.012914282677649,24.956226604151624,1.96779450852769,28.23754053748497,6.539918517771271,16.2703947422204,0.2784124162488798,24.926160734390844,0.3649063282729441,38.55136559733116,0.2396681887966362,23.01997958452777,0.2016907646669285
97,2,84.0,20260116101650637,3,是,是,55.0,base_info_20260116101650637.json,,37.02056843918087,0.5546189358964566,30.234172136768414,0.0823988728288264,130.83674003103616,76.12566916542464,117.7515582015924,37.22407540120068,54.07956726264174,0.2559370321566505,48.00901237723031,0.6070678939315901,20.38484583727116,0.197712075304069,173.633112061849,35.420087495631336,59.86106334807601,9.891961302771284,111.13765144552892,33.941896520079645,32.79135864862697,0.3451211366941956,20.670146591783904,0.128585551304904,12.153000738001834,0.1495791403056247,13.794433966237785,0.081400136189225,23.607033684455768,0.0995223809923547,31.20893871412539,0.0968277239972521,24.67964919181233,0.6787841028577402
98,2,85.0,20260116101654450,3,是,是,123.0,base_info_20260116101654450.json,,44.12391200932857,0.7202754229046319,41.29604718073718,0.9443218812560572,42.02287927757587,0.1668486683068687,262.18814118222343,0.8592992249500474,226.70604503130184,1.3273547586669414,252.1982604378757,0.9543266956039548,80.6281807882272,75.85752618727567,183.51098392256412,0.1958084329958157,273.0603286872759,0.7982325459049535,0.7393197568533196,0.5250671821790754,81.09131280394999,114.569770660253,113.65705100989776,96.68302647114776,72.56214648857565,79.53744530698343,17.01832902341421,0.1436400282620893,28.11846961270768,0.0083892967642712,36.79177357161025,0.2280122459807131,26.899592434904903,0.2221761368845591
99,2,86.0,20260116101659247,3,是,是,130.0,base_info_20260116101659247.json,,,,,,,,,,,,,,,,,,,,,,,,,,,,,,,,,,,
100,2,87.0,20260116101703133,3,是,是,114.66666666666669,base_info_20260116101703133.json,,,,,,,,,,,,,,,,,,,,,,,,,,,,,,,,,,,
101,2,88.0,20260116101706012,3,是,是,133.0,base_info_20260116101706012.json,,40.67325841813773,0.5616248105800415,33.45298658887703,0.6661340231527263,41.76087918360588,0.4084173707055132,44.87496242632344,0.2038943359271597,74.96839588051257,0.9220715183665964,64.87311627016733,0.1752999477289555,234.8233999634025,42.32322175189412,176.23848131998693,7.908637302905926,48.26069774858581,0.2649369044590171,71.59615826850742,0.5146059718713942,43.3760527684041,10.264454023296834,50.30866100704512,19.778478052741647,73.42291379170165,50.14727452579619,166.68707762418546,93.66878772783828,206.4393375451596,43.42540043335766,60.57480371541402,24.18393063898456,62.357952480292106,25.663719974031316
102,2,89.0,20260116101709745,3,是,是,96.0,base_info_20260116101709745.json,,33.79334635925556,0.8649345788221469,75.61268983070907,69.18666687507537,95.88061993499616,81.5417840380287,94.93747574016496,76.0241357148391,68.98717417463105,0.2835984685078765,57.69924875825279,0.5719219778433011,25.08931210212403,0.2657018546106287,174.75374285034636,1.7874350911856212,44.48617071618762,0.7066791876131968,69.26483315551937,0.5135137652606359,35.30878110536538,0.253246826733025,32.06995520953655,1.5481360079287958,14.946912367922293,0.1764836509531666,14.50262588082424,0.3240221221697131,57.57707402904222,47.75640568408763,62.04316232271816,35.635304304282585,31.36466079532549,1.7929214162375986
103,2,90.0,20260116101713628,3,是,是,83.0,base_info_20260116101713628.json,,,,,,,,,,,,,,,,,,,,,,,,,,,,,,,,,,,
104,2,91.0,20260116101723151,3,是,是,110.0,base_info_20260116101723151.json,,38.06220885909149,0.1231135552001514,20.678536758090768,0.1432595022488059,44.9137390906242,0.2105986074874219,226.574978282908,0.8422260803977619,70.09669571949344,0.3238536634559823,63.61611578565961,0.4489470562012419,145.2679457919904,86.73383590259405,175.13916772246944,0.6062432262696931,253.9891032445536,0.8975126695535921,250.3837168769592,1.230511756070399,35.32058604082183,0.0229146237986952,26.668678149880822,0.0994179628974994,12.715228486637256,0.1327029709669511,143.13686392345866,90.6946690822759,132.56568745029617,73.59685928947071,34.065365867856734,0.4705173971013281,36.80377638946927,0.5402806127152796
105,2,92.0,20260116101728052,3,是,是,139.0,base_info_20260116101728052.json,,42.744523640389474,0.3343017158796769,40.43519514246745,0.0255732345720347,42.72347004075627,0.3643584815618229,257.2883756424925,0.7621834141838418,200.23142089854295,6.670651324015541,222.84276389011453,6.821784060083753,217.8281050836896,20.141708077148152,192.69196645529885,0.6817621283864164,267.9692662362599,0.7938043959864745,24.04827641632196,6.39052262540006,222.31132500059013,6.94856569709509,209.563426158549,19.664384294453452,215.3358678905923,20.064470058037767,18.43681723607335,0.4400783683887899,29.923414457087063,0.5790149932040402,37.56180890459958,0.5852557621465595,29.32161853475301,0.5989804759196078
106,2,93.0,20260116101733789,3,是,是,127.0,base_info_20260116101733789.json,,40.981042694778665,0.6907086263514364,34.74708516693942,3.294820281248248,39.79028484925696,1.2723873081781876,44.22746745751499,0.2691175395147468,221.84610722568675,0.8239083571815617,244.87800951038352,1.6855563491930152,254.4397666320531,0.8621271916922906,187.81156260221184,0.3362009836999388,47.70683806113368,0.358926224791004,256.3092171576188,0.7355346038523651,249.16474869554,0.8363055027918275,32.79163865889523,0.1863704699973865,16.13990233440092,0.1623385424037891,254.74931712062903,0.7941487021169664,232.87352640993632,0.9359353350180296,34.79506979214764,0.9161046955202484,35.338861347426594,2.6398268494495984
107,2,94.0,20260116101746554,3,是,是,75.66666666666667,base_info_20260116101746554.json,,,,,,,,,,,,,,,,,,,,,,,,,,,,,,,,,,,
108,2,95.0,20260116101751763,3,是,是,177.0,base_info_20260116101751763.json,,,,,,,,,,,,,,,,,,,,,,,,,,,,,,,,,,,
109,2,96.0,20260116101754417,3,是,是,120.0,base_info_20260116101754417.json,,48.691587421577935,0.6458794765127912,37.742271792432405,0.09182599569294,72.63115971873849,41.75753562454253,47.9040274165822,0.46018171416017,69.44423408261987,0.0526922003721434,62.02302499168989,0.1760667083637522,257.8130175223679,1.0955891288780215,181.9993397486912,1.019528099415186,70.22429691534326,38.57501134974116,73.89533428064978,0.5095825067174823,37.2280262896865,0.2635274883646502,249.0529827430581,1.0096100323979238,257.37006743644656,1.0666126165112848,16.409727891872482,0.3329339908520983,73.39551904608827,29.11042343151684,74.05685696072136,26.757349414555662,25.220043933437186,0.4555265889035257
110,2,97.0,20260116101758764,3,是,是,153.0,base_info_20260116101758764.json,,48.66137336636928,0.2130252447539508,39.15653762873918,0.1231748865382876,254.39019521887985,0.0559925596347682,119.91861587495686,95.0308906611412,221.25939578654615,0.0880269621135512,252.39908167257363,0.0571563894450555,261.94795214962727,0.4593496888319362,266.31506520026704,0.5554479986651184,165.86480160952448,117.28413614046208,165.86480160952448,117.28413614046208,252.1601086795517,0.8808546937853037,29.608698565971896,0.3905676923653691,15.825428183576925,0.1220878158828808,265.95083686484867,0.8884511679892712,240.87403088290247,1.022743004329623,51.85602296337604,12.2642274310237,55.83584233568724,15.212989402197548
111,2,98.0,20260116101801968,3,是,是,165.0,base_info_20260116101801968.json,,49.38816388123224,0.066414003762389,42.02966544100836,0.1718751043466298,44.58768781329698,3.0426154072272693,261.272728879804,0.0921033717162955,179.0555321409868,59.4006697181349,207.3453100752101,63.01463261965342,119.67883816709038,40.7516124771052,193.28352453757927,2.6683148474562044,247.50255327677664,10.570173675650302,52.441502004367386,68.53815475286119,52.10279725929647,67.30647639233125,147.4194466372254,41.51433697999602,117.70523488962556,41.17406844431205,16.937494303225566,0.3841659663475983,39.31269306714904,0.6953774346322708,39.8611427172608,0.1758361990050981,27.30817648691145,0.2200576013924638
112,2,99.0,20260116101805798,3,是,是,124.66666666666669,base_info_20260116101805798.json,,,,,,,,,,,,,,,,,,,,,,,,,,,,,,,,,,,
113,2,100.0,20260116101808448,3,是,是,99.0,base_info_20260116101808448.json,,35.77246362152459,0.3395659689827852,31.16776168585296,0.6107084499735548,36.07300382167291,0.7431795237305353,42.19021948061953,0.0009619548137995,69.30813550303314,0.4242087691222698,59.72662230254537,0.7334121600673016,172.43071296844278,103.46766396390308,164.2041661009163,1.5906203639835004,44.22851022518785,0.4572866861587766,68.65217642468762,0.2901614121775762,193.27827461631557,51.60637673184354,51.62959069225432,53.39264186728006,158.27214722057258,100.89150883803715,21.01971147732146,3.54374748836578,22.386933345284465,0.1549855142095297,34.297387121636355,0.3753418786331404,27.85000471036373,0.4285679059129044
114,2,101.0,20260116101812725,3,是,是,187.66666666666663,base_info_20260116101812725.json,,,,,,,,,,,,,,,,,,,,,,,,,,,,,,,,,,,
115,2,102.0,20260116101815745,3,是,是,110.0,base_info_20260116101815745.json,,30.3711624617622,1.0846439951266895,36.87126170133492,0.9590983881118968,235.82696028225743,16.18160855401294,189.89467410787836,83.34147612899734,72.34096381500085,1.1783743452590734,68.69124799410334,0.1704655895328276,25.2767101481324,0.6409736128581068,231.05319198957525,12.452487387953784,78.82095513734689,79.89479377040041,193.0172430172855,78.51096781526066,34.73709969146221,0.2082963308818256,27.50840499412627,0.2255832129920431,15.46199005413623,0.8305694282779734,14.440862115551802,0.1943028631630404,24.269692324862493,0.4565269157811207,34.963954229871355,0.904667329602096,43.26164853346247,0.8412216988153299
116,2,103.0,20260116101819789,3,是,是,128.0,base_info_20260116101819789.json,,40.92819081813635,14.75783640407234,39.92470336232199,0.6146595385477901,244.8773922385897,6.625539289450672,43.86883763105845,0.4521964954290082,75.38385665350256,0.6823305868714752,84.08176724413397,16.902678617894487,26.022079269313743,0.5021064161788179,47.6975668577332,58.72643294973968,248.5639961853396,4.871179217144795,75.95376855786894,0.2656967964166213,253.5095396966925,0.4864014825678296,261.2249721263909,1.234049195114699,214.72436521992745,59.45212575553601,210.276688017986,58.64453514228786,211.83863997618232,55.33764250133216,123.3593410365549,60.08460423608462,57.26454140711565,31.62512721398417
117,2,104.0,20260116101823527,3,是,是,116.0,base_info_20260116101823527.json,,,,,,,,,,,,,,,,,,,,,,,,,,,,,,,,,,,
118,2,105.0,20260116101826734,3,是,是,128.0,base_info_20260116101826734.json,,,,,,,,,,,,,,,,,,,,,,,,,,,,,,,,,,,
119,2,106.0,20260116101829443,3,是,是,96.0,base_info_20260116101829443.json,,,,,,,,,,,,,,,,,,,,,,,,,,,,,,,,,,,
120,2,107.0,20260116101833138,3,是,是,116.0,base_info_20260116101833138.json,,60.64633077067737,22.92947342704816,168.246176653061,46.526426799428165,204.4273887661151,70.70426592905478,31.13190675953924,44.02716476187503,201.15363929546268,35.33476602894508,249.934989118437,7.264361444648684,64.1886196790263,52.11595330763052,173.5848841425311,7.051305575331194,234.60719704040608,29.267450512668045,13.96993309146354,9.558103792456134,226.2091282845072,8.366758294261686,58.90217804935708,37.48189368644412,55.89421800007519,56.23967899866422,16.85194132985323,0.6402757094685886,67.61356809364628,56.499608857304665,70.66746116100933,49.155935341593725,26.047555741356103,0.7422632150697491
121,2,108.0,20260116101836442,3,是,是,129.0,base_info_20260116101836442.json,,75.90192247855413,19.53851102011796,83.61747795429541,21.33932895305299,38.47087156473679,0.2691000861840031,252.72521749679268,6.814151942713032,99.35710498457958,15.411727073948658,63.50847740169144,0.1180674975566419,25.748355170954355,0.5763919764512363,183.78994279200867,1.7723112786444275,267.8751439216944,6.607697622785127,251.52447913741284,3.5700073490741486,32.661491774341506,0.2195567036801803,31.92472851779371,0.5473147753651583,15.019856671176,1.2367443976130217,16.20504632361363,0.2778409079463057,25.78175694070954,0.6084335134085996,36.14426323288959,0.6503458722174865,34.725443544584266,0.5740675887790712
122,2,109.0,20260116101840311,3,是,是,67.0,base_info_20260116101840311.json,,,,,,,,,,,,,,,,,,,,,,,,,,,,,,,,,,,
123,2,110.0,20260116101844024,3,是,是,81.0,base_info_20260116101844024.json,,38.003499377540514,0.2008536707063174,32.41748023391198,1.1105083342878923,254.77130473027543,0.9210112490606376,42.39624874200507,0.2199743718237736,188.2875777915126,52.008502498577336,209.97406346797115,53.54504929412472,85.8524216104089,39.15708947621049,243.33387718724305,5.8649965035165375,247.23189063343443,2.6124266705742,208.8890196751726,52.19363606705264,157.68761583727232,43.43867980477644,40.30476190734984,18.13125451775694,78.89506141547515,37.0294772411469,15.041848353719232,1.0697499342262269,24.433092915727183,0.393787485466658,28.2564924838959,0.1173724140302973,22.64414601814329,0.1189829517547506
124,2,111.0,20260116101847763,3,是,是,75.0,base_info_20260116101847763.json,,,,,,,,,,,,,,,,,,,,,,,,,,,,,,,,,,,
125,2,112.0,20260116101851666,3,是,是,69.0,base_info_20260116101851666.json,,42.89572611332409,0.4829147276233308,26.757852129366253,8.61821332675798,55.98967124938377,10.618841093326164,154.05978712901864,87.32370785033741,158.8068201997316,43.39166473052855,186.1721294006496,45.6960091437172,224.8931254958164,19.707664248952263,154.38603067918004,1.7102821534037282,132.10861926402984,55.81888040138912,41.49437864345481,44.295342913451954,120.75511843725268,85.4050957190434,153.39689350640867,103.36876684266544,225.04302567185397,19.59861776275881,14.29191706562323,0.3784704843198618,175.1120753721559,72.43767238197745,147.31943625092444,64.53250288061228,36.50391178575675,20.31175180405595
126,2,113.0,20260116101854016,3,是,是,67.0,base_info_20260116101854016.json,,,,,,,,,,,,,,,,,,,,,,,,,,,,,,,,,,,
127,2,114.0,20260116101857376,3,是,是,64.0,base_info_20260116101857376.json,,,,,,,,,,,,,,,,,,,,,,,,,,,,,,,,,,,
128,2,115.0,20260116101901316,3,是,是,54.0,base_info_20260116101901316.json,,,,,,,,,,,,,,,,,,,,,,,,,,,,,,,,,,,
129,2,116.0,20260116101905252,3,是,是,55.0,base_info_20260116101905252.json,,,,,,,,,,,,,,,,,,,,,,,,,,,,,,,,,,,
130,2,117.0,20260116102023797,3,是,是,118.0,base_info_20260116102023797.json,,39.10650533074439,0.4366562040737718,32.519701340670814,0.3015066354670549,39.60293646180673,0.2416516336657027,46.02218293821023,0.2088992466581661,72.16402135198454,0.6024923844116069,62.77108756526778,0.7154123155511052,261.9079411552353,0.8748772812053752,179.98532377282712,0.8423462849254361,46.00160856409752,0.1007717547172167,72.05915223407014,0.5845595308871228,36.86494271538533,0.3255582714515553,29.3015801365722,0.2189518964445521,13.821134266096172,0.3235987228721961,264.11682952142456,0.9928013204989986,242.1822135739845,0.4785887253646276,33.820296396210686,0.4369557110586789,30.624102339142723,0.4312248953161782
131,2,118.0,20260116102027084,3,是,是,83.0,base_info_20260116102027084.json,,44.445870617247245,2.4393269260863786,34.523989881947166,0.4541527152881383,35.78340186853793,0.3823507340932349,181.6778791507641,53.931562295174416,79.90647137758269,21.47446075991757,90.28884960175296,31.56191118294004,125.24223596205404,37.79778035657035,168.02438344886434,3.084542429786708,188.85692806558987,55.52530343462384,130.72348009043395,81.02596770409858,86.09878524061564,34.74659242234765,68.91763449148613,50.08032293467767,121.95449500501918,38.70562521167405,15.840734325616744,0.0980204848659876,25.705420249364504,0.571913867092762,34.540643737304265,0.1483098589853494,23.401076047310283,0.7980082807119807
132,2,119.0,20260116102035684,3,是,是,112.0,base_info_20260116102035684.json,,47.41056485578803,0.383296946613136,39.89215877801475,0.3692553245973397,110.25222486873554,97.06907139794453,48.36015928223588,0.2991546050180598,65.54997099701684,0.089675358549792,61.508226879841374,0.3906947620856014,57.90131305530844,19.0840089054556,259.54881036318426,13.791321843742992,109.22530313774531,89.26194893056085,68.41693660315228,0.4570815951754323,36.72382252305962,0.0735562412301457,50.33326154155727,19.071136517822907,138.61777430145125,76.34540302519395,174.8454846868118,111.84613003063592,30.10588962585469,0.2749331889076713,39.61215178402247,0.5034919398282474,27.37734580075085,0.1030812238221728
133,2,120.0,20260116102046321,3,是,是,132.0,base_info_20260116102046321.json,,192.6918412306877,22.348350845648877,122.51586364687078,72.3916493713139,161.92620422885764,72.14052402328186,153.08795830454451,28.998731696694588,159.03231676212928,28.38980006655428,44.04331355410128,43.37922292385104,173.88728017324627,59.23588282606498,233.19098857148597,36.20178960222344,60.04813404350784,1.8300179580218172,128.8470682921064,66.23221554714671,184.98517367998136,31.315948152656308,153.8733084578596,92.80474201191352,105.44623138898784,105.6178845412147,187.24018366018583,59.4530185010224,89.73064005211967,2.5496162246265954,62.75874932352445,21.924827282194133,186.40025633548908,39.12880569656174
134,2,121.0,20260116102124979,3,是,是,86.0,base_info_20260116102124979.json,,,,,,,,,,,,,,,,,,,,,,,,,,,,,,,,,,,
135,2,122.0,20260116102128877,3,是,是,106.0,base_info_20260116102128877.json,,26.06344352123553,0.1979837891467857,18.322847324797845,0.0070523310107983,40.49434084488375,0.3574185191061674,45.50530979659828,0.2165339303397877,73.45647151608595,0.2341031781964556,67.09570490475251,0.2070209208209146,0.4784714367439657,0.4664197505964147,167.34686941939393,2.097093118830452,44.67110996608829,0.2249133210130375,69.29315907231219,0.2201087288409615,30.642194808217575,0.2087606245033028,266.9653171849656,0.9548563580647752,279.04665895551403,5.292181216336061,278.70478371126023,5.814106554101342,263.9000862411339,2.224978126628982,41.11226283493716,2.1389459604036425,29.057243333234485,0.0991886718272152
136,2,123.0,20260116102133910,3,是,是,311.6666666666667,base_info_20260116102133910.json,,,,,,,,,,,,,,,,,,,,,,,,,,,,,,,,,,,
137,2,124.0,20260116102139315,3,是,是,155.0,base_info_20260116102139315.json,,50.68783096693151,0.057637354438593,39.86847730242752,0.2022465086007591,250.17507560249496,2.74514682900041,250.48294959295245,2.5799981550730204,219.13555521121907,1.2203647396991506,248.64907877380145,1.205388308241688,237.05743039272815,29.6390569410722,257.6671630432681,2.4176341638967958,0.9182786264308924,0.4949499506082634,2.695471958441278,1.4368157257342005,185.61944969266497,50.3954230147229,162.4643512201484,77.28295510408704,235.60605944821748,29.59507623132454,18.0651127982436,0.1484868669373577,28.61719355846756,0.3021611594075961,39.10470296835621,0.2569642410657916,27.21846684269725,0.0185263296107664
138,2,125.0,20260116102143204,3,是,是,122.0,base_info_20260116102143204.json,,40.26229856878648,1.945014428380389,21.188394379594097,3.5208431431833342,46.2295693020345,3.928875436817724,48.53918454529196,2.229390434776134,76.58449716483636,0.3469458433658766,62.998428394527245,0.3111524009339688,252.766599304444,2.111404015447221,179.21052028937325,0.2513784333831114,46.81562022712732,0.4882256968867486,73.53225057608432,0.5517957716700715,33.88597733989399,0.2970037580255357,247.67180888592196,3.996807006916296,257.7240215375404,2.1700050416040666,17.28086531562121,0.0615002015755316,24.235370868793076,0.3199661357569681,33.34035685937966,0.2228080343139282,28.406107336323945,0.5130732157160258
139,2,126.0,20260116102147589,3,是,是,176.0,base_info_20260116102147589.json,,56.97755352781184,1.181089474817827,39.918246872750494,0.3662962830317939,246.09478050138569,4.222972610344116,247.28752953804636,3.3140009309169858,208.91109354285675,9.718739596708035,250.02541542972668,8.387167227407373,272.1246230760505,14.623799196180292,286.3014966416144,2.4326386507033853,1.4992201640386582,0.9445010496928404,6.160568155891892,7.146803633116797,200.5798547774905,18.858145564534688,194.0206947684984,25.41549868524616,273.9656664875494,14.998264414259795,19.463142717267587,0.1182151551367736,28.06283878208612,0.0551780208520886,40.63971052611682,0.3437041476991575,28.284278997109283,0.4006054620937126
140,2,127.0,20260116102151123,3,是,是,127.0,base_info_20260116102151123.json,,,,,,,,,,,,,,,,,,,,,,,,,,,,,,,,,,,
141,2,128.0,20260116102155635,3,是,是,170.0,base_info_20260116102155635.json,,96.83476478711344,66.42975346680856,38.17230803652836,0.7836512618042185,175.0720230741458,92.2134446792286,188.41086912657468,90.36614739587512,221.74436085877247,1.20337749457148,182.0439098048436,107.53431290447335,125.93854822849389,72.43470187323703,244.63515839102172,30.280859780638583,29.315573042614403,24.14439102423161,74.36437207215117,104.4947683812536,148.3490875434976,76.69981949945917,20.183044215503244,12.995925406175846,129.11302756213647,81.78763075002132,20.41142408326777,1.3614895979372217,71.53025573478062,61.92001772246417,72.88404578835527,44.90873631802,87.66290339783454,84.16092565650126
142,2,129.0,20260116102201130,3,是,是,444.6666666666667,base_info_20260116102201130.json,,,,,,,,,,,,,,,,,,,,,,,,,,,,,,,,,,,
143,2,130.0,20260116102207336,3,是,是,280.6666666666667,base_info_20260116102207336.json,,,,,,,,,,,,,,,,,,,,,,,,,,,,,,,,,,,
144,2,131.0,20260116102210376,3,是,是,207.0,base_info_20260116102210376.json,,,,,,,,,,,,,,,,,,,,,,,,,,,,,,,,,,,
145,2,132.0,20260116102215837,3,是,是,145.0,base_info_20260116102215837.json,,41.14410118911867,0.1138548704815782,40.18562499454404,0.2096023106775351,38.80263628930605,0.23807998113811,191.39941230913064,102.70263318433292,72.14466457876362,0.3815482083750695,64.97591823758455,0.3019850442106816,238.37198627801217,4.682023308787305,192.09472749136344,0.3504407614989119,205.2077053389819,108.71621171360296,187.776645976163,82.23442950328432,186.293640325885,68.38808294198095,59.241051188970495,66.428168909242,241.53293882032924,3.4569601092404243,16.281347660297353,0.5265744923596483,24.03848177847071,0.1566937890381647,37.675681335469726,0.0967795953540937,33.29096869416978,0.3813079358497401
146,2,133.0,20260116102223006,3,是,是,133.0,base_info_20260116102223006.json,,226.1139181750456,1.640527111437485,38.66587613888186,2.151259027361533,228.45045131558496,20.852699776105144,228.7009020593745,20.3971994195916,66.34462591026316,1.7691242391951496,215.5520704300617,19.684295650397544,86.13685488868742,48.83322389349584,228.74182382474888,12.088606785345757,5.306226464487135,2.8648462761231093,185.16866263365577,35.70113089742857,46.62421064968928,10.659695346797957,77.14727529773596,48.37052598258578,80.64385381250767,50.15661825590912,16.581788384282447,0.2854668790551985,244.45831582878915,5.983500409713987,3.3253827422498614,1.8150965212084789,7.661932328221344,4.3773040875167215
147,2,134.0,20260116102227101,3,是,是,125.0,base_info_20260116102227101.json,,31.906926807020252,0.4375866752320454,40.69536675261446,1.023339585769713,168.2753766222066,60.61162180673704,264.53931521748854,1.7804353938866722,71.27981802344276,0.0166880549541136,70.63687657778922,0.6046950234330211,27.166424495469524,0.1023251861370783,192.9619890438609,32.95947766847673,98.06349907152855,63.50835835388851,245.8135535677868,0.8448117130272488,37.46159289344536,0.2956190271716234,30.622716856049305,0.0875165604078367,14.594500075305357,0.261612830846455,17.95886590636728,0.3068528304635831,26.677662884811472,0.3430001029420954,37.8540160432924,0.2287611380852247,42.874688921213135,1.011796193381513
148,2,135.0,20260116102231203,3,是,是,114.0,base_info_20260116102231203.json,,39.56916889604266,0.1416133038115259,42.75034153029361,1.9957693653176627,102.60645620602672,28.057680850932044,149.50351457417293,86.56412493683845,84.87673246954454,28.917487872039302,88.13530875522851,35.937306246592456,110.75682999115637,65.37547115924455,162.79757064419297,2.664039743306845,120.86344761344888,30.352512301374464,117.08167707685912,81.33519885949234,69.78829735169579,41.05472732376519,110.4120803320758,63.59553714853723,108.09233669789936,69.21121430414625,17.396100337845812,1.5232890208048406,27.532005611366294,0.9903930552171536,37.26760020954546,0.4806555691977208,28.92149508623497,1.59236420589663
149,2,136.0,20260116102234608,3,是,是,83.33333333333333,base_info_20260116102234608.json,,,,,,,,,,,,,,,,,,,,,,,,,,,,,,,,,,,
150,2,137.0,20260116102238120,3,是,是,119.0,base_info_20260116102238120.json,,35.47276994657924,2.6167225325374392,29.690666652678843,5.769022518960405,68.69872815416821,25.89660708570561,134.79421674653062,58.092272973087375,138.41963451083237,39.68267244534128,145.38180822263914,45.309992087951166,69.9178551189599,44.942174719844026,171.46736826772954,8.785099252326415,101.19672743752642,73.33871359000715,95.13262419770231,59.6249864506372,109.84331210185157,16.931830127329242,79.82686777705858,46.37332285955241,21.20630077844671,1.9025322083463752,51.74138073315702,43.82216620974734,50.96898227163788,37.94742632786359,67.68137395252919,36.71661791013904,62.86385250500297,42.92148054965427
151,2,138.0,20260116102242719,3,是,是,140.0,base_info_20260116102242719.json,,50.19107872809644,0.1853314857107265,35.574596868184365,0.6729800355949072,44.81729063036968,2.8224967112527057,77.69767756743188,36.91148335705602,219.62768350563343,1.1090587625886037,253.87237730340493,1.6812118798471711,74.27048000978243,63.510202773517335,194.27222392227668,5.163772364983948,78.60392153485758,37.25782219285338,198.11486663014776,54.017763592780526,254.0639859702413,0.3848348527008196,90.30974321267291,46.47822184774121,120.70291619315933,56.1120123895598,62.35328424979495,62.839711102855965,72.48193155859725,74.0056608814584,101.2130575020626,46.72165802280536,27.46887288709608,0.5953446494444388
152,2,139.0,20260116102246360,3,是,是,144.0,base_info_20260116102246360.json,,37.08253290627217,4.866603478021736,31.180034042669416,8.751939604203947,81.37367416316026,25.30793846898609,115.9199708428242,82.26344319532235,85.99767862269577,9.324918294440607,90.91010804627037,25.874549498879063,66.15650678957242,48.540637694785055,150.6050063646973,36.24553232208402,101.00198680787462,37.096022422060656,111.6441314425814,28.61703799585867,85.27650452758945,42.5469639037272,83.54616262882392,52.68026305563423,118.00728821705904,77.12865957269196,69.27565068093686,43.0059742444798,23.515307148835745,2.4982671623763304,47.33353270255024,10.21315856716926,36.247878938274056,2.871199151763919
153,2,140.0,20260116102250130,3,是,是,121.0,base_info_20260116102250130.json,,32.4594807840862,0.2181912929057265,39.91623882333056,2.6909636029223227,194.15072126495824,113.47804438892209,46.39477525937917,0.333713547751442,70.06938405462554,0.4345570997969771,68.37646162278192,0.4225887794436758,27.43121185650832,0.0018185872013738,219.89908843788356,31.31649117841452,197.33669215863856,109.27971912306676,75.93267613120675,0.5542980240347969,35.55957456215566,0.2389846618531121,28.532422729831485,0.3185729929295366,15.245062911212878,0.0314141023813155,17.21494395888867,0.0747725261689541,26.06532849837974,0.2864488523971888,36.66603798103997,0.0084110446691026,37.903757657550656,0.7179298692153603
154,2,141.0,20260116102255320,3,是,是,116.0,base_info_20260116102255320.json,,94.08553209574993,91.06982909818846,16.645457902442,0.1640892712429285,41.12997277410437,0.3474644231233786,46.20551744101935,0.4201540984198442,76.94153817185577,0.3133960469772127,133.32608766831697,93.89901018165811,104.37362958189972,67.15779597442435,173.86199293573944,0.2816963856648343,43.785850626262366,0.1550628575344115,69.51404568214237,0.4276408505402605,34.64932963141817,0.1624457409519698,29.588625879843573,0.098865991310915,14.371676266123584,0.2912482504926,100.47062250931272,71.47980051434274,33.36426309579425,12.78239877926161,68.96001128209733,33.190824632147084,112.51788191849268,100.07904698919695
155,2,142.0,20260116102258841,3,是,是,98.0,base_info_20260116102258841.json,,37.73122765765744,0.412249166183317,28.07087310965257,0.2136146224477375,103.31800972395013,91.53794778656408,43.94522731257277,0.1934102518230502,71.34002013691983,0.0890571262696579,60.36825681498426,0.1995820554728653,264.68852483192364,1.853316052844497,198.98125403136729,43.74119223870018,107.80274482530096,88.259231598006,64.8287602393246,0.1860169567995847,33.91375335755253,0.1522930135881997,26.631435280122577,0.5671020855802341,14.524107378887232,0.2196625454047673,265.9100184125338,2.360672194963332,64.62255431512385,63.36784584520768,176.930760521774,64.9975111847246,28.94985160529447,0.2383335727114236
156,2,143.0,20260116102302740,3,是,是,98.0,base_info_20260116102302740.json,,161.97136057832174,79.05029932976124,95.30493804482492,83.38163264547597,190.7572641219257,41.34039985541723,83.69588951557874,109.7707531807945,66.75154687327887,0.5143973696405681,175.62049616029847,107.00007445484646,175.79540445585522,114.81469439368678,201.1019508537962,25.15324311420251,125.67967516892529,62.17733968632168,69.80695208316742,0.1925688067391621,40.11154316963482,3.911361333002105,30.32989385308012,0.4619294643225372,13.238664808157411,0.2835132667722797,184.0600397781159,115.83315250778924,167.31747521099095,102.03219305343292,136.30496584950765,86.88856717675814,199.85594456177395,57.413700994648735
157,2,144.0,20260116102308049,3,是,是,84.0,base_info_20260116102308049.json,,,,,,,,,,,,,,,,,,,,,,,,,,,,,,,,,,,
158,2,145.0,20260116102313435,3,是,是,138.0,base_info_20260116102313435.json,,,,,,,,,,,,,,,,,,,,,,,,,,,,,,,,,,,
159,2,146.0,20260116102316178,3,是,是,90.0,base_info_20260116102316178.json,,46.429498997160046,0.2318742019313889,34.53862008933704,0.1386644736305644,94.64671759974054,49.93662318033751,48.18038905777746,0.1058230574850233,67.07215380903284,0.4505331800787279,60.07343082970434,0.7318695303595956,55.34027846798721,41.9006899986787,183.49620936378156,18.475072438696213,95.4570371909561,48.65248565784219,70.50280353168098,0.2744009499542255,32.73616449105481,0.5329769942141331,50.709299963609,33.00477811874459,53.52246973532491,44.74329971972173,14.973067383635144,4.228575077376492e-15,25.873084290839937,1.5320891435397892,34.304087454874896,0.4713056832981103,25.150112342490388,0.2158880589368497
160,3,1.0,20260116102357238,1,是,是,0.0,base_info_20260116102357238.json,,,,,,,,,,,,,,,,,,,,,,,,,,,,,,,,,,,
161,3,2.0,20260116102411257,3,是,是,135.0,base_info_20260116102411257.json,,,,,,,,,,,,,,,,,,,,,,,,,,,,,,,,,,,
162,3,3.0,20260116102414925,3,是,是,92.0,base_info_20260116102414925.json,,,,,,,,,,,,,,,,,,,,,,,,,,,,,,,,,,,
163,3,4.0,20260116102419019,3,是,是,107.0,base_info_20260116102419019.json,,34.03140226840168,0.6607341345090701,30.637900953246728,0.2462518033666997,103.45934060730686,89.62250560538686,45.529906577096064,0.1098108787851274,77.82020016429705,21.070339030233708,88.90893398074883,27.591218089521664,25.243654557348098,0.3038792500555221,200.82338285715025,38.221715279983066,108.6513411191069,88.01871396263773,95.1781762400285,27.01094119384411,175.44336754544975,42.15193541401154,263.91650907574217,2.5589095683976826,14.477933427292106,0.1332934271784177,15.41441241086804,0.103122621198737,66.00766064206634,53.82967682311332,64.4712468468192,43.71553064272007,31.297238947076707,0.1841191263999957
164,3,5.0,20260116102422214,3,是,是,93.0,base_info_20260116102422214.json,,119.63809487718493,39.16487787083533,224.4375796826222,0.8544704086211254,246.59289513192607,0.986037851754869,4.348288937347042,2.0621393163536075,87.01170056865527,29.62135451181053,63.75787885152971,26.79977215326464,92.094607533493,99.60032929680295,167.72528731591157,1.7906758110527488,242.3204169756414,2.966604233973373,156.373690524132,42.36832210392152,78.41501155097154,42.016095553751256,52.32504216455235,17.099886900063073,14.02867962128523,0.2119081172668221,89.77429443486739,106.91100644522976,92.37645451562972,97.98089691487291,35.21122863378616,0.4638174063951785,152.87687827417042,39.85068983290959
165,3,6.0,20260116102425631,3,是,是,67.0,base_info_20260116102425631.json,,43.006012010399736,1.5041233690723377,29.271603167994,2.0384999960825843,169.62241053816695,44.109264822213184,227.69393211096056,8.99004251419986,61.69608554889184,0.9104130773203196,50.45612867955048,0.1424214222941389,19.991611398817724,0.5369731665581575,207.24383351333327,28.86422049680436,59.5310561641243,50.42604314481458,232.0843309134791,8.907543920297957,32.78963472770852,1.512995945827485,20.24319934286038,0.4108459746662623,17.022437958149585,3.1318360081749264,15.257000064953564,1.1556986236905302,234.123336359587,17.829126437070407,225.92649293529828,14.054114776889229,20.9804469828442,0.6374956545602323
166,3,7.0,20260116102428958,3,是,是,183.0,base_info_20260116102428958.json,,160.36957039136217,45.39881408323576,43.787038642262736,0.0774317558841001,45.48294715889519,0.3472080287156395,252.0713884994203,0.7790201392482692,140.89883361397526,49.89800333982053,52.27782966915856,38.30860223922857,255.97932528970804,6.745575209713621,200.7425222825676,2.01907241704294,260.18059176585695,0.8943520761570994,84.11965852593052,60.23650626576822,154.22290820710757,49.555333172848485,230.54548374609644,12.631020799962746,251.5401028751012,9.634928866973787,17.53621950870863,0.8559247611599764,198.5551912583269,19.948555654068137,65.10919658674806,19.784715230353697,57.51421036553548,46.82753526703356
167,3,8.0,20260116102433457,3,是,是,121.0,base_info_20260116102433457.json,,35.9784778233362,3.4267408928851038,38.74280369964145,0.4746315127954483,257.2626313498047,2.7497106068455386,258.63583946348746,1.7467290852318893,66.20347915449761,0.1949034706713336,58.815286917035145,0.2375249962371209,155.06603546171797,40.04544864519135,199.5653996331229,27.337663339554204,1.5729079145405465,1.0401499571332105,240.8992582213604,1.7416904761623777,37.63572730614132,0.2639352838331633,148.2866388911152,39.976183759305336,106.30053892647643,39.69185041179596,51.40854211243507,23.515343716020965,247.9697424417765,1.6941593413373248,243.36963698120124,1.6964818789038092,27.737173508574955,1.331649369057604
168,3,9.0,20260116102436613,3,是,是,87.0,base_info_20260116102436613.json,,37.212282208413946,2.49178187170737,31.20305028509082,0.8027245200873739,174.6421017793817,96.93201450304814,245.80455512847823,0.8108866626156132,164.63718029870276,71.85193284775768,165.79834448809893,81.4173016599742,146.3373914115843,40.09437872992376,225.96226295216016,47.66256801466858,84.46671982499568,115.67043363135453,85.83767705245253,112.72831876745462,169.4844570728488,97.4052061300505,133.81177643065087,37.30060012127741,148.31378708815453,40.43708198667317,14.24369414991608,0.2785623744308008,22.20568789726759,0.7327249299035308,31.776746641656093,0.3649753892710083,27.103865775078045,6.612656575796899
169,3,10.0,20260116102440329,3,是,是,104.0,base_info_20260116102440329.json,,39.13959124928992,0.3582770152882564,21.808084808107957,5.9334871286659885,100.14673634694542,86.41560831766944,71.20092871219371,31.338585014095937,70.77013336830201,0.4214994696189739,57.71329460748598,0.0393115938241221,207.23748833241083,73.50639184028083,203.1989802255326,53.019829166230565,76.6428977012024,27.14362816912081,104.95803027412086,34.36546729459836,32.02725132092596,0.6478303349322057,71.36415772097384,54.49967746006179,74.58910637634047,67.29759446602982,277.4026603198931,2.788609784427165,262.79206086608343,2.020975679142351,39.69722897071628,0.5632819861137041,27.9214864334174,0.1380553865022246
170,3,11.0,20260116102443295,3,是,是,56.0,base_info_20260116102443295.json,,,,,,,,,,,,,,,,,,,,,,,,,,,,,,,,,,,
171,3,12.0,20260116102446889,3,是,是,115.0,base_info_20260116102446889.json,,31.007424196757317,2.193816344861366,38.10706915857429,1.4088343737480016,100.9834676792474,57.53440005997604,260.42909251558723,3.4757275369398366,230.63573337094823,1.1065544760241155,249.65532788276963,2.590158880735139,26.343959945108697,0.1144370699527339,176.910800799011,13.09472428671882,180.5715764128355,77.51384977477154,2.2852592455787795,1.0054037365790236,190.2583003814344,51.6892394338181,69.31264709322836,44.895708032279785,13.731570368816875,0.3854171823179134,17.66200096601945,0.4048626055156482,25.92549680723489,0.1801461991484508,43.850323485723216,10.84509007958994,51.28329762365913,19.14769712115327
172,3,13.0,20260116102450118,3,是,是,110.0,base_info_20260116102450118.json,,40.030421348545694,1.8141798462081973,32.62260648859729,2.1202989179697846,168.55488381291795,90.68366319809073,195.30620887390265,27.21661887240565,69.66149238331127,0.8820895235311987,61.5324256973924,0.7284075428619052,26.01787510375375,0.2496102520563933,234.5427777335626,42.65069362836881,71.52294192928066,73.37037099239343,206.10876137376383,24.591205887510043,33.854016537512685,0.4850638268866865,33.1788175005971,5.301709462533642,13.228894991530808,0.1341481073179402,17.33864396624738,0.2643025541852629,173.1695474467225,100.2249639152804,152.6223137378287,83.35502920360244,34.1955063492622,0.6510143237718978
173,3,14.0,20260116102455262,3,是,是,115.0,base_info_20260116102455262.json,,39.97788803885592,0.5991635599646918,24.431402819622843,8.553201931521452,110.25436244860042,74.00348257069503,57.90763870089386,11.317999453344951,74.4209521741832,0.2153087806351405,65.03885042791339,0.3263499323349338,95.3263502515661,59.79402756950149,203.05692221041568,43.49517511272415,111.77401859745456,94.3606172537193,69.35942437290271,0.4037665525439472,248.5543819709038,1.415904428013774,189.70745085269832,104.65275249330908,84.25307199468145,98.68079275881468,168.34337855564192,46.39971396867906,160.6936338337122,45.90113807293215,39.97466246474505,2.150069497709193,32.73984691595444,1.262497443444917
174,3,15.0,20260116102458715,3,是,是,83.0,base_info_20260116102458715.json,,43.78135356449047,0.2247785711088568,31.06840571421712,0.0084786603260506,36.37982840181794,0.0483122617107227,44.266800381002895,0.2310105919097806,65.79314641558322,1.442624387404796,56.89976725429807,0.4740161787641359,22.56978006475857,0.2351603098620258,165.161114937182,0.1754289879121571,44.25790242477868,0.2517732679377994,64.13570721950073,0.2357904379137573,32.2484676959749,0.4162914518198559,26.388310417631363,0.2259874875515982,13.77867344250185,0.2492199436958544,15.225439509121452,0.1493509800886514,23.641206462665597,0.5754995563708319,31.441130540943146,0.402965118392419,24.566262207716747,0.1597293843238961
175,3,16.0,20260116102501773,3,是,是,69.0,base_info_20260116102501773.json,,35.6759101652904,1.9126965226819568,28.14605394856676,2.301978450875529,103.6653643722239,99.8960812247256,246.01881059045365,5.139129532044672,224.05578157549192,4.175721114962975,245.44758116481125,0.4597921395975954,55.643185375695566,25.2729256901686,179.84986778192243,42.03188574534512,172.1906501462463,117.11136967160448,3.1574462743190703,0.8606933371045355,176.50343244586853,37.357307011543774,27.17899652196539,3.341338643086313,51.81039047087668,25.780543323645684,13.709925008457654,0.131838245949043,20.976552655542744,0.7244442704870586,32.20693792020347,0.1659637284308692,26.4529673587734,0.4898222996483189
176,3,17.0,20260116102505125,3,是,是,63.0,base_info_20260116102505125.json,,78.58210326822613,47.58767116057996,28.20194689547757,0.5467672067280066,31.96486293764584,0.550815973096881,34.23622576133689,0.2806160739203771,221.5762693119728,4.553471313960614,147.71353955557154,54.76886932545403,14.56762851193003,11.894493123244496,255.57930720647784,7.543519629700435,32.776095361215944,0.6957934077413345,244.92106490711512,4.393429455614852,238.2088036348869,4.46713133650593,232.68184672166672,11.775828445256858,13.513584363361502,11.099923575619066,1.0553761496324494,0.8617110177675632,0.3462481853558379,0.4896688796772994,53.6367946824757,46.08039013342598,104.10284000076727,66.47576561763348
177,3,18.0,20260116102509032,3,是,是,83.0,base_info_20260116102509032.json,,161.3277519789412,48.16054704036103,176.99072871854565,53.65975291245824,112.24131238285533,97.82519533445848,196.25940661914728,52.52677374938938,66.49470959866314,1.0836279761715322,169.30624577971665,55.02568171790923,232.67806108767263,29.648533732203084,176.03612876502984,27.876323778870127,105.89328194403517,77.2901016725761,68.97044642499954,6.509404415405409,116.55164747836024,65.7810001543677,131.05366256481645,77.28440880644068,235.9208100531758,15.83073197982336,41.07637079396324,16.629866418894085,98.01404651837473,74.87124512740867,92.29153207814902,56.663718170107664,69.07513411989063,25.24814254021829
178,3,19.0,20260116102513260,3,是,是,177.0,base_info_20260116102513260.json,,216.6551289672163,0.4808636920852365,56.38591597844937,27.417610874276747,180.57902683461285,48.70875109307132,183.0712706771224,49.53486235108082,132.50663650725582,14.045141601101651,91.93839411523074,16.823037707937672,276.28444017403507,2.4490408026022763,277.146870113872,1.7856136736759822,2.618288577312513,1.3988220706229717,89.71398198749155,17.308265103799076,170.1006486436354,20.1174605872189,256.1433642151707,4.1215638900509175,276.47775978618506,1.8499338616433816,18.50232949459337,0.3500277179074849,279.3191756813223,1.4165142186837862,68.50413524265086,36.3426162253575,69.59417090161499,37.2161528498475
179,3,20.0,20260116102524327,3,是,是,214.33333333333331,base_info_20260116102524327.json,,,,,,,,,,,,,,,,,,,,,,,,,,,,,,,,,,,
180,3,21.0,20260116102534548,3,是,是,127.0,base_info_20260116102534548.json,,,,,,,,,,,,,,,,,,,,,,,,,,,,,,,,,,,
181,3,22.0,20260116102543055,3,是,是,180.0,base_info_20260116102543055.json,,66.0021933315163,21.158182323737044,44.02791075090882,0.3650321363723917,249.3819062652541,1.3405892472106913,250.84860189901403,0.8319194265683616,122.84338501227435,60.73227290086446,149.05446735699374,69.44835155547284,262.8258307794033,1.828675641276035,266.16981172131494,1.8420883103393515,1.5199422575553954,0.5697370241498687,167.08369244542712,114.4859853009203,110.433350485321,97.07383934840472,251.2928210678864,2.2035275793621536,263.9556965451639,2.723109928334669,18.330397093315188,0.2904670237451908,218.5137094112656,61.54051697886373,203.6173346577673,60.692996579478695,64.84780375300642,45.76771759343961
182,3,23.0,20260116102549389,3,是,是,130.0,base_info_20260116102549389.json,,51.25394553373312,0.2057021601915569,33.71281915703191,0.1304316917825441,128.10863528046556,70.53494936646871,241.0374219922681,2.5408418142654403,195.52721922476977,26.774474634888666,227.97532403495367,27.51869914888301,227.3173137231824,41.064314858864,173.9990051577006,70.72141268725095,129.10275524768198,91.18471864032774,22.572739431604404,29.422916673305725,206.0429732090852,29.96699223077924,174.1974967738166,76.96383696039784,133.7285919701831,105.28237929278242,100.70940900360884,58.82303587216606,216.08598674556967,55.090196804135374,192.7297540646028,54.18338976736601,25.920213259424244,0.7875512329190868
183,3,24.0,20260116102554755,3,是,是,140.0,base_info_20260116102554755.json,,38.5108626101534,0.4833973535273831,45.252459431763135,1.102678129943044,43.379506054937856,0.5450224241769962,181.29122543010288,97.332156759374,120.89500122913394,76.85721347848596,137.82026127935444,85.80962019676532,98.60460929602168,91.6943443819724,195.5915881415553,0.5255357957793388,196.50319776640063,107.83005750758828,109.79606758754544,91.48076696400204,145.83811463793248,71.82684417672624,125.69524435343428,74.03439204281236,91.92383177143776,96.91703341234653,18.01515182661436,0.3614367917817769,31.51443213605539,0.2984642152437379,37.52755896557045,0.3604334686078316,55.86829297955634,0.6700231716413252
184,3,25.0,20260116102559777,3,是,是,118.0,base_info_20260116102559777.json,,41.65984850590839,0.8313254790074415,33.47305258675124,2.6851184110146638,64.32775290369737,35.08471717809862,46.48781636603669,0.880934855656611,75.58999073527563,0.9657560553378712,64.44025630074447,0.8362928605693312,28.349633328108805,0.3842286429907621,183.0165103116169,5.335468860006123,71.57863949321889,33.09132833375462,69.77518890529579,0.5231644393891473,37.159141436465,0.9367509719196816,28.52050848583055,0.4431615065970303,13.72541782112885,0.1048692567884713,19.04650589583763,0.3061133298369889,81.76501331718637,48.052786900190455,60.69277159781373,22.405896402447848,34.6916040929869,5.840452643160439
185,3,26.0,20260116102604726,3,是,是,129.0,base_info_20260116102604726.json,,43.59953652040264,0.4272969975121032,37.61340290117892,22.32282499861559,78.14544550249731,43.3956124074272,73.77051359581887,20.30549596979557,78.51760649887012,0.1395568054180014,65.52870365709164,0.0559553180281336,27.231608927795477,0.3190040992505256,204.85254741656968,19.79276117608669,136.79062645503697,37.1229604124236,72.54610403697465,0.6912415952055831,38.764751085307296,0.2987513566740123,27.38653620121166,1.100762166895075,21.63249559096164,5.91503487678546,30.07406045270973,8.235316601430798,24.594681689280605,1.5134715169228734,37.28696713336342,0.2988695818167958,31.886869499822087,0.2814546548996047
186,3,27.0,20260116102609408,3,是,是,101.0,base_info_20260116102609408.json,,57.327566018040265,47.85239592158481,80.73840952378386,74.07014211561253,123.34305945851058,43.00837993757167,101.99333721568394,61.04139349327715,65.57639023306545,1.8109776693491484,89.87477324051191,27.682355791591487,25.080868283212077,0.5155449464798925,184.23883587722264,36.18078090922798,103.30988837104378,51.451252112071074,129.3841212177282,44.33250593491904,36.60294390950518,2.3954975842150703,27.145493298178742,1.3555885383941482,13.8982876835637,0.3681500285469753,16.40355596125705,0.344333508805912,23.381454442091552,0.7159039778064964,123.08365246367516,75.0481659620451,101.1743765511356,34.12011309178725
187,3,28.0,20260116102614773,3,是,是,247.0,base_info_20260116102614773.json,,46.33652896161888,0.6434843692800017,60.52544223308097,0.3762883024650358,50.06929849496438,0.4855792647044768,271.3005248138712,4.16082766571127,80.4689334036595,0.5571290228659587,96.05393932442632,0.9733004923731032,243.92989636650495,0.5481470308433855,232.748127086442,0.8680790399560565,293.3880764315185,2.9919720669218504,244.62543148480827,1.767756486600606,52.15541757803998,0.5460192638204644,236.180067259628,2.074230978903417,241.2743028733084,0.5175784284177423,20.85963136630554,0.2238278431892203,37.13609531729588,0.1041345170869029,43.2953018619577,0.5387893158553549,73.12770515225266,1.079203253264997
188,3,29.0,20260116102619608,3,是,是,170.0,base_info_20260116102619608.json,,41.17361600818261,0.6454114251346075,48.92030690552614,0.1908632324523939,42.47534964201866,1.0568699127221746,225.95396721563395,35.7398807524194,217.49827388471536,6.597183060894829,241.2936754597877,7.12351422719654,89.71478973218704,40.41655469189365,197.1582856473087,2.116214582331004,241.20898786766008,37.90181911823756,37.077780815733085,29.66042339587854,233.1793028270548,6.129303267456457,28.90197655850132,0.1238607917308221,16.811321535123366,0.1989561394269602,86.58152146549385,43.00838890665063,75.90482490286584,38.66381184859366,96.64458771809878,51.175020240471255,113.04584061276618,50.86200896664774
189,3,30.0,20260116102625480,3,是,是,185.0,base_info_20260116102625480.json,,36.15975921769805,0.0401716578913334,33.02897577556095,7.517197679304205,91.79624863383954,77.61253160985889,253.12244717747063,10.512162426194168,229.64382347603544,0.0601303003358546,258.9683793932219,0.1851701715966053,186.8146733147108,68.46893229928367,198.77007789799293,16.408821215379323,181.3355810483662,101.9160506387942,0.0,0.0,245.5956842724441,0.0659272320201641,32.816961666734905,0.1540049422272629,16.555523831176334,0.096199138238908,183.792025688566,69.19247683837855,168.9289296534611,67.84082998183574,40.49594893924871,0.1332226536698975,56.20595523930633,0.6026159285724152
190,3,31.0,20260116102629298,3,是,是,156.0,base_info_20260116102629298.json,,42.16987791538882,0.0930076569905922,44.51277249948844,0.755742200760795,114.8337121278082,59.77501813124678,263.2849164302964,4.483583513265338,69.16912916590621,0.6547642457293739,64.69104126889785,0.4687682100765197,28.271135650142416,0.1092896488702409,176.62995942943311,13.077818347530249,156.54462670126563,70.297547969069,240.5949500731328,3.396476603668801,43.01944054342989,0.4944587403816585,26.761883085482584,0.4244659665733016,15.877842060263836,0.10494755888297,17.549781555862225,0.0731456796547044,30.200155769702462,0.3096430771527169,38.18070029080618,0.1491592932932612,32.92066750980928,0.2689321163779038
191,3,32.0,20260116102634325,3,是,是,186.0,base_info_20260116102634325.json,,39.42275468612477,0.3094834048985917,115.48801662815322,67.69087379533786,161.0901777779501,66.26968561045148,152.3004051161567,64.48043757538301,83.88521723786518,0.1120621112489047,76.06624475542792,0.0809237562663305,87.03372872185277,39.643809470506575,206.26547645781676,1.465320939015201,52.71557332178197,0.1112152045579318,84.15691735789052,0.2667772372239553,41.48897350387353,0.0456612780626343,33.28391491526481,0.3128257261204901,16.54311893769079,0.1604065340962533,82.22637390713285,39.40431109065527,77.43911351627952,39.160391470078025,49.306067743023306,2.773647311336383,44.66519420523465,2.573812704086973
192,3,33.0,20260116102638163,3,是,是,119.0,base_info_20260116102638163.json,,49.87715531883631,6.058496439367214,46.36035561218311,0.856510226206307,161.01614006967804,96.7194651957824,190.5564218747465,101.45802931986,65.92222016159072,5.342696443953161,70.15476016149597,1.0521853802931225,9.374569370352786,5.182192281777802,203.1643240743576,28.15033136091928,148.7593746720001,108.46286148501936,189.44529449152893,71.8843461058713,47.87090091788509,7.594665174841446,29.518105941630875,0.3353250520873975,12.313225147931798,0.2218114094873206,13.710617274105472,0.9019312308684172,27.619800735733275,1.8105979364774023,162.76766191379292,87.81207980501006,188.52920022395,83.94184029598162
193,3,34.0,20260116102641296,3,是,是,99.0,base_info_20260116102641296.json,,23.038165711214983,0.1288447116305892,121.16684693845052,17.139552633169778,109.1361975417422,29.57611869244421,110.86637494148688,28.002381202556258,249.1823738905899,1.3144562877654384,241.4456947698823,2.161795388570951,9.78707023016598,5.504159782034543,93.15582465469583,114.18662716324674,86.10528283394774,116.30537093328824,17.969086993827847,9.921617921170766,0.0,0.0,0.0,0.0,16.98431674651373,9.348781256445696,7.236826931814419,3.8673724018487374,232.3234177068925,8.480906402593359,62.8951227416112,42.52880747371901,64.0814423971815,41.09763125485189
194,3,35.0,20260116102646769,3,是,是,87.0,base_info_20260116102646769.json,,,,,,,,,,,,,,,,,,,,,,,,,,,,,,,,,,,
195,3,36.0,20260116102651798,3,是,是,147.0,base_info_20260116102651798.json,,42.7313203015456,1.0239681218758108,41.859112692201215,0.6243439926592568,226.59644513584627,26.539138691873667,260.09970977089307,1.7974967344239416,146.26181505377272,63.55778465350001,162.44035190077835,69.55437372874123,27.318652808366608,0.2332731028161944,165.28144402471312,51.57088229527487,34.67429932397294,27.4660086966661,92.48565434334375,74.6931637602801,128.49084552712597,56.60763098266349,73.94166285310642,34.328812185340325,63.56385559415128,49.32365066245995,64.52088091853388,49.56587540012436,48.48953472275279,16.911134471223153,52.77598562144556,13.312955851803563,30.28709639058404,0.185150247539572
196,3,37.0,20260116102655645,3,是,是,125.0,base_info_20260116102655645.json,,26.44691608342748,1.4009069377211574,33.338443495164974,4.592146811263018,79.2355188258259,59.74407497019265,43.64218039482737,1.3762467044947146,218.05221179761125,2.8819239299307737,225.16839076180045,1.5306092275690737,28.391431343194032,0.2898530972644013,176.05164857988544,6.083087908294599,81.8956089796374,58.79079484738697,249.67102552349772,5.447880682125854,225.3157312424948,8.17062317817087,34.83886027464459,5.50469587648332,15.381127590848664,0.1892074362027993,16.97964737621717,0.3731272716573528,34.76594816046168,2.905285888356341,34.568785180069284,0.3226202123006254,34.80147514850807,0.8306192829477976
197,3,38.0,20260116102701168,3,是,是,107.0,base_info_20260116102701168.json,,37.50849110684784,0.082987981227769,36.71985537999978,1.2116504346723218,68.04003954075448,46.44406228963112,213.00094368930263,56.499092565973605,67.67343943702507,0.3707950542539434,59.95214636728118,0.348878565033594,25.920683268499925,1.2887921251625836,170.74422465288362,4.654627582560122,172.18659611452998,53.36087000290112,198.8680216746528,54.2232517691353,36.07723662507482,0.246301270580312,28.263325554537868,0.3001927413121528,14.132075665025836,0.1748571891090046,18.477729609680107,2.348880446437833,25.20819512710183,1.2187187503289298,32.76078004117733,0.1841673033021673,35.835991543635664,0.0916595554900919
198,3,39.0,20260116102706944,3,是,是,97.0,base_info_20260116102706944.json,,40.21939959688471,0.4482886736979871,30.245749326142075,0.7552358349413619,36.50328764482972,0.4114602017337589,55.74537551988886,14.08749238340116,72.19154891499672,0.2416657645167562,59.91963844079646,0.1708409976026688,95.14128222097764,99.98607022152645,166.79445732243238,0.14982458784756,55.896729074296026,12.758741943258627,77.52667731354629,11.42021761025997,34.088341036486426,0.1522532667585696,93.5929805499234,95.750049327815,88.85670685419802,106.91827066323742,16.62465289376701,0.4038215508440699,23.419956330837987,0.3204571938250407,34.42955067866745,0.3786270882831919,26.149304633511573,0.2696801069697244
199,3,40.0,20260116102710519,3,是,是,90.0,base_info_20260116102710519.json,,32.40218759997467,0.1809226415180432,34.5634578307781,0.4565221079782091,163.68407754714156,82.51666760354544,189.15261117833103,106.26068635436276,233.150552518906,2.98395290770424,247.483656864856,2.983375686627275,205.0814101969444,57.62380801004097,103.9663825096692,83.78393672630285,192.83312378795023,67.74786390930421,91.3284267641507,124.67809636836536,2.8112622385859747,2.6335348172649304,41.67791467687791,58.86351102780236,42.3309905473742,58.40169944022586,245.63766693633823,1.7501685986096729,24.532204864464045,0.2824441764472433,34.82198345144514,0.2502364238372783,29.87423750728469,0.1681319560300712
200,3,41.0,20260116102714895,3,是,是,111.0,base_info_20260116102714895.json,,,,,,,,,,,,,,,,,,,,,,,,,,,,,,,,,,,
201,3,42.0,20260116102719922,3,是,是,103.0,base_info_20260116102719922.json,,,,,,,,,,,,,,,,,,,,,,,,,,,,,,,,,,,
202,3,43.0,20260116102723585,3,是,是,90.0,base_info_20260116102723585.json,,,,,,,,,,,,,,,,,,,,,,,,,,,,,,,,,,,
203,3,44.0,20260116102726958,3,是,是,49.0,base_info_20260116102726958.json,,,,,,,,,,,,,,,,,,,,,,,,,,,,,,,,,,,
204,3,45.0,20260116102731106,3,是,是,56.0,base_info_20260116102731106.json,,,,,,,,,,,,,,,,,,,,,,,,,,,,,,,,,,,
205,3,46.0,20260116102734894,3,是,是,62.0,base_info_20260116102734894.json,,,,,,,,,,,,,,,,,,,,,,,,,,,,,,,,,,,
206,3,47.0,20260116102737439,3,是,是,86.0,base_info_20260116102737439.json,,34.49623458551047,0.9893086959679332,30.287201911304678,2.360721047696884,188.35146832800447,38.22650212445492,215.65356599030656,11.524823968327755,208.6401492537999,11.010374542252228,209.87413177225912,21.23139339171037,24.274507387420403,0.2393057500789084,199.01574725376653,23.582427375667827,38.6030738688222,21.094131680281286,19.6309611020044,11.445890276809497,222.3404714983276,16.304817216864087,23.53859837051765,1.266777713255545,14.286537518144437,0.2720359197368006,15.943446165393246,0.0607361705074876,28.362886487760463,2.458716106208872,32.206137273638674,1.1780520360784963,27.788677524368364,3.886484450669808
207,3,48.0,20260116102740503,3,是,是,86.0,base_info_20260116102740503.json,,40.82852243258054,0.0570241546337412,29.45041029938569,0.1021238874063645,243.9967267871304,2.588514578280737,244.18393080834824,2.4874014774164177,220.9697116522296,1.972013954136001,239.59147032177827,2.0055240890024217,252.4977322193015,0.8578618973314663,252.23074415990024,2.636513880921897,0.8027598553544987,0.4313680858021412,1.213009127676988,0.6945025090672243,243.789783120647,2.0744533743881366,246.0399427930152,0.8704313956792921,254.0746393609296,1.3723580929728916,13.780690548888522,0.1418283922954789,25.25863308103416,0.5675328986185989,32.27649211425939,0.4437552292203008,24.298381980466576,0.1114867818180611
208,3,49.0,20260116102744823,3,是,是,122.0,base_info_20260116102744823.json,,36.80828547423067,0.1634402106582248,34.37904554203475,0.6467376292642042,40.17825902296988,0.1553940543266408,113.62028534393728,97.1744198356081,229.38196501698656,0.4532459781528011,246.8945200394163,0.4819366087493455,247.76908653101853,1.7379164809054075,187.70926466162257,0.2283883034739107,124.31899327323949,101.02903709167732,167.75719553738813,111.8525993219456,243.2364852718528,2.639309087085005,32.42380083106223,0.2636381169360017,16.46228811187824,0.3062739526746854,245.63134426405716,1.7421965744954908,232.5733151911189,7.208999460607943,35.240857125652745,0.9175652342885936,35.14715209395529,1.317539156014094
209,3,50.0,20260116102748099,3,是,是,122.0,base_info_20260116102748099.json,,34.31132618121325,0.7849839106108665,35.40462749161895,0.3434826043851847,107.86851292194552,92.6686489615076,97.69300446339908,70.96970147887885,73.20236115052306,0.8152787757171993,70.21599563582647,0.9276115825103878,258.82549433049445,1.8780380666739327,206.39782257774317,36.49623617330604,158.49482378254808,80.43586314585478,116.64001919728037,61.56917670209764,34.958054448283896,0.4522319291389893,252.43778861387696,2.2811582894748264,260.1533929718743,1.8690235726212532,18.871427027903444,0.0459153638541294,24.724923544016832,0.5499480841285229,35.12858645441241,0.3099372195098266,36.15626882925597,0.7721100891080969
210,3,51.0,20260116102751343,3,是,是,135.0,base_info_20260116102751343.json,,38.77663069422117,0.1414178299971486,39.0688013646431,0.799195908507661,132.07630611600683,99.25133371662317,136.3205989101101,76.43011078725951,73.08242148325886,0.1900926795010531,64.72755238387013,0.3120541227452492,25.90443482566004,0.216089120069192,196.07268990772167,35.99036734758377,177.06611633761904,63.45775523619246,136.9430829795928,56.90880540828485,108.43180530424668,97.305950802951,102.52700850095968,100.24352539405592,15.570363755912204,0.1969903623914708,16.388334493082084,0.3444101158073221,25.42057333081458,0.2353611958638074,38.36871655098372,0.6858591012587772,34.39793411562056,2.623139484814876
211,3,52.0,20260116102753930,3,是,是,105.0,base_info_20260116102753930.json,,40.14204433605859,0.1748087049140151,29.7102138466502,0.3693926803732283,235.0478905863692,5.050541245958607,42.43315445928612,0.3128069304165248,66.51217916508593,1.529006472304656,61.268559206790265,0.2755819993899709,244.2870119243499,21.261738782639004,258.1189253047747,5.12990739874336,235.78767117636767,4.585697649958023,62.74616466935978,0.284447768203261,36.60805198098706,0.6496896673524981,22.609211421580568,0.6425465891390207,13.698024755781224,0.0898278289934777,247.00757467995092,20.57188243468732,230.9629456214617,23.75625725652238,33.78954817217928,1.9346745539610763,30.250082736790763,0.2670788322394566
212,3,53.0,20260116102757226,3,是,是,93.0,base_info_20260116102757226.json,,34.62185615783562,0.1483132651521979,28.270187628753657,4.176034285601245,176.61701945220292,99.96500541442492,246.7862646595322,3.877297905034333,227.4327941306948,1.1968511232187062,245.82516429691256,1.214862050121574,144.60581652313638,40.226953604105546,91.21877424501896,119.41428766282064,87.45334099351264,119.9327528934006,5.226208574625349,2.792934298654036,236.3804643759216,4.987579114169328,87.90318340638,41.15890500027265,149.2650812374435,41.02192979945643,4.707407351112518,2.516905661708816,223.77763366458808,4.5921291785798966,35.226093930226035,0.0767202435820185,28.02130928928074,0.2167423315758537
213,3,54.0,20260116102800693,3,是,是,123.0,base_info_20260116102800693.json,,32.15664968287761,0.1837253281006841,39.88848447230219,0.098385463116402,40.04886554925408,0.3070559705999877,90.44436265868896,56.7897530050348,72.37584504962534,0.1956307582869056,67.5486977501515,0.3119351135706038,28.584777135334225,0.2292787373179508,189.62146891980765,0.0940407156307848,98.52561299159883,62.99113725111484,99.82949137399122,38.046311586936255,38.82453811399768,0.1998136421977194,32.42082009438122,0.1380451659364433,15.6300691857035,0.350625116098537,18.10112155094777,0.1880599450193775,25.649541061617796,1.142477130313822,38.65955949386131,0.9160819233378108,35.179706495850326,0.3868039767655924
214,3,55.0,20260116102803972,3,是,是,108.0,base_info_20260116102803972.json,,40.168209390714175,0.1750793834027375,39.45078370517557,0.1357227670998967,265.27341651246326,4.281919102497118,51.5619837736805,0.2629477103964719,178.96768614040866,83.77817645575661,189.82121366533104,92.7028725562248,244.449376373739,0.480446931944895,237.68142684563315,3.4159325721923435,237.49351031052396,4.319667268181581,184.0295793244234,86.34241976039068,173.8967174181706,98.06207529211672,242.90091370621576,0.9550801162532698,243.76450220085025,0.4656883589163219,15.482595749421328,0.2568948329939989,26.690885932949843,0.2904799830560387,35.46334013776504,0.3269266230858996,26.989621352298645,0.29083769974194
215,3,56.0,20260116102808074,3,是,是,108.0,base_info_20260116102808074.json,,40.86720325261559,0.3151349289759503,39.29567145342716,0.5578975424344172,254.38117823402604,8.011723245894709,73.75537179153083,25.02528860883139,219.58903413669717,8.483073431045568,237.20791761960984,8.652879266379456,135.27046729270342,66.69643149971546,236.38344511241576,5.321589676670228,194.6066820913488,38.60010997961567,193.9887138074149,39.172625379008885,2.574485795657208,1.6213347759014525,100.79906396438209,73.70593914041407,134.1411175138508,67.50282963959232,16.324988148985568,0.0610583509337216,26.36149737005584,0.2113777823817776,36.352178366334094,0.4277173166326611,25.13926893255089,0.2133209266367223
216,3,57.0,20260116102811647,3,是,是,111.0,base_info_20260116102811647.json,,32.80220682911446,5.634839514557678,31.09611138970805,0.3894972732171237,243.5008586057189,3.0660856196499617,44.81014536254808,1.009257619317027,71.94576410986285,0.6000376572390547,64.2807573324813,0.3201121676762123,25.79299064535808,0.3383246873034282,261.1394047478598,2.768641219254685,241.163268946516,3.1621444474822087,67.36752523027496,0.9286726696714642,35.19205107142318,0.2190451271821457,25.96031472875909,0.5154554284436021,13.850622640607666,0.1041982952641999,16.408344514947256,0.4013638641563526,40.08566653365886,9.566886980121662,34.16933504403034,1.8654049295284951,28.85479729965572,2.105030530668824
217,3,58.0,20260116102815982,3,是,是,120.0,base_info_20260116102815982.json,,40.09172720773714,0.0720387802635647,38.22700161316098,0.1229285048772273,179.97501777234004,38.62736351663112,128.2929518170233,37.096043027369326,62.5328626227728,0.0873309779113169,61.634004639929,0.082761259157381,26.13360332372227,0.2223947243610152,186.25842033419767,20.942452156374777,61.67490940045574,45.894416395026845,101.21750975826173,32.09638979301009,122.49621903319786,36.83009064099932,134.00490201646411,37.71663825708119,15.451902874621736,0.1094981285423226,16.6602386996333,0.0397275714797712,29.67235491494387,1.5654672041152295,37.00060004005497,1.2605751269572285,28.450350589703,0.0941606297524647
218,3,59.0,20260116102819005,3,是,是,113.0,base_info_20260116102819005.json,,38.05389946685822,1.0853494504747063,37.5220293154317,0.2006529583603897,256.58794185335216,4.474162477910151,141.5882951270921,75.96017943029283,221.32641046777312,5.738661443542863,236.38450541341797,8.440403617838118,24.691413069237537,0.1887113964819516,244.2406080217428,1.7233115660137857,123.85276629399984,87.76142565653664,121.20278051433912,88.47772704449619,196.4547616138828,30.086269677924705,51.09029040918082,22.34240946686321,15.98109208953558,0.1398722701053338,16.77200520772735,0.0768973409427198,28.69417325003997,0.1330972008977768,37.08651045662497,0.0142925913768226,25.86704371705011,0.220819120689681
219,3,60.0,20260116102822192,3,是,是,94.0,base_info_20260116102822192.json,,28.887602318778764,0.4087096702894635,37.23744021678707,1.2163875250995448,231.6888399950417,21.908159578919665,43.21649242914018,0.3698714078812964,64.73225762727246,0.7025837747853214,63.00213335467109,0.2859756343801424,25.896869254954197,0.0663465615775769,199.5658133233197,22.9327999735604,230.9542672371846,22.24381549710344,71.4280324519279,0.3598773696010365,32.61725471984131,0.0286068067713735,26.63380945040534,0.3922581985494469,22.32521563464597,6.609355671833271,22.40143828918791,4.906180575032244,24.76849672726784,0.1708146694395023,34.80580158966597,0.1133071180351494,34.320551496654666,0.8730313436120725
220,3,61.0,20260116102825886,3,是,是,121.0,base_info_20260116102825886.json,,37.25919490534972,1.195090346801572,37.85298573802705,3.243632457382456,260.236129899356,7.522574457674624,195.96768761365624,41.527420897998105,169.9669149470259,76.28682400231436,178.87273740519575,84.82674269656695,238.72877791766663,3.730753932819164,240.11151216650788,2.911417991491964,65.83340428858077,35.147265522089334,127.84717910061318,67.29024015352994,154.21055981765113,79.64083632230819,218.72152612291765,13.82432124238684,238.12987168012,3.748055795819399,16.279619868389716,0.2282643436680116,28.660630526180626,0.3297936659098775,38.00652167768127,0.510354852572684,30.7317465493008,0.5982636598057638
221,3,62.0,20260116102829499,3,是,是,118.0,base_info_20260116102829499.json,,39.686018834400834,0.1684905917180592,39.60176926828101,0.1222699281302999,47.95277544152205,12.54377606094082,50.86766697432225,0.2623309345288341,117.50505839102154,62.15013085411958,129.25779134433992,66.78192377543533,180.7315172884627,48.23733624107126,169.61263348328364,18.02591924109771,48.87906804144817,2.0056479805367347,126.74637876933552,63.434576084731816,111.5228914680576,71.14291676592644,178.3672621104246,47.48074576114437,138.68194365362578,73.37765295853985,52.41416564416172,49.818003655227706,30.48059473668773,0.1774496702047915,37.4705921334168,0.2787516494430433,29.94046429212601,0.4139372811185512
222,3,63.0,20260116102832762,3,是,是,98.0,base_info_20260116102832762.json,,,,,,,,,,,,,,,,,,,,,,,,,,,,,,,,,,,
223,3,64.0,20260116102835955,3,是,是,92.0,base_info_20260116102835955.json,,39.55394820625242,0.7525797043603589,37.07072635548502,0.8505701765920888,187.0522494305984,43.77050225136145,172.47793214214812,82.28709292245175,186.4628225820168,69.07255155472954,200.82757120018232,71.57249341922737,243.44872403756256,0.8158796817851524,188.3085798636788,25.288167236319232,39.900206103062665,35.089611418094485,53.029031556326494,23.77490901892291,189.4936616303618,73.8088793582458,240.84843262436644,1.6977712454280922,242.59060628626844,0.8113858171926982,14.457656022715945,0.0410798153459279,25.73587514834121,0.2731266869403863,74.34385171677275,36.179348437621776,75.39161559325277,42.67813156982358
224,3,65.0,20260116102839162,3,是,是,112.0,base_info_20260116102839162.json,,25.69652477484713,0.4862006423947996,38.32445891940136,0.6572729341038096,162.9915119456093,77.86465565378126,44.78960538363077,0.4475040960497443,68.0212569641031,0.8609091758664067,64.95391570670422,0.6830589041322344,48.53102183563584,29.871452340639166,188.561628032402,38.00837833281737,166.76015512175613,76.51529970858658,75.44114296087604,0.3997823064182016,35.04305838190239,0.2768272594124152,50.05928508910225,30.706762720809877,39.838000377759954,35.089765285248575,17.372243399548644,0.119046453832413,24.665870893046304,0.2973766850517911,35.893839905777334,0.0328101077788866,37.138540189403976,0.5586774006715123
225,3,66.0,20260116102842149,3,是,是,154.0,base_info_20260116102842149.json,,43.356463628436245,0.5538228941544694,41.24241315693695,2.03560987829065,259.84718152012965,6.8417534079268965,114.74489948066288,44.476008062105095,218.0832677061287,10.78805389000917,237.93634564766964,11.165239514548787,75.12965716135444,41.51855197861615,240.1937585073475,2.817140765489416,153.22577833317814,55.98831762032193,147.56627481544663,61.8403213611857,11.811755477178195,9.05031373052096,180.23340308426643,50.8416787173388,68.57603629930504,44.32007197298031,17.18435305075735,0.1179883783867206,31.174681085841076,0.5796911121498783,38.52903366762043,0.2675039196004959,30.92253897975134,0.3131357083786528
226,3,67.0,20260116102845041,3,是,是,83.0,base_info_20260116102845041.json,,36.43911570369315,0.9972175786354386,34.18824902972719,0.4083411354383345,162.4124856482503,52.13820228984228,92.13981159750642,58.67571707674372,230.50959620821325,3.429851334980613,243.1766034553085,5.248055588233576,160.59772410242758,55.18246972479458,172.97202062460985,31.754224508367308,109.30257346936004,64.38409966998742,181.51720925071524,70.07266482631117,233.87380478634773,4.187055124480563,152.73333964480452,53.36997487829552,155.13083275093666,53.55381949421854,15.37506662036067,0.8070037651007714,25.372440095431443,0.2038898179699255,33.27145646192273,0.1810564533815525,25.124217744049663,0.2508593364464324
227,3,68.0,20260116102848214,3,是,是,111.0,base_info_20260116102848214.json,,41.26242845845261,0.2078618232943193,39.00529782006515,0.7565446232088914,262.5486590046307,2.7975236845751867,247.7533596617387,19.32065331324622,230.3450132827193,0.8340670430297661,250.4664060821065,0.7842418380574683,38.54870975167049,10.13195916055074,240.6903007232742,1.4823452938545885,15.851497666770042,21.28517985713777,17.399336598057253,21.115109910395145,159.6195174686372,112.678599848326,96.488309366594,87.51845832811208,30.422788794162145,11.9192180742299,15.559540110320546,0.4678312118451312,27.08501167186857,0.3377921921180247,118.96934942730866,34.83270511584988,125.21963240847433,35.75502898780996
228,3,69.0,20260116102851359,3,是,是,74.0,base_info_20260116102851359.json,,,,,,,,,,,,,,,,,,,,,,,,,,,,,,,,,,,
229,3,70.0,20260116102854644,3,是,是,132.0,base_info_20260116102854644.json,,28.44399520494363,0.1179564909875305,39.86091524582871,0.6437962162991915,112.35805621774284,104.167836377819,115.1339884510456,96.9507386466559,225.83603524211372,0.0939534515803181,229.83234880051157,0.067275551343704,27.856184684635775,0.2053965067812263,205.20357983477788,30.290180174743625,191.9580832136444,103.3421956957792,177.96611441343444,121.22787133049582,246.9261434031787,0.0258510998645431,30.69144882949701,0.3969083381347255,15.005184339623897,0.2475031089946593,17.69898718819562,0.2738487758375715,29.717945173709506,0.6495464176278248,39.89669214352449,0.2821110875098102,36.00375787969719,0.1426062524649743
230,3,71.0,20260116102900194,3,是,是,162.66666666666666,base_info_20260116102900194.json,,,,,,,,,,,,,,,,,,,,,,,,,,,,,,,,,,,
231,3,72.0,20260116102903782,3,是,是,86.0,base_info_20260116102903782.json,,,,,,,,,,,,,,,,,,,,,,,,,,,,,,,,,,,
232,3,73.0,20260116102906755,3,是,是,73.0,base_info_20260116102906755.json,,,,,,,,,,,,,,,,,,,,,,,,,,,,,,,,,,,
233,3,74.0,20260116102909716,3,是,是,115.0,base_info_20260116102909716.json,,,,,,,,,,,,,,,,,,,,,,,,,,,,,,,,,,,
234,3,75.0,20260116102912877,3,是,是,120.0,base_info_20260116102912877.json,,39.41375589455191,0.5096395784805309,29.87925209319486,0.7913098640465441,39.37845760262689,0.0662794531537871,242.2388480280472,0.847223643262272,213.63062823156903,4.698217923277978,240.93669944180112,4.547072778553862,274.6993498763595,7.1682674705185,174.5183865711989,0.1235656091058101,246.12710355969256,1.2481259591275322,8.133699820768124,3.8055101522015287,183.74465547946616,49.85869566347238,184.21901717549252,49.65789433193616,278.52749456196847,5.409796818992293,16.581951622758595,0.5451365532705595,76.72573730104857,63.9690643672738,68.37778559218546,51.340641469477774,32.72729708095198,0.2024871275449574
235,3,76.0,20260116102916424,3,是,是,95.66666666666669,base_info_20260116102916424.json,,,,,,,,,,,,,,,,,,,,,,,,,,,,,,,,,,,
236,3,77.0,20260116102920221,3,是,是,61.0,base_info_20260116102920221.json,,,,,,,,,,,,,,,,,,,,,,,,,,,,,,,,,,,
237,3,78.0,20260116102923054,3,是,是,80.0,base_info_20260116102923054.json,,,,,,,,,,,,,,,,,,,,,,,,,,,,,,,,,,,
238,3,79.0,20260116102925822,3,是,是,80.0,base_info_20260116102925822.json,,,,,,,,,,,,,,,,,,,,,,,,,,,,,,,,,,,
239,3,80.0,20260116102930081,3,是,是,90.66666666666669,base_info_20260116102930081.json,,39.41423216936368,0.7831817441108875,31.51926650992684,3.238219001696099,236.3235610408441,9.273284479672911,81.45174539571507,48.430720096299424,201.2288094925651,20.12629186690913,219.09680347008,21.289953219698724,160.1538254092118,41.39071457250432,214.2813147086933,10.506795510046665,169.24436498875735,47.588212011546055,160.2224561124379,44.682094526926825,8.822843116375205,7.0271277288358975,63.663678134231645,48.39128629840673,144.14259700473346,39.24764045800384,22.108777434056396,5.025412264367992,25.112821131479805,0.1908145205084408,39.31610231304284,6.797127860157099,35.5836463132663,7.925444765233884
240,3,81.0,20260116102932878,3,是,是,87.0,base_info_20260116102932878.json,,39.56883501688403,3.4126943617789847,40.012332656407686,6.04719610834737,255.51645772265192,12.059702372865722,67.0038447284817,19.171132306899317,157.65530096156374,74.42163641806427,171.82721877285533,76.47043535523048,241.78345614742707,2.158453172331645,228.80153341071795,8.071453222224129,203.0367277499373,35.63982992801798,157.0170311444348,69.99972692818054,86.28447476413818,68.43576393277776,37.911414931185725,22.42102137800181,240.48225555891185,1.705677049961356,15.015278460843234,0.1528474593088675,26.368432666862716,0.3022197871347101,34.01796636860166,0.2566924611989199,25.88282492971202,0.4729666534152188
241,3,82.0,20260116102935835,3,是,是,55.0,base_info_20260116102935835.json,,,,,,,,,,,,,,,,,,,,,,,,,,,,,,,,,,,
242,3,83.0,20260116103108011,3,是,是,117.0,base_info_20260116103108011.json,,34.750911612742954,0.8105773021378843,34.58748901285341,0.1816157440329079,40.23359766118654,0.3182378760996031,45.45459364533324,0.3383731825569849,73.45007569552818,0.2837583511522711,67.88638347937483,0.599232912455456,28.18820659589984,0.3359660049486976,190.00891204744744,0.7853985367756648,47.56468021772965,0.1375361282117787,76.30416509736264,0.4806162735989426,37.54562972344016,0.3093047506117641,30.347376568966656,0.224784940580033,14.68357613938096,0.590281278320073,19.32216537449281,0.3041088346285968,26.255527294721983,0.3267817223461056,38.69382155592873,2.228786298156661,39.50714426211659,1.4544192085507417
243,3,84.0,20260116103111567,3,是,是,115.0,base_info_20260116103111567.json,,37.08537793587086,0.1878362135784554,32.75416113988165,0.8905465491742875,245.22266533755771,2.146048092903656,46.48298929487797,0.2972789597966987,72.91011288573189,0.5648318042103919,64.29860382293889,0.5304916106405762,139.50560870725215,95.17975169797802,260.1018929892111,1.4635221471532012,246.5268508557752,1.314498847827574,72.52192076622498,0.4221062172447896,105.40416170581112,100.61022846988328,136.04183582188276,92.66008699538976,136.8186301103673,101.36537673702028,18.4450294624789,0.1338793346981163,23.710991053109208,0.2170499165223682,40.866894596584594,0.3520413189287167,34.559777777761504,0.3878039322707344
244,3,85.0,20260116103115107,3,是,是,70.0,base_info_20260116103115107.json,,,,,,,,,,,,,,,,,,,,,,,,,,,,,,,,,,,
245,3,86.0,20260116103117989,3,是,是,79.66666666666667,base_info_20260116103117989.json,,48.360307944003495,6.448412057847417,45.54288312250356,7.975432758018138,183.48566194021703,37.285877565562906,42.596239449563775,1.1331424453646806,64.23591811450603,2.540746917499707,62.322851633769176,0.9400087017303824,136.22357499375235,38.99366545130999,199.7276532659949,23.971946944268527,171.004968000636,42.01146534879659,63.16107882406798,1.4610945994586615,35.10450031823845,3.0451258022413623,23.16736952888561,0.0447045675276299,14.002174215910353,0.2628406314787466,135.72328941834326,39.38382753221924,122.58794615895243,38.87312547091295,37.26071545695001,0.3519749777539669,25.93308973035239,0.5517129153152192
246,3,87.0,20260116103121135,3,是,是,86.0,base_info_20260116103121135.json,,,,,,,,,,,,,,,,,,,,,,,,,,,,,,,,,,,
247,3,88.0,20260116103124026,3,是,是,93.0,base_info_20260116103124026.json,,,,,,,,,,,,,,,,,,,,,,,,,,,,,,,,,,,
248,3,89.0,20260116103127476,3,是,是,82.0,base_info_20260116103127476.json,,,,,,,,,,,,,,,,,,,,,,,,,,,,,,,,,,,
249,3,90.0,20260116103130338,3,是,是,94.0,base_info_20260116103130338.json,,,,,,,,,,,,,,,,,,,,,,,,,,,,,,,,,,,
250,3,91.0,20260116103134323,3,是,是,132.0,base_info_20260116103134323.json,,37.801557030795976,0.0950901464408944,34.33170834273574,0.1731797011054088,41.00940533458472,0.2511428994140855,47.985159108403785,0.291200119420323,75.02213653263324,0.9212686198943736,67.7532990492811,0.3758444418532704,190.3504772998807,51.61976911200068,185.30437269195545,0.8938871395312972,47.29105509343549,0.1026861663692518,76.8371712283153,0.6382481921356424,35.93500981993207,0.7768973760689281,30.53050986724389,1.046058480933416,13.93382493699567,0.2174850044449912,189.268673017761,51.18315504338305,124.0708671375728,69.43313381436404,42.86220104529307,10.144787132833889,49.46296665143552,21.85292225770997
251,3,92.0,20260116103137476,3,是,是,72.0,base_info_20260116103137476.json,,36.9689726126297,0.7504207787565519,31.66503228492839,0.9225917273033136,97.82940958774778,89.5469103199177,140.04899151283078,71.25852820345945,222.8010426962228,5.117364864589643,240.65175351872088,5.894746058443163,219.31440775218263,14.294285426211182,179.30337054084205,31.259667024344623,74.536596520304,66.20640044640011,117.93177811794423,84.75170540031102,237.4064329139076,5.990750113878574,216.73116963399028,15.122014610837132,220.337980341565,14.401854177498214,14.815993335835708,0.1025305038089763,26.180542478929453,1.6853112643636754,31.24508500448681,0.6820797517764149,25.573198534567556,0.3462917046870208
252,3,93.0,20260116103140453,3,是,是,139.0,base_info_20260116103140453.json,,43.24775853737521,0.4680983984224794,39.36167004404789,0.1640311443690116,251.6278936771947,5.039467918523231,49.81324878006106,0.3036893403124803,73.60418838190928,0.1010998392463997,67.46239987725367,0.1757048179770084,27.41431685287368,0.1542403225098993,244.3381218036002,5.708720922857238,246.23799794803253,4.961911652106499,79.15607318709017,0.2774357145052342,46.4971337842894,7.871439423645712,41.9690386396593,10.570020478895623,15.855093173792328,0.2327635923206716,17.312964677140602,0.0328954376743913,33.70911178688244,0.2110325340612882,44.26972304283199,0.4429652170652365,28.504560498624222,0.1311329461546807
253,3,94.0,20260116103145289,3,是,是,150.0,base_info_20260116103145289.json,,37.46476691652154,0.8253327027770874,35.36544486073037,0.0217479142758608,42.775003767086666,0.0957656324544069,48.26168829523855,0.77447334229026,79.04041185268497,0.7368159838313335,70.6279724165672,0.8391899384973893,29.26114739242505,0.4815593586418532,193.26589914900583,0.0833004975349345,47.81094205860885,0.4136389792748358,78.74290822932794,0.7964471716724525,37.56544063049187,0.5029068498576024,31.828794373484715,0.1932496035560303,15.46503085761062,0.1260432274595789,18.963841798879,0.3063560392344605,28.461971672399383,0.12762903650155,116.51370836238787,99.40248034710214,107.95004786089764,96.24141453641826
254,3,95.0,20260116103148867,3,是,是,276.0,base_info_20260116103148867.json,,107.16181696011216,50.90981303145823,54.119803821939534,0.9469497032628614,52.57972599711343,0.0171354081714512,253.51495758319257,3.167939116376961,189.71210558761365,23.758493229092505,97.40258696885375,64.86250646894024,170.40430810511302,118.93802555199125,236.2540021905555,0.8678769361091263,270.36493981820627,2.782455320711975,21.434140578174823,27.01630981487435,220.72081796370333,23.91217266126834,235.27030804979327,7.333339702100506,254.39085626340545,5.800666228725757,96.60790261151573,106.78267663001652,132.20658093204148,102.39258436375962,102.8960082958898,80.64695732992894,81.51352187303522,37.42223747201945
255,3,96.0,20260116103153678,3,是,是,180.0,base_info_20260116103153678.json,,40.17292259503532,5.833156973567583,43.54827928197636,0.3927346443734736,253.0393544590261,1.0265402493255866,253.8938114548464,0.0479781828757506,217.65955782570776,0.7486195068601504,203.52791889877304,15.893008749945738,90.42949352026136,43.80216225409316,256.52312159877624,1.4541921373053437,1.0311184687743709,1.001927965254486,0.964385119240986,0.2209391617343451,163.58119120946094,94.08718503372388,160.0669468616339,95.34849004563802,253.7819607456308,2.629125984258065,163.7719393340874,42.33095636126674,139.45920505732008,41.4397556380478,184.6366602435678,68.0154451445242,156.59850119695648,82.16233828333883
256,3,97.0,20260116103157336,3,是,是,84.0,base_info_20260116103157336.json,,39.77227570595212,0.1940047216508139,33.17457346100032,0.4242818711163664,67.93836376501183,42.58309422699728,44.27603151955415,0.1298690285943058,145.37867241554363,58.863508543285846,155.62632740411524,69.76515292405968,24.625523496492505,0.140905439062405,169.47579822997287,2.0476574113738124,71.83326469745629,39.258183232087255,163.52406383526298,69.486950352802,145.05859053396372,78.25629751533864,25.62100878701724,0.2436252297876405,15.686693677798232,0.1704605925615185,16.39360905432115,0.1584887946762292,25.70381735677352,0.3199594531627528,32.74474951854145,0.0996266503004402,23.055747503649183,0.318933873780746
257,3,98.0,20260116103200877,3,是,是,92.0,base_info_20260116103200877.json,,40.18673549592096,0.2086588152024358,36.576515819267286,0.1634275358768491,260.516664688568,1.020397897478306,114.28836146103392,93.69182378288946,64.11474109961314,0.0399116701064661,58.524063475463,0.4066419495752147,74.96824017966901,43.725801138846,248.4702409251781,0.7713701912133735,162.83668663553624,104.7435113226552,119.60583157169582,78.17431175531561,34.464526174462286,0.3901354504659173,73.48935722594847,41.46051231935678,71.437531138953,46.36904819332244,16.00497908150287,0.0651444721202844,26.707890434255887,0.3310912745459275,33.86170918767888,0.3025665923056795,26.311596049346107,0.3609188322635762
258,3,99.0,20260116103204204,3,是,是,114.0,base_info_20260116103204204.json,,,,,,,,,,,,,,,,,,,,,,,,,,,,,,,,,,,
259,3,100.0,20260116103207078,3,是,是,89.0,base_info_20260116103207078.json,,,,,,,,,,,,,,,,,,,,,,,,,,,,,,,,,,,
260,3,101.0,20260116103212442,3,是,是,105.0,base_info_20260116103212442.json,,217.04036827989697,6.40693781880985,35.126099395901754,1.9268567875993643,180.1496385665545,43.99075903371579,217.41829414331173,18.53229840201828,132.92327119815266,33.25853231343103,92.00758843173736,41.38106778024259,25.13651384234619,0.2953922139043082,191.89547501911463,26.575100801333928,61.57070417629822,27.63043906348153,65.45711262944623,52.98168465858187,123.2532216764354,32.68610196139667,39.25261023456419,13.717119907587934,17.418631388712253,2.628877442182574,19.912883727862063,2.954379062349429,32.55499272236288,0.1631486563988307,102.83618588539557,36.87650684033748,132.11743747388246,38.67387760402609
261,3,102.0,20260116103215630,3,是,是,107.0,base_info_20260116103215630.json,,95.70978453532138,44.98707170598436,33.80281596268679,0.4750560503205869,154.99796316063217,84.23500178227854,83.98636603738429,45.91286948138679,138.94606092850597,45.82817302741319,111.22258035501255,18.123899785829234,138.23868679279556,41.42232411948714,222.16760989626263,34.48380184121621,174.14792544502143,27.89058981937179,139.46736107018432,47.02446176693709,133.41614420902548,52.25951293754713,58.96652190721002,50.7263395412428,93.7504814509802,47.12614949287792,83.65449025530079,95.95577321340714,86.89271777180518,76.62780775577447,34.996850382489605,0.3061955036572445,123.69914841425545,47.29048357702685
262,3,103.0,20260116103218813,3,是,是,136.0,base_info_20260116103218813.json,,28.51781260952711,0.5035043823348794,37.87527852346812,0.2688213865189816,55.06152853423245,14.499896854964724,47.17328338458055,0.382545917778735,224.0146648998386,0.4463676348364004,229.68674104442096,1.2537761431237655,244.5056241722613,2.549592810554722,164.71103868601185,11.931175413637035,59.51603713144323,14.297655312289423,257.87989422352285,1.2718451860032227,63.88926373417873,49.947487167158734,62.24220970569136,47.73918024460472,235.8198734647584,13.003156411154947,23.651997836576488,7.499357806003418,23.639701874517737,0.6695810664567821,37.01623082817867,0.6440277966525406,33.12390534270838,1.1041028343718775
263,3,104.0,20260116103222136,3,是,是,128.0,base_info_20260116103222136.json,,39.22317648318517,0.1370031104830383,37.08138947151063,0.4398858005509888,128.2191280444027,38.826172646720856,47.5848231557016,0.3336164213304236,75.23291350865867,0.5876734255750824,67.04621002011099,0.6734425643837707,248.09251990226565,4.31819563732677,184.57745245139924,15.825574344505938,126.45824532672754,38.27207805559275,77.24580177680947,0.228540968372101,38.17925955296719,0.3854482924831604,29.262394904478715,0.3172438807418136,14.689000195969864,0.1718604136601328,246.68749399383964,6.29915360252675,241.00964341460943,4.3441899547814575,40.87048679614832,4.968153205796414,35.159071252791655,5.74744062135544
264,3,105.0,20260116103225593,3,是,是,139.0,base_info_20260116103225593.json,,39.00129188007877,0.1173718404545858,38.6312021668447,0.7839387762911955,42.67119166101482,0.2126847149805102,117.92230521322136,56.92197211150268,74.42028409976297,0.381460731693309,68.558357355794,0.4267738018472282,28.70229820944866,0.4270818504115216,193.4927819889256,0.2748841337341846,126.13353798041128,62.160765272830005,126.73711750278504,42.46062667360754,38.96003834582191,0.3352824596027781,31.0450749690899,0.3597854023748252,14.336074629530188,0.1011231208161054,19.931850348497303,0.4419430877595051,27.647588199055644,0.7631811163417332,38.14415162780213,2.17027325815955,35.223344201408615,1.149845389090275
265,3,106.0,20260116103228674,3,是,是,107.0,base_info_20260116103228674.json,,,,,,,,,,,,,,,,,,,,,,,,,,,,,,,,,,,
266,3,107.0,20260116103231753,3,是,是,106.0,base_info_20260116103231753.json,,35.56117492968197,0.8448598058238362,34.84518308746101,0.1429373429665693,178.70534052307735,48.36070772264085,45.69239586046978,0.2049210613390458,72.09840577760062,0.3382996907894983,64.09318325769172,0.4511626307252427,27.36462827031568,0.3584692013795419,208.50700191396615,28.36776595658712,179.3058907144625,47.49528272959957,69.78725420674611,0.6337557766253328,35.57497086124739,0.1175191052334934,28.82062445726402,0.193655972522237,13.894620765864326,0.3428400702188697,17.946934258914993,0.1780917813168615,25.88520032604879,0.282309241516971,34.291529054737644,0.2877083983662564,30.4035132833187,0.3118255128368377
267,3,108.0,20260116103234707,3,是,是,97.0,base_info_20260116103234707.json,,1.7183888582368003,0.9719007825636986,1.4001086054073344,1.258755235231519,8.426672763443749,4.542049635579786,4.040676231090264,2.18658018840224,20.026632825172275,10.9785109362661,21.674793149098488,11.8603707297692,237.27193959482648,35.20000504115995,261.54387523927693,3.3553812343290845,4.511755586683516,2.4066836313993525,17.497140178971254,9.88447809496192,235.14537320782375,12.115653086397815,225.97173268488723,35.30764965747088,237.5418057625858,35.057493137189496,15.907252514907428,0.1742831116516429,262.9188328908353,3.0938432876812345,5.003078286538399,2.6739986658101342,0.0,0.0
268,3,109.0,20260116103237735,3,是,是,113.0,base_info_20260116103237735.json,,37.747562769866775,0.4875892141025564,36.80238968374335,0.6542663322200571,251.90789751205597,2.7200454384925923,45.222193518627,0.4645110637235767,70.0451335514061,0.4439964602440818,63.07535271248722,0.3381642378434579,27.64258853666551,1.6219542022989255,247.06132832308208,2.0624767163349627,244.60330902839064,6.1049496779293415,69.80254779358938,0.6607052604116588,54.25943541808605,8.446356844975128,56.3410224894526,10.340841630517335,14.0558390822227,0.4045841021651443,19.675541815924387,2.1973258531494544,26.335039907376963,1.4112730367482602,36.4206829442791,0.0653541219275296,29.659156026172557,0.5710251073177276
269,3,110.0,20260116103240534,3,是,是,87.0,base_info_20260116103240534.json,,34.830327388334815,0.4601139860395994,29.86366472191365,0.7669243270058141,65.59669038813551,41.34069712903627,42.21880457278237,0.5714894625690075,66.71828348174216,0.4680812006716465,59.08025759569815,0.2873976383930632,24.376565332529893,2.0511601988091347e-15,165.98272863136086,2.2029629002102507,70.91419537568687,38.83559415710334,65.67279320715036,0.0804909700425663,33.299524099932995,0.5058633928629142,29.258242784148635,3.1570474149454038,12.492466714997017,0.1207361802939068,16.554346426556943,0.1132581887165864,106.68948743038236,39.08450472881079,100.89166417235276,38.453952623567865,27.617909658192243,0.2391292455895654
270,3,111.0,20260116103243173,3,是,是,86.0,base_info_20260116103243173.json,,,,,,,,,,,,,,,,,,,,,,,,,,,,,,,,,,,
271,3,112.0,20260116103245674,3,是,是,103.0,base_info_20260116103245674.json,,223.0808691467811,1.7286850689952742,34.11992482468127,0.7161134593566627,219.6467376384874,19.80229930791074,239.18675805603752,9.370709668533433,67.24345257893917,0.379742368839299,239.00221237644243,2.9428790820299384,238.24482343691383,9.44166617080698,227.38304192769328,13.486459562373772,20.221070345560157,10.851951298311768,227.07475656237224,9.558012958589105,36.91142908960632,0.2355833607165093,231.16109147095185,8.946880152261064,239.0108970869311,8.101071600177166,16.206267354588242,0.3264620434253093,43.057247118564845,21.271245475137277,225.88733667746715,29.44696229850796,4.813838219832479,2.573905511387261
272,3,113.0,20260116103249137,3,是,是,130.0,base_info_20260116103249137.json,,133.1485191832658,62.76207090899714,36.25595475743043,0.1692250625481769,214.0323350791186,19.45529160148127,232.95122929627223,9.12147493211087,198.49153861362348,6.547452157239063,89.06579742829128,90.87263925165163,45.78537382761768,22.0831421051116,236.79018873838103,13.940043550380354,19.722424380033832,10.794119723268258,10.47011577215869,3.6173281517857134,153.57007397702557,86.90842732010569,92.91604218772376,74.20749817995258,37.225041586709104,24.696329763082105,17.92033975953691,0.1676629275268643,226.05942962062375,38.58540138493464,38.42483700421007,38.904881324338376,112.0850654438891,95.11613451292352
273,3,114.0,20260116103252311,3,是,是,111.0,base_info_20260116103252311.json,,38.72048734217493,0.3940887091587211,34.81350203157802,0.9559007312711856,35.080477888908604,1.688879946532277,94.39486927193688,39.33018731538119,66.09590226439808,0.7185233129821956,61.76297155039729,0.379167431749512,214.6356799759628,16.89893890272948,173.991990595447,5.491857739358161,89.79336804812242,30.69309834974172,90.38223531408188,27.894279601040008,38.65123703776253,0.8450352341832414,27.379527837484925,1.0567664905962686,21.577000564635195,4.627452266848022,227.5013165923148,9.281480532463918,224.6496567501669,9.243518645732804,38.47618871608484,0.251026146022848,31.458755139335583,1.1470550651395548
274,3,115.0,20260116103255529,3,是,是,91.0,base_info_20260116103255529.json,,,,,,,,,,,,,,,,,,,,,,,,,,,,,,,,,,,
275,3,116.0,20260116103258396,3,是,是,116.0,base_info_20260116103258396.json,,185.94531271158615,56.912415072957856,36.14708949845009,0.0735125396749206,174.14519703347784,59.29455611617736,56.50835829447558,15.324128335192428,111.60865121474072,40.519438499597136,145.47249891393014,72.87047092330918,78.80034382563548,65.27597589631742,193.72330153938165,34.9776193820823,149.99220228701617,32.32800036496609,110.29007029817848,59.41312277314688,105.97854003551674,58.03146467385216,158.11638575791935,66.90201493211259,160.4979100693255,68.76622196033023,238.8501814396087,4.319392254057549,104.64022542018677,67.48253390439052,134.63975684172027,61.03004195780545,201.21720449252948,57.16177474710232
276,3,117.0,20260116103301874,3,是,是,85.0,base_info_20260116103301874.json,,38.522395727712905,0.589107752049939,34.729178777178674,0.1115084750389348,38.95279593095244,0.3694867873096178,85.39477889040087,55.202529299505024,60.97354843016952,0.2807986468631875,56.49693068298933,0.2845402148244301,170.84809006104342,44.20131751161949,171.51361790381793,0.3160642998461282,91.54349240111932,58.17535759590516,90.5215860475234,41.314930811154056,36.71342817811631,0.195623114520605,164.8511097141924,44.10166471735042,170.29671639447832,44.47454506954699,15.770871716429722,0.0466862174104712,27.31785649565938,0.2156016121412566,34.86400561199162,0.2448440327956898,24.761216369866887,0.1513359908191508
277,3,118.0,20260116103305143,3,是,是,92.0,base_info_20260116103305143.json,,37.719144342754326,0.3329819776882942,34.00708874947947,0.1176521307038607,258.4289486588333,1.7113381363614246,164.7753852289152,44.66970120874028,173.27453907903475,75.22472099803298,181.75172729516103,87.76300874658583,174.14360958881048,45.87723943867528,245.7626151343874,1.5612493055063452,96.29713213254196,44.60207154509888,99.24513685129692,47.621211781931336,83.6512032785153,114.69465586090529,72.93913617589546,47.00162381535767,171.94717207341822,45.60732435229823,15.067678737191711,0.120920422695349,67.52155558716589,47.869903540957104,69.04244057285666,44.65746802740408,28.65749502092501,0.125555877742643
278,3,119.0,20260116103308355,3,是,是,137.0,base_info_20260116103308355.json,,,,,,,,,,,,,,,,,,,,,,,,,,,,,,,,,,,
279,3,120.0,20260116103427147,3,是,是,87.0,base_info_20260116103427147.json,,,,,,,,,,,,,,,,,,,,,,,,,,,,,,,,,,,
280,3,121.0,20260116103432100,3,是,是,179.0,base_info_20260116103432100.json,,36.18495007712779,0.3875857937183987,40.24808180089536,0.2851902746757737,132.74447343824366,77.82899116717913,76.22351079462275,34.7516941958332,85.57126221528436,0.2261918307644512,77.47679643058869,0.5414211656031703,30.23983151405531,0.0490617596153544,216.24514270419849,23.05604294636759,105.60697830414276,94.45795554495892,104.9511363173944,23.32581478295176,37.45055341369763,0.2902241148655056,33.856550271572786,0.4157692652244892,15.360073575648988,0.2707240237201119,19.712170255482125,0.2657378619387355,27.87828276864406,0.3901614052966637,38.90361429304054,0.2801255061459486,40.87278473855591,0.6308109727779047
281,3,122.0,20260116103436718,3,是,是,186.33333333333331,base_info_20260116103436718.json,,55.30874282040645,0.3370844248099626,43.693714021041934,0.2704690136509202,221.23577260044613,25.172947353866128,221.5002143666556,17.221871452970927,74.1620542112641,0.3715007772357234,71.53695407557404,0.2040120341651182,205.22567474840727,52.37216340358357,251.85747409731684,14.866797271624504,37.06131165959434,14.86446722305525,198.5185729504384,15.81025055387349,39.90886664554692,1.6056337195390409,178.00533181206802,53.97806327383387,206.4439925644301,51.74741353153008,19.585148351518303,0.2963206508765747,211.1159726228416,73.41290121599724,198.6191386423408,71.42439363064952,29.50283753370398,0.3988100694194213
282,3,123.0,20260116103439941,3,是,是,101.33333333333331,base_info_20260116103439941.json,,42.23022931258584,0.2791027289137268,34.76242224231397,2.6807788006753874,66.4186550775145,41.96499500018732,103.2020451869644,51.803980832174496,117.11189658368154,72.06027332362862,120.18071567090578,87.48286915480418,189.5543353066981,37.61715470114674,173.9460691271054,1.291201539351947,63.795664064541405,32.37432622459226,88.3019866837923,13.863058273328052,132.4703875682443,82.33408731831068,127.07138375431424,34.927911068865605,192.030001647393,36.55395133741871,16.307701676707524,0.2849727376305284,26.08466759298769,0.4643284631065636,35.878898380000855,0.7436964136227563,25.784420812497853,0.266622585472608
283,3,124.0,20260116103443660,3,是,是,98.0,base_info_20260116103443660.json,,,,,,,,,,,,,,,,,,,,,,,,,,,,,,,,,,,
284,3,125.0,20260116103449884,3,是,是,110.0,base_info_20260116103449884.json,,31.45738627574012,0.7966410043913357,31.90344669564312,0.1302227559832296,36.46247374760958,0.3530805874659701,43.111682238711126,0.3279253559072117,74.09576700158956,0.276566048695968,68.69720660171396,0.1478818035719654,208.26597326577385,60.98901630906524,173.26766778057018,0.4429999293566818,43.71983638562112,0.2580388719094447,72.36908296133626,0.3163560475640064,34.42507032721294,0.1954641575705198,25.577915706494025,0.1446843127161892,14.678009692820188,0.0752214274084622,209.41092551624945,61.48811706471936,191.06661720544568,60.44039415514749,36.943522623664514,0.4330139673839032,40.60197868688928,0.2795357188738865
285,3,126.0,20260116103453651,3,是,是,125.0,base_info_20260116103453651.json,,43.73334922602777,0.36366412206208,40.94691569647882,0.7975697271114881,159.20426195906646,30.418240388345342,54.1160040558461,7.78633632928807,94.7939720381076,27.704386150247423,111.10995076556736,32.18372936399793,75.19738242688571,59.24611343294426,92.48699209161316,43.25909865838943,130.22037484662323,34.29997385986834,101.89805957449558,37.455651405809455,149.2531718928577,41.41607739673101,184.56039456172823,67.29588253461496,134.9269247239996,35.050465598152684,117.05991084005215,62.78024966654507,26.910737933047,0.1394187566527942,37.62356479133906,0.2294560740822434,27.5822436177238,0.2918326106091606
286,3,127.0,20260116103457450,3,是,是,141.0,base_info_20260116103457450.json,,43.54901367467816,0.4149722713539449,39.26663206236873,0.4354725830398646,175.02689653224786,38.59671501378604,245.05646176843064,1.2297823735155855,73.70007318994432,0.1313267853871882,67.02331659158038,0.1162565409721991,1.102043272173756,0.0183283504891663,220.5483126535163,21.391880489635103,71.65832568044304,38.58923667587776,247.88780683347625,1.211883518499177,38.03560510927728,0.0,252.57750412736445,0.8750660706922886,266.07429804046046,0.878697214624104,264.99079434606966,0.8817300794202466,252.17614180728015,0.8789310755974474,33.64739882626416,0.1036212843051495,31.16635870648736,0.3298584691993178
287,3,128.0,20260116103502953,3,是,是,127.0,base_info_20260116103502953.json,,36.104924545244536,0.7327980249300435,38.34630379040996,0.7900845061156967,37.624841218727845,0.56980646750006,47.28490945118508,0.3116631882702354,73.89337231735753,0.1458300749909792,69.86607271901687,0.3120241956258505,28.214380764168663,0.2561145848580511,188.92893829956236,0.356707760077965,45.38618667338297,0.3556283387853508,73.8721586836764,0.3660183752851561,42.37414606982954,0.1209092690603672,29.983274649389497,0.3305903388808572,16.401815458881092,0.0094822384400046,17.06508471058141,0.206544492843375,31.190017291977057,0.6340375446640261,39.98116660000445,0.1486088909868556,36.51762900469901,0.4047199016238741
288,3,129.0,20260116103506849,3,是,是,148.0,base_info_20260116103506849.json,,49.85762943354038,0.2108714854493492,34.25396084273316,0.3024250114493096,243.97928465260824,0.8213005579639426,180.0154873695872,91.20227279428988,209.18803079202925,5.058759425981239,239.86582813745815,5.479005051748964,129.016398124184,42.49045885226148,282.5748332701456,0.6053726317783362,80.91725074542319,114.29205754109636,79.74719263520394,104.63258599051508,199.92229134696845,44.53400498362897,60.61844679964122,43.32405382145602,130.3906598406866,43.375927089311965,17.677927139913177,0.1401609700712761,28.56265714205188,0.1854589747798714,38.98468562427134,0.1643739011343083,25.691957937520822,0.3461801756972428
289,3,130.0,20260116103510333,3,是,是,121.0,base_info_20260116103510333.json,,44.489525731222365,0.0903128215395014,39.24223426332523,0.1798180995595325,181.5985584118122,40.94130601640991,254.1497371550713,2.491629396650848,223.54652287043209,1.6237188088647043,246.22040455571943,1.6246980525558434,247.4945808914056,2.2025997753561386,201.82909473973305,21.16599063334309,74.16702815530276,39.65069244652051,2.5187914639268274,1.1326803298780863,242.26464050281376,2.1229488047803198,241.1787611445353,2.1683500400004814,246.6149925741539,1.68904429947588,16.35159855231981,0.1207256374480481,32.21041720585887,0.1992819516820327,37.42402059240337,0.17586781722705,26.786368926953145,0.3105114102951952
290,3,131.0,20260116103514024,3,是,是,125.0,base_info_20260116103514024.json,,,,,,,,,,,,,,,,,,,,,,,,,,,,,,,,,,,
291,3,132.0,20260116103520670,3,是,是,94.0,base_info_20260116103520670.json,,84.89980686659476,62.23981352901093,33.81503583418236,0.2496210068422238,34.10553229194887,0.5307269647055197,41.2145185462042,0.2743580999733705,58.42388483715624,0.8709849515411665,105.67356859216842,52.420504405435295,29.03561463299126,0.1565690754325731,221.07655910686108,23.873666399599102,41.94581353192807,0.1108579859244243,65.62687486214718,0.5628634165479991,39.2446020897963,0.2393673510066009,31.996607185781688,0.1427669014912569,173.5988746813713,40.02528984352042,176.53423602959853,39.98155933132147,35.541188596976546,0.5014014949688035,24.89321300136092,0.0818876635677719,95.58116060938728,57.63509211043532
292,3,133.0,20260116103531179,3,是,是,113.0,base_info_20260116103531179.json,,,,,,,,,,,,,,,,,,,,,,,,,,,,,,,,,,,
293,3,134.0,20260116103534805,3,是,是,94.0,base_info_20260116103534805.json,,42.29147082222793,0.9484804704353916,32.19677728817924,0.5092770450318792,39.4087423164332,0.3389935635107328,246.22419005290476,2.1470984386308527,219.2238034014252,1.649964691721688,246.9881459080892,2.606347756321441,271.7184383181861,3.590699713051389,174.5253058367455,0.8498041762600788,244.45876519620063,1.6803097911860752,1.447369067543761,0.3317410518165996,258.4976252430434,1.7915409952120347,258.1692021848118,1.9444042571270477,277.0959203427862,2.970959694385485,16.253076846397068,0.0855642788675094,33.23801750102797,1.0990910155648068,31.073939020176493,0.1039236291848571,26.063775789179203,0.0880174988312261
294,3,135.0,20260116103538345,3,是,是,114.0,base_info_20260116103538345.json,,39.57322070614813,0.2754769968319932,31.018545738322636,0.0784122944209286,236.1369091066807,4.592959915757372,44.925189733074205,0.109925114506625,73.95463930912454,0.7012473141750949,62.91422918904399,0.3291334830342321,26.679847284477336,0.2449075902348873,263.97920303158054,5.320630365459051,235.14400521574512,4.563417823557041,73.3114122824413,0.4080474512736985,35.81577795296607,0.0650146174317473,29.590803974728274,0.2460720864812368,13.432765237035095,0.2628291920641319,17.655335158964636,0.1225269410499345,24.37197417834506,0.2317544618317019,36.286419341778526,0.2226271503863601,30.542539282382887,0.4469538353509963
295,3,136.0,20260116103544379,3,是,是,76.0,base_info_20260116103544379.json,,,,,,,,,,,,,,,,,,,,,,,,,,,,,,,,,,,
296,3,137.0,20260116103547831,3,是,是,54.0,base_info_20260116103547831.json,,,,,,,,,,,,,,,,,,,,,,,,,,,,,,,,,,,
297,3,138.0,20260116103552478,3,是,是,86.0,base_info_20260116103552478.json,,,,,,,,,,,,,,,,,,,,,,,,,,,,,,,,,,,
298,3,139.0,20260116103556934,3,是,是,213.0,base_info_20260116103556934.json,,54.11998407044962,0.3009739713222394,43.259320569110486,0.0929434863312452,114.1524214971198,91.68948251108486,245.9757140274278,1.60098697600824,74.69715461275757,0.3437727219623048,70.24401274106837,0.126001195140944,270.0747847096959,6.600678160160751,235.25659710168543,29.23229714431352,168.04454840497226,117.25198942087069,230.13316078790467,2.390841610615163,41.28809534401749,1.0543276595965865,241.7635164002733,2.394824709829437,276.4318444533522,3.904811451119389,19.872763192209025,0.4914718455038628,199.33930169018493,48.11542347189506,181.80448952248423,49.57035523396237,30.898073958557944,0.2169147559745514
299,3,140.0,20260116103601659,3,是,是,118.0,base_info_20260116103601659.json,,36.5881683157314,0.6189445707541111,40.12957981312215,0.0958157560113219,39.76380459529485,0.753001000169934,44.83369756036701,0.0600758867100807,68.3682996462412,0.0351031177179762,67.14626291963877,0.4762876138268561,27.052985119638,0.3720640312025237,177.68430881956985,6.297380035808192,43.8694974479109,0.8388396730561477,72.1744650822393,0.2196544714023695,37.68911991519142,0.4698267686267343,30.01291037695601,0.2166125627136192,14.274402680006183,0.4279789758074013,18.488618528539025,0.1535566156526548,31.678460645493903,2.0084334870950937,37.82171293606717,1.6948736378867886,35.08129421106201,1.0528500638783604
300,3,141.0,20260116103605194,3,是,是,102.0,base_info_20260116103605194.json,,43.07239541238357,0.0485719396983297,33.035007124855746,0.5122400570369833,40.05256997600605,2.233817585457767,46.78799756058384,1.0301324979645152,203.3119977950355,8.472769674607209,229.2912677402704,8.595403200859526,68.9013899468437,64.6827375787345,171.55500498049412,2.3186407474283315,43.515030379540605,1.1945674310960623,219.24331143586537,13.975085337917498,233.6777481796869,7.778337715661748,173.1754263598705,60.75484972726833,187.8516545082417,59.66373460356287,255.4532133712221,6.311309667676694,241.3879893362549,0.975659201049206,34.34063595768401,0.6662236942737374,28.212169234343342,0.1921514196597845
301,3,142.0,20260116103608298,3,是,是,103.0,base_info_20260116103608298.json,,40.83553459031583,0.2551148294093872,211.95945633525903,4.211704694304029,240.10364098903625,4.124172786309039,235.88200139516945,7.911893378037315,73.32276415874365,0.5507208425608867,61.481058594311214,0.2631108540431482,25.843649676226036,0.4060905975222122,173.56635481331966,0.2776098071781828,45.86746930224974,0.2793000775147817,68.62671258401576,0.4585633539001769,36.01030710225524,0.1676012329298078,28.226451912957486,0.4749376563548966,14.491636388682858,0.2543911529364703,16.749761356791197,0.0590310282413718,20.036777012839057,0.2679866956913565,35.8185413630408,0.4086900203201392,26.417545534029827,0.8841334855018567
302,3,143.0,20260116103611277,3,是,是,136.0,base_info_20260116103611277.json,,45.69670549883832,0.1330056787484748,38.79973997448352,0.2101201998251521,165.56784166578282,86.86904104084661,241.6567297939232,4.679876146310719,73.29115296355535,0.3382529239741322,63.8224807843391,0.4331259034709853,210.02735211115956,55.29172095401699,228.05489993627864,23.689315005946334,94.12879910029876,115.08925089820252,236.79454749602897,5.309851882530312,38.04690693677343,0.5367580746618922,201.15175106337983,55.39223128769771,212.58025758937484,55.58141237498101,16.92741781940504,0.2696469386388432,29.866104588156237,0.916937822510487,36.14569562426106,0.3892494786716372,29.30769151512228,0.4649575788756295
303,3,144.0,20260116103615790,3,是,是,116.0,base_info_20260116103615790.json,,45.88432552989858,0.1987524227571245,32.82299599565721,0.4161844618387258,107.19363914567695,94.09539911536405,226.915702168251,8.99992659882356,104.70562866218818,30.734083346290387,129.88433748979995,33.15925535985041,258.961737828987,10.779375225933018,209.5845173015676,47.86107248956126,142.40889532000233,98.24283146559657,109.77144146098146,36.5759660725574,126.90659431892765,34.05503658945085,235.1640843689435,5.146159532616375,261.25642390939385,11.756837039223305,16.56376802570725,0.2789769420268707,36.87577077420057,10.50402611470373,36.3155597884356,2.2572561405327947,25.852960133530896,0.3085034752238568
304,3,145.0,20260116103618668,3,是,是,94.33333333333331,base_info_20260116103618668.json,,,,,,,,,,,,,,,,,,,,,,,,,,,,,,,,,,,
305,3,146.0,20260116103622019,3,是,是,78.0,base_info_20260116103622019.json,,39.18253165802098,5.597831105836828,29.27373306976884,0.1688403411066026,104.2911588062405,95.0284383040887,242.2777599813197,2.501914894124827,61.85338360641193,0.7814402297832783,60.72516653042573,7.294796755382766,242.5441523844625,6.006695798736762,189.8673277579071,42.65429291378792,167.73229096236204,115.5167379265427,240.44215720862877,4.095293496235288,32.60829172749746,0.1720747173847988,241.28852830727905,4.391257067345946,247.8720474647898,4.88398958817926,15.099547367706217,0.3317380190378813,22.28289591250392,0.4284517349311979,32.52609377715965,0.1640328480624383,40.05451431874099,13.144962015321717
306,3,147.0,20260116103625716,3,是,是,59.0,base_info_20260116103625716.json,,38.14549152326328,0.0659264223709651,24.703582732174635,0.0776348639890729,33.5281137896782,1.629428925307206,240.76480727475632,1.2553972799153938,58.08072835014799,4.848293769280981,57.88015813019732,14.167790198443614,68.10625689110294,55.94044027846699,144.1820703861019,0.9138151141384832,236.51526835655008,10.903731026813842,216.8841561839844,29.12503989786336,47.84199659937413,23.198463152914005,66.3093919181631,54.31842521222962,68.0692840182973,58.362743590378535,13.103734385511578,0.1971410640916343,27.03647573958765,2.1864144882336496,28.552991701214065,0.7230779764043184,21.3570447182822,0.3226059020429527
307,3,148.0,20260116103628418,3,是,是,104.0,base_info_20260116103628418.json,,41.72523497072428,1.0309839035156811,30.52088985039121,0.878934197321847,39.77840327183363,0.2900446412707441,229.59154936759327,8.998910026701534,203.9494167615333,8.805184716364414,228.05082470268985,10.566895025041816,240.38183624488977,7.196328391473503,167.52993974693592,2.6083114671149668,232.99198909377745,9.901639652309708,4.475610852247542,2.552277544671313,237.33004742842817,10.105305222850252,230.9655910721144,7.024871437420264,234.30208941515016,10.637844370933454,16.407108022036244,1.5075678399094867,33.0973766742732,2.201296395491189,32.139426739307005,0.4605581964916437,27.69230272949381,0.4214707828530748
308,3,149.0,20260116103633568,3,是,是,104.0,base_info_20260116103633568.json,,41.277175708959696,0.7345990484032379,34.01620368020966,0.8739342844050025,38.96920265785649,0.1288137731647337,92.46009743546252,67.18273160739543,189.76756266177796,16.645886967372817,210.6532089729385,18.063836887063985,235.60493529567609,11.293965742727352,176.88057407874922,1.4894046970533688,95.34729108115576,70.38657041463298,157.6776205701489,99.54428573663463,213.2979407352724,19.03686979526721,228.71222514874307,10.827857308604496,237.58425629369663,11.878751114111072,15.110517236060112,0.2899700867265932,109.35775291039714,61.40447901485339,103.49911080254728,60.44917664927805,28.490620481208605,0.6590565258783924
309,3,150.0,20260116103636872,3,是,是,94.0,base_info_20260116103636872.json,,45.8628230027093,0.1456684464560924,31.07448067229106,0.5479366269457049,210.9956820272276,19.387153566784438,229.1704477155915,9.425926796357691,189.831872322,17.225400258555744,215.67064489947825,17.114600475919726,61.45090182156088,54.39958069507532,222.56910879182877,25.34080297441183,18.922023719432808,10.395707670961636,18.09869262169205,9.661859034598905,46.67249829056272,58.81400547371521,138.94921131856606,42.049608343974505,57.88771948917872,52.14533830376611,24.462700255962627,8.457914303093139,26.97734758662284,1.3007338281391656,34.701848665591456,0.4382217704171256,25.36333463156377,0.2816378905300479
310,3,151.0,20260116103640768,3,是,是,134.0,base_info_20260116103640768.json,,46.00051832658477,0.448288921036329,39.97549624221463,0.4314301387650977,253.66326226029048,0.8930730467646084,253.7329108672121,0.8359810028625843,176.67716049661473,45.3462605458334,201.23397207744964,46.28728162894903,208.5652781714633,21.42880368928493,253.9560744514241,0.6691522555378991,0.2086970968831275,0.171224731672482,48.09682190309243,48.11924200518614,130.13900269502662,78.62431469986291,127.62728403581175,37.26142303570595,208.2257588007933,21.518520841837912,15.90036587290298,0.1871120995136996,35.784592372280706,10.527340934878396,40.59461663927107,5.357539990390408,27.569283978767203,0.1091077842348863
311,3,152.0,20260116103642739,3,是,是,87.0,base_info_20260116103642739.json,,,,,,,,,,,,,,,,,,,,,,,,,,,,,,,,,,,
312,3,153.0,20260116103645783,3,是,是,128.0,base_info_20260116103645783.json,,38.828449621952245,0.8378665598566235,36.834373066343886,2.107909872803907,161.7590575317912,45.03774965594657,210.26919727587492,18.30040685165136,61.57570287048538,1.349564402285298,58.48119138206738,0.6393073014631908,69.99966499547082,50.754835564528776,188.2184933216548,19.884442227552825,54.34838494219222,61.46907776431834,187.91234285557775,17.221788590929936,45.51195755996503,1.8425537263642855,66.7742323537479,44.19594259990629,63.82059127788457,53.990254471039655,17.443049745725077,0.5034551367379159,36.5851380268332,5.053632656705522,41.76576274964511,2.75607850519716,30.256921242543687,0.3367692884127199
313,3,154.0,20260116103649270,3,是,是,99.0,base_info_20260116103649270.json,,,,,,,,,,,,,,,,,,,,,,,,,,,,,,,,,,,
314,3,155.0,20260116103652294,3,是,是,78.0,base_info_20260116103652294.json,,33.08633910505773,0.0593422106496085,30.56051120585818,0.1768480814708326,32.604843803266114,0.7938713236085915,135.63200476143814,83.8991256830697,64.96303582591361,0.0669761777038561,57.88296612168603,0.1837839342607851,24.497336149423035,0.2049901213057206,160.67138673271742,1.298411193528283,141.83846562169765,87.02557502405719,138.7001046133988,70.76653328113835,196.5260900292939,60.68239635333105,196.6646163917912,61.26431473981272,14.466613465755406,0.0457704555349929,14.713058213377945,0.0418759474581368,26.467997549305316,0.0032513647816408,37.08946039350383,0.1176039273366371,29.019984693810216,0.0616312222350038
315,3,156.0,20260116103655311,3,是,是,84.0,base_info_20260116103655311.json,,,,,,,,,,,,,,,,,,,,,,,,,,,,,,,,,,,
316,3,157.0,20260116103657823,3,是,是,59.66666666666666,base_info_20260116103657823.json,,,,,,,,,,,,,,,,,,,,,,,,,,,,,,,,,,,
317,3,158.0,20260116103700942,3,是,是,70.0,base_info_20260116103700942.json,,,,,,,,,,,,,,,,,,,,,,,,,,,,,,,,,,,
318,3,159.0,20260116103703863,3,是,是,76.0,base_info_20260116103703863.json,,,,,,,,,,,,,,,,,,,,,,,,,,,,,,,,,,,
319,3,160.0,20260116103706804,3,是,是,110.0,base_info_20260116103706804.json,,,,,,,,,,,,,,,,,,,,,,,,,,,,,,,,,,,
320,3,161.0,20260116103709743,3,是,是,117.0,base_info_20260116103709743.json,,41.213986062976055,0.1647032179677242,32.483286538153614,0.0816811458498574,241.5217572195777,4.341775017215227,48.34013873905311,0.413582269623081,72.13509386166051,0.5219678358390627,64.96420008251357,0.1563836031388856,223.3512148318425,19.87073298950221,255.32673335895188,3.186457062777136,236.06460069737736,5.242278988495681,69.08316355476296,0.5895837500712312,91.66573257516386,44.42631165562948,97.80385082184236,54.6168069834754,13.716055561006966,0.0733398131232179,224.50435395483908,19.90618588343945,201.90938921311968,19.881864663626544,38.52329243476829,0.5153940528945313,27.295713928796747,0.0714385745670116
321,3,162.0,20260116103712818,3,是,是,127.0,base_info_20260116103712818.json,,,,,,,,,,,,,,,,,,,,,,,,,,,,,,,,,,,
322,3,163.0,20260116103716275,3,是,是,126.66666666666669,base_info_20260116103716275.json,,38.41603536743168,0.2045698670488364,39.191224643658586,0.9897983863527432,259.5692338793071,4.983818264286125,146.26129612256304,77.28263338078618,62.61540229826453,1.3109983709972637,59.008252060431296,0.30557956647437,41.33995175098124,20.65689375565824,238.11133095393777,3.263147460039688,119.24903097204124,84.53365400762425,131.71971709879793,72.5937820669937,39.17154884989839,0.560031289488712,39.38825291696136,18.418079124540117,33.13209139613242,23.31414357394774,17.241591433728217,0.2938493674450237,28.90673584296955,0.0581253947787652,64.75590054201736,40.46535745522526,60.37894739863765,48.28976519878479
323,3,164.0,20260116103719785,3,是,是,134.0,base_info_20260116103719785.json,,33.59841833707511,0.2443489372749977,39.87593325951604,0.7942615499701143,39.58714110590139,0.3219184395029309,248.0371144442595,6.378628784278621,75.27073691852029,0.1420908970578775,68.69357573983542,0.3428999528496036,27.69261253321028,0.4754242308453722,195.76665488771712,1.1707720086440454,263.60744397633243,6.547114704369765,227.9789032597595,5.554883527563115,39.06851181981183,0.3524396223778483,31.808949014995296,0.2472535538850929,16.656628672756263,0.2075262732359795,16.62295800192717,0.2895195183584069,29.53546189395265,0.846897218335183,40.61307548614065,0.6043905604508951,37.82318453290011,0.4710947213032456
324,3,165.0,20260116103722769,3,是,是,132.0,base_info_20260116103722769.json,,36.4014644654354,0.7431234147740706,34.930483250744935,0.0852928386181851,242.41255393761728,4.838062138767825,236.39640144487348,10.560858448964169,75.22455720511576,0.200431590395619,69.73632657444706,0.4981977686498782,27.841130606496964,0.2996679465529812,248.43714407771012,4.442710134746438,7.060754132239942,6.056530220331573,230.43778571662423,10.238597561461363,116.87477680411844,60.2263071399881,120.78043752862813,66.06619257123074,14.192367037705798,0.3096646314856213,19.203140466884857,0.0955825984753277,27.76561760999669,0.2928822591229729,36.03792922350328,0.7339311277562393,34.41232849215724,0.4647514917374
325,3,166.0,20260116103726141,3,是,是,100.0,base_info_20260116103726141.json,,,,,,,,,,,,,,,,,,,,,,,,,,,,,,,,,,,
326,3,167.0,20260116103729160,3,是,是,92.0,base_info_20260116103729160.json,,36.81925665235182,0.3700627803893921,93.82773995255862,90.56178313615372,163.32098579687477,114.05945100532163,163.5359194778355,114.14177656987702,67.78455774429867,0.1587296905870615,63.72916159711823,0.259241977571203,25.415985215436702,0.1385592331877664,249.4588976413256,2.919320403810602,0.8619777261035736,0.4542220132019505,239.48634024351404,2.4997264809074644,36.1908679046656,0.240027087442852,25.120291990298,0.1606405620332937,14.0430173114394,0.3139988454872079,16.424491269141296,0.3584308666221649,23.26387827333148,0.9908116432140728,34.075186429805846,0.2997502007984792,28.58689106100887,0.1892382189201552
327,3,168.0,20260116103732455,3,是,是,90.0,base_info_20260116103732455.json,,38.32225955214799,0.0887341686538284,31.015903997713547,0.1751531367817353,245.1451903075904,2.120412086065646,244.9849053445656,2.4871376651942336,67.95038199550795,0.3497769983353217,59.969288003545095,0.1412344261169671,193.41696282000305,31.821221457585565,250.7044029026256,2.1964213592866804,0.8688955993141457,0.4863667463289636,240.6261115621502,2.493588098189206,36.25860165993813,0.1336970784653075,190.0111650180614,31.80859521377648,194.97533715092808,32.47776531951815,16.97476712030755,0.2876602858973935,20.77381743187233,0.0270452397122029,33.53547016647902,0.2818846888144709,26.71010337106975,0.350135066610175
328,3,169.0,20260116103735909,3,是,是,116.0,base_info_20260116103735909.json,,57.59052162399727,32.09306609039215,34.99075052279668,1.4348241838934754,245.51093223565655,2.577885838933843,45.21020534505874,0.243179355243661,72.77143656088926,0.3035061280193002,86.55938293287134,30.89063963497215,177.05623056424324,60.43635325637515,253.01483778316103,2.148524686166277,243.290036024474,2.613315320327792,72.1611958089813,0.1275237175632992,202.0717164335888,56.5053881803474,210.9472217559993,55.6651402719283,14.25264600940138,0.2024679535884505,179.00356313781765,59.18164618986014,125.317718334024,32.878141526678725,90.0265868241507,27.106925288437875,39.40113474808699,21.829435251922337
329,3,170.0,20260116103738651,3,是,是,67.0,base_info_20260116103738651.json,,,,,,,,,,,,,,,,,,,,,,,,,,,,,,,,,,,
330,3,171.0,20260116103742156,3,是,是,79.0,base_info_20260116103742156.json,,,,,,,,,,,,,,,,,,,,,,,,,,,,,,,,,,,
331,3,172.0,20260116103744774,3,是,是,77.0,base_info_20260116103744774.json,,,,,,,,,,,,,,,,,,,,,,,,,,,,,,,,,,,
332,3,173.0,20260116103747761,3,是,是,52.0,base_info_20260116103747761.json,,,,,,,,,,,,,,,,,,,,,,,,,,,,,,,,,,,
333,3,174.0,20260116103750649,3,是,是,85.0,base_info_20260116103750649.json,,36.8118790668292,0.0673346595780374,28.94081582927689,0.1377994742133845,171.72084917639756,44.53742740201864,44.02076938135034,0.2062632153622582,65.73369894243552,0.9232197079926292,61.40921991349144,0.7765956860185624,200.71186210973497,72.52515886547994,210.43779993372684,27.656308082918454,167.95313996927177,44.33952858704687,63.79227862801096,0.1277516062210109,34.23850511176988,0.5182265712851808,202.94018495693615,55.832506771649456,212.313456199972,56.605111903716285,88.34626907454157,100.35578629923808,90.71390026455224,86.26801061486442,32.60042834557743,0.1796492764767933,29.667575900866357,0.3175218449302799
334,3,175.0,20260116103753888,3,是,是,71.0,base_info_20260116103753888.json,,,,,,,,,,,,,,,,,,,,,,,,,,,,,,,,,,,
335,3,176.0,20260116103842094,3,是,是,75.0,base_info_20260116103842094.json,,,,,,,,,,,,,,,,,,,,,,,,,,,,,,,,,,,
336,3,177.0,20260116103935995,3,是,是,81.0,base_info_20260116103935995.json,,,,,,,,,,,,,,,,,,,,,,,,,,,,,,,,,,,
337,3,178.0,20260116103941421,3,是,是,104.0,base_info_20260116103941421.json,,37.07493173465337,1.677697943583177,42.82815652008213,1.8101174448341395,197.41508997026745,56.43665464728812,269.72587424660327,6.170899306104353,68.95436352228359,12.02303516695329,72.58567288654363,17.105394192487577,186.1776162820088,31.012588208945708,182.6126234839318,31.24113718023924,73.29502593697266,59.60188910273542,211.34675077776023,31.36177509864055,49.42653954981853,19.546531985951905,202.48357751805915,23.47681517930693,188.875580275861,28.19702121511652,14.827352509775542,0.3398479070069793,30.821203286600703,3.1530950189560225,34.59741846353798,0.3090549146912846,26.96294230561,0.5753860779313531
338,3,179.0,20260116103944793,3,是,是,139.0,base_info_20260116103944793.json,,,,,,,,,,,,,,,,,,,,,,,,,,,,,,,,,,,
339,3,180.0,20260116103947839,3,是,是,86.0,base_info_20260116103947839.json,,36.64255110145391,0.2013880401006142,27.97635207913105,0.9210450894433984,244.46830270521752,3.555690505495149,45.64619123600857,0.3183474384184023,69.16485965613073,0.1060567126942774,63.77278190872072,0.1803276587443633,115.83781864627498,61.05481083742068,250.73718484177945,2.499719833478968,242.99578890882916,2.6306630507433715,64.39215939989082,0.294478525890601,76.51322675990203,58.55463554250241,52.87036269359445,38.04965491707687,113.78686451383066,63.13191994150044,18.323596917431555,0.2871324273206825,33.87556107207567,7.46676478576475,36.505431406337344,4.0927453235231015,27.278877895740425,0.3484260429445289
340,3,181.0,20260116103951173,3,是,是,100.0,base_info_20260116103951173.json,,35.53224036340642,1.6552217548387402,31.73974555515477,0.7887500098874335,232.37068757232453,9.515189672502544,45.33020777943134,0.1031272324045624,71.41992175373787,0.0507374988836543,62.13191530610101,0.2510052236898746,25.177622264189168,0.0740674653810671,244.2191830898348,8.058094411040127,228.2759609325749,10.306615229039704,68.63596530975683,0.2351830396200838,35.91171596237624,0.1175637030678295,25.28086642696263,0.2320243568499623,13.310443937024374,0.044965536668204,16.294282513390126,0.016899929479481,23.980281726877543,0.3207701284989849,35.43872115575009,0.1298926542155002,27.21167137957249,0.2056138973234347
341,3,182.0,20260116103954833,3,是,是,113.0,base_info_20260116103954833.json,,47.24571984481961,0.6127750684928693,35.07841677839195,1.5088818497627785,88.20135919028462,66.30391507339392,243.12182952150437,2.567114745177524,215.52745164657577,1.5963681227745208,241.74372479361944,2.076296709777812,0.6819291564676931,0.3618462655571582,195.36403876416625,17.56542497219442,183.74177766025932,84.2952776687627,1.416005027617767,0.7568633191634694,249.58211019825615,2.902570898301899,246.39964316706937,4.852031799826595,257.9219784851052,4.951603789044761,257.84965890470136,4.985373768149103,247.86819530699168,4.497728449581653,37.94892010126375,0.3632341541245833,26.081981221860435,0.289652336721241
342,3,183.0,20260116103957882,3,是,是,78.0,base_info_20260116103957882.json,,,,,,,,,,,,,,,,,,,,,,,,,,,,,,,,,,,
343,3,184.0,20260116104000342,3,是,是,95.0,base_info_20260116104000342.json,,41.59075303179423,1.1747599639558426,31.32001605233937,0.878724209021861,165.25311885310865,43.06676182913594,124.0990702809176,78.58816928343504,65.15863936465827,2.791108141129011,56.98029676768615,2.302214333503284,117.40656097703646,97.40343162555725,211.43284990833968,27.83543074369474,142.6186370588418,54.83563504584613,133.47728398079565,71.68806864266321,35.44602702314727,1.4082218125341068,101.789131063573,98.81023292540888,110.9251774058315,100.70098370233453,56.53321169265424,56.61013485150559,56.7045931887208,33.533904192823215,33.772560783340005,0.9053953659450747,25.87876397285173,1.5233702927129646
344,3,185.0,20260116104003035,3,是,是,94.0,base_info_20260116104003035.json,,42.05701123292986,0.0791802649882875,31.81757191150615,0.1150664087149676,103.11248351019294,92.11365455670158,239.58556133904025,4.192209543658079,207.72877996358133,4.373894057079972,229.183880543876,4.467089327274379,248.289911498194,4.862505315442768,198.05462524721236,35.08182799851695,166.7506373623256,116.16037280255394,8.173727048950406,4.546598353935606,235.4675924771807,4.553469556494746,241.6855340577408,4.897647316808647,251.36435312975917,5.378046039181438,15.60251780508968,0.5102323454282648,26.295073991953824,0.5327167788344029,34.17653439084386,0.3013807401862642,27.58190669755072,0.2564195290207731
345,3,186.0,20260116104006606,3,是,是,154.0,base_info_20260116104006606.json,,40.68411594542622,0.4212017283439608,34.73584628221871,0.1237625327094012,107.55837005934886,94.55439195241291,47.76317862449283,0.0221524774828138,80.43906491848624,0.1422781852553732,71.01391430637204,0.3416693233885053,86.33126801192611,48.531625567467984,168.76288173982266,27.11075731451901,111.0277314355517,91.44112553289408,79.02105040041535,0.135907536365165,37.07236118144633,0.1786096475598582,32.42452637687909,0.3026618255745378,150.6392868225163,43.6814021050584,71.22912741426988,37.09425531467994,77.98525173850452,33.14347248256944,133.8574424757174,62.48473662479229,118.08376283132964,69.89453854292437
346,3,187.0,20260116104009161,3,是,是,100.0,base_info_20260116104009161.json,,44.35338563581018,0.2289080784688771,31.519929826801388,0.5375711764455608,39.21582424810155,0.128514907849592,226.9591043879433,9.852988896687428,205.54094090950608,8.03060304950529,229.3779522118988,8.126193244076958,247.19114838069444,10.326020765035448,179.90211934396962,0.3294587027738255,233.98914856148903,9.083886864268376,5.0925273468275565,2.6250395087203326,237.2780814895956,9.976559903856044,237.88428454341508,9.66776884501193,251.1537135768639,8.884714474166403,16.532314402858457,0.3656517644980631,27.49476211067348,0.3472685991752843,34.03980885947514,0.3632745724254432,27.87288072048005,0.2726508858645919
347,3,188.0,20260116104012048,3,是,是,132.0,base_info_20260116104012048.json,,65.50749624692958,40.48053652892846,35.7889319920283,0.1237824042811696,39.2536817405078,0.0839934970591949,48.23748059578768,0.3418575248095591,204.8523843561267,8.387130538842305,176.156061936467,73.41487773438564,26.66776425866532,0.0736851358470957,184.9561046283128,0.9632506467249669,47.82478658829965,0.337280735603956,232.837873886578,8.406765302933696,223.66205153598585,14.376083836516669,32.80862901456316,1.7802433741560026,14.870678973508287,0.334873177878123,17.68266567443413,0.1666823819313907,137.97354014048764,78.60831078589482,133.73146492161402,74.45686374270282,68.52222922843727,54.768503198973605
348,3,189.0,20260116104014784,3,是,是,74.0,base_info_20260116104014784.json,,,,,,,,,,,,,,,,,,,,,,,,,,,,,,,,,,,
349,3,190.0,20260116104022933,3,是,是,107.0,base_info_20260116104022933.json,,,,,,,,,,,,,,,,,,,,,,,,,,,,,,,,,,,
350,3,191.0,20260116104025413,3,是,是,112.0,base_info_20260116104025413.json,,,,,,,,,,,,,,,,,,,,,,,,,,,,,,,,,,,
351,3,192.0,20260116104027948,3,是,是,77.66666666666667,base_info_20260116104027948.json,,,,,,,,,,,,,,,,,,,,,,,,,,,,,,,,,,,
352,3,193.0,20260116104030933,3,是,是,114.0,base_info_20260116104030933.json,,,,,,,,,,,,,,,,,,,,,,,,,,,,,,,,,,,
353,3,194.0,20260116104033773,3,是,是,136.0,base_info_20260116104033773.json,,38.59722560861556,0.4839167245592869,37.69323602213833,0.988710128125908,137.90086747563058,41.04176967958974,191.34742119630684,46.18705958037905,183.1879910542534,51.28750813323296,203.3016943672857,53.28828062251921,244.5508267411858,2.5863368603643018,179.27929858367497,13.352722236381853,57.425999182903446,12.806388355055285,32.71508929236714,16.583750572769166,200.8214030496457,55.420061811086114,26.2177630135027,0.3137646877003481,15.742971297503152,1.0941496849745398,242.3278625160096,4.239489880049209,106.3296796057938,38.31127610294772,135.42936915895322,36.35512576106558,35.39360700405435,0.5259312895193923
354,3,195.0,20260116104036630,3,是,是,207.0,base_info_20260116104036630.json,,,,,,,,,,,,,,,,,,,,,,,,,,,,,,,,,,,
355,3,196.0,20260116104040224,3,是,是,108.0,base_info_20260116104040224.json,,,,,,,,,,,,,,,,,,,,,,,,,,,,,,,,,,,
356,3,197.0,20260116104043275,3,是,是,125.0,base_info_20260116104043275.json,,41.53638209899691,0.2011479623754228,34.82340256126329,2.1581270491699938,178.70509080896764,97.39125131862356,246.89081533351475,4.403027209248385,69.79624706865003,0.3472287446068441,62.54065190430322,0.4178976685303193,101.31691165438372,102.34181784009796,169.53172916723355,39.04767619328948,87.00438175549955,119.6626176987506,240.9397220946491,1.6932174055520928,37.759565831092,0.490260131290222,26.004944713367333,0.4767750204606924,135.3115986531656,43.0990430200656,147.52168256357012,28.8947949021969,95.83529506400826,92.1960632129129,39.04018109591882,0.1781529907095344,30.922664358331435,0.6497751746872847
357,3,198.0,20260116104045745,3,是,是,76.66666666666667,base_info_20260116104045745.json,,,,,,,,,,,,,,,,,,,,,,,,,,,,,,,,,,,
358,3,199.0,20260116104047900,3,是,是,90.33333333333331,base_info_20260116104047900.json,,36.13876168768184,1.923903189839862,28.63609156896823,0.3885016924854187,225.20946980080237,9.622908068353096,45.24659312355666,0.2668208337658415,66.21426452798114,2.6772244326248087,58.60435254210612,1.210302410254246,228.8442039562013,21.16337359546714,248.95646097987887,11.516162741113511,223.8808941422121,11.266157719352856,63.10131184602005,0.9022239955296866,34.14193755700862,0.1998799513248389,224.4614257371352,19.054405751220653,236.09888616777323,18.993374300998404,18.420351608051103,0.7366968488335257,22.848865340630613,0.7686712890896621,31.19160635947861,1.058185115782405,28.118055975960573,0.5688236422163147
359,3,200.0,20260116104050442,3,是,是,107.66666666666669,base_info_20260116104050442.json,,,,,,,,,,,,,,,,,,,,,,,,,,,,,,,,,,,
360,3,201.0,20260116104053080,3,是,是,121.0,base_info_20260116104053080.json,,36.58474771792277,1.1694051543454942,35.816579786428896,3.3324985141196986,53.66660603443248,21.357265413413987,221.12426289726375,35.58029832556497,124.40368695051144,70.80155444919939,128.17930589626857,82.83774819371169,143.3124908789059,83.05320772780293,185.16810246646324,0.3278050192584068,253.0372270931868,4.370701704362116,160.70025649109223,101.7336586800983,158.41138760594174,111.27518412506848,112.9179639370876,93.69237691028752,139.64792013105378,89.75204728895835,18.565683123171457,0.8436474033726592,22.93881189858588,0.2580039585410287,38.00642616217824,0.216157310480369,31.995022553473223,0.5144727482881042
361,3,202.0,20260116104055145,3,是,是,73.0,base_info_20260116104055145.json,,34.304449567941056,1.3546663317889935,32.99220952226224,0.6541919832408418,223.2586722892953,40.62622414588883,43.599015664961634,0.2813056746725298,62.61404868067419,1.0555398244578438,59.33106618339979,8.2291272981353,74.41518441350435,36.50385293666571,217.64504144020412,28.103133963864547,218.47602086455493,40.43691132449409,65.53226290562148,9.611779131188776,35.36218154586357,7.766677695877497,67.08140291743696,30.33267055244243,74.27835414369882,37.921552121699975,13.810976778654853,0.1351403314605134,25.60521036703251,0.6323254416300992,30.554166302408102,0.2322932235014789,24.31200373056912,0.0826851373040321
362,3,203.0,20260116104057399,3,是,是,60.333333333333336,base_info_20260116104057399.json,,,,,,,,,,,,,,,,,,,,,,,,,,,,,,,,,,,
363,3,204.0,20260116104100363,3,是,是,95.0,base_info_20260116104100363.json,,,,,,,,,,,,,,,,,,,,,,,,,,,,,,,,,,,
364,3,205.0,20260116104102588,3,是,是,93.0,base_info_20260116104102588.json,,,,,,,,,,,,,,,,,,,,,,,,,,,,,,,,,,,
365,3,206.0,20260116104105263,3,是,是,141.0,base_info_20260116104105263.json,,46.28693895666563,0.8487922660930677,46.52974526084384,1.4095852455362288,258.5861190232165,6.162551410463016,153.35036790989804,80.34495378810897,85.90740917062728,20.076606405936264,92.40557984065816,33.217442246544415,27.252358490586364,0.3146249502768252,242.19790396086384,3.8172258734741416,115.598182711327,85.70466593431601,112.53169279480818,84.65145351386639,61.37541100626986,29.59734891330375,35.673045265771265,0.4067948039922658,16.97548677001736,0.1417297832570029,17.39360921306678,0.2421018783508984,72.72477094263122,36.1897270366226,76.97477074061977,33.870378103053795,28.25658702384476,0.5497157826149215
366,3,207.0,20260116104108619,3,是,是,126.0,base_info_20260116104108619.json,,76.38668506048994,40.85632975081477,36.150612770639846,0.206141997787111,39.69935177963642,0.2860666463952843,45.41296441190087,0.3395637713504105,213.9167547160208,4.379694593081331,142.46544488900454,48.07624303646286,104.48117806828498,82.13899003550881,191.0039908177671,0.1779410217629853,46.60529882242628,0.1436556102658401,244.76602867664232,4.350049721163483,62.4029894257796,18.14371109964313,186.6336735596421,18.34336704964373,15.537423582332478,0.1952586052226551,99.72034338899614,85.22167518631512,98.66066963207167,79.18606552235218,39.26503229019041,0.4114285365632362,96.77291844778848,40.711921321643565
367,3,208.0,20260116104111105,3,是,是,76.0,base_info_20260116104111105.json,,,,,,,,,,,,,,,,,,,,,,,,,,,,,,,,,,,
368,3,209.0,20260116104114091,3,是,是,79.0,base_info_20260116104114091.json,,,,,,,,,,,,,,,,,,,,,,,,,,,,,,,,,,,
369,3,210.0,20260116104117338,3,是,是,145.0,base_info_20260116104117338.json,,33.10723308471813,0.625563354578536,125.74339288996092,62.51505843972093,76.96821075099689,71.89919652806638,76.68827753198904,40.61304141335434,74.78452427946925,0.0352340530947261,75.47073335762249,0.4709565201126053,214.43454121561,20.26169181306774,153.95335990701918,67.74447062648942,121.65363052528988,33.49714713648555,105.78199772127172,29.08498383285852,39.63850123421015,0.142022068721788,207.1721200885883,21.9125172874104,134.57524146012966,85.9484230447438,82.47366768154318,65.43451156002097,27.17678173519456,0.1544953091333228,37.44662124544382,0.347300113710978,45.35338991703083,0.7914248388742624
370,3,211.0,20260116104119574,3,是,是,75.0,base_info_20260116104119574.json,,,,,,,,,,,,,,,,,,,,,,,,,,,,,,,,,,,
371,3,212.0,20260116104124571,3,是,是,151.0,base_info_20260116104124571.json,,,,,,,,,,,,,,,,,,,,,,,,,,,,,,,,,,,
372,3,213.0,20260116104126915,3,是,是,104.0,base_info_20260116104126915.json,,33.72387760731705,1.7965957275684092,27.554216955932045,0.450327771446984,38.45127505346219,0.439782633051045,46.25714576848208,0.8059373117447004,76.36044937504153,0.1881966670824977,65.96818899556342,0.3597849785780737,26.201172833578465,0.3734305831767794,174.8480743841665,0.6809054507324857,46.46450981837088,0.3261206844335894,69.95515083542128,0.0757566331676322,239.55730682563447,3.426590271227533,256.61624264660264,4.336350968687573,14.081669646136186,0.2976449397503385,17.377122228768197,1.0493654200038067,21.76784169536342,1.040658567586928,37.13587139906689,0.4348763500503099,31.085259975700197,0.336497750780319
373,3,214.0,20260116104129527,3,是,是,84.33333333333333,base_info_20260116104129527.json,,,,,,,,,,,,,,,,,,,,,,,,,,,,,,,,,,,
374,3,215.0,20260116104132487,3,是,是,106.0,base_info_20260116104132487.json,,40.20042017778547,5.012032356708685,32.071553689079856,0.1446969849802292,133.75795907253573,50.29347975026027,42.55306778719478,0.1501539961875706,71.63530111652335,0.2606746656069453,69.90791552262185,10.639093474189057,158.4664457516741,70.41082268579412,188.27643396001235,18.035931452696246,135.20341455346517,48.887507210546765,67.22926898322527,0.2485152530263747,104.22369551210323,50.033321031580826,111.50214233111728,51.90219024717066,14.8228924958904,0.2163479050833974,156.60567894607593,71.91687372064271,137.63875086682984,70.31824088416862,37.681349848881645,0.1641607565052554,40.24189634057477,16.388753828083303
375,3,216.0,20260116104135280,3,是,是,113.0,base_info_20260116104135280.json,,44.39144320739448,0.6087787728899084,39.392506207138645,0.0904063659128022,248.38302019244864,10.495037178744424,50.21527963145556,0.4823196717669922,61.43919460042992,2.0024242209397656,68.42926905613562,5.007765895941166,240.55627228569716,4.605964753690538,229.71850314615716,8.729062583865879,219.71677999845943,9.581583556043928,65.21757872308042,3.321307835775388,43.35982279111713,2.888121168710619,231.50583358994612,6.74830562850563,238.1203418090149,4.67305163625331,17.54009582761465,0.2199364386897989,26.91893070685877,0.4918504887627059,35.50279249279672,0.4518091849103875,27.16507836707061,0.331373338062657
376,3,217.0,20260116104137680,3,是,是,66.0,base_info_20260116104137680.json,,,,,,,,,,,,,,,,,,,,,,,,,,,,,,,,,,,
377,3,218.0,20260116104139648,3,是,是,72.0,base_info_20260116104139648.json,,,,,,,,,,,,,,,,,,,,,,,,,,,,,,,,,,,
378,3,219.0,20260116104141811,3,是,是,107.0,base_info_20260116104141811.json,,40.42247942155354,2.850672612374806,32.51668086365547,1.2765469831285838,117.69767429516008,56.58138803503898,223.7611975144019,14.801882545206968,194.24998276379412,15.376150186484484,209.64070617408296,22.504983835363745,143.02843625960762,93.91934457807452,188.3516859265004,21.159063310331995,113.88279113356418,74.97088427425909,10.26123307362783,5.64546789087185,211.6931628882202,22.70818393973078,55.56775330656066,42.85668860164645,55.5319588283543,57.356167088364685,188.3635004982388,41.56286633350727,57.88749221872259,32.08254796303812,166.2282987277221,57.96031135636761,23.254612612056395,0.369543384260972
379,3,220.0,20260116104144296,3,是,是,105.0,base_info_20260116104144296.json,,,,,,,,,,,,,,,,,,,,,,,,,,,,,,,,,,,
380,3,221.0,20260116104147111,3,是,是,107.66666666666669,base_info_20260116104147111.json,,,,,,,,,,,,,,,,,,,,,,,,,,,,,,,,,,,
381,3,222.0,20260116104151205,3,是,是,166.0,base_info_20260116104151205.json,,49.831220186596255,0.6155628328783774,41.12080766534162,1.3132653955659284,241.6051077801337,9.478478048383256,109.4980997153922,69.82150296171089,154.9703412320227,39.31513324633837,183.99572320924844,41.45267259368136,28.967866372600408,0.2727808908386134,247.82977635080735,7.528969272211406,149.55333340419236,79.72831895692948,98.0474071737984,55.78028646658583,56.43618833935961,43.08512208454747,167.21512649125268,96.84085216336123,17.45106049845887,0.5482429128406533,17.68930120874239,0.6066073745437354,39.283762718869646,0.7993765149858604,41.115881077699136,2.271779877315492,32.933620720852666,1.7961604048327693
382,3,223.0,20260116104155688,3,是,是,136.0,base_info_20260116104155688.json,,43.74586008906695,0.720761030590299,36.94653143837727,0.3633013963529324,134.94177158176248,73.50491063703258,45.087691816274166,0.2692650464994988,74.57035759506078,0.1691801062365047,67.0941510036899,0.0469239055514628,258.1531093983163,0.5007718910836852,105.93598929483883,40.18295733323199,133.69678886673088,72.76522493171134,74.01202502569645,0.4694002527077739,36.70395324335325,0.3890575826070654,27.27827154112485,0.263586829915317,124.86762916138169,66.50514828507039,134.44586170277003,67.84918794977953,237.8383449575165,0.5327924386520996,43.97340627657625,8.50265004849354,43.789108812097744,12.26553123439776
383,3,224.0,20260116104158918,3,是,是,89.0,base_info_20260116104158918.json,,,,,,,,,,,,,,,,,,,,,,,,,,,,,,,,,,,
384,3,225.0,20260116104202312,3,是,是,159.0,base_info_20260116104202312.json,,48.46165289044257,0.1675435700787186,46.27631388102133,0.103460283946834,181.18290140294937,46.749234392742295,58.10076967576646,0.2197189124543437,208.37988184372657,24.90054093267528,233.63287919032004,25.266630702807618,27.16712839242958,0.2974273034487266,198.24374231325712,19.30133011166524,147.69095590562404,46.32762991133479,215.9923894216476,24.673146588512168,21.381710545550035,26.6891082238829,241.7934907776056,0.433127261667851,16.56154027345354,0.2025285603111547,18.04750048189669,0.4056337745287394,29.270683573059312,0.1896286315263138,40.09249250594917,0.3588652507127333,29.89908484105285,0.9610325891700556
385,3,226.0,20260116104204951,3,是,是,77.0,base_info_20260116104204951.json,,,,,,,,,,,,,,,,,,,,,,,,,,,,,,,,,,,
386,3,227.0,20260116104207179,3,是,是,85.0,base_info_20260116104207179.json,,,,,,,,,,,,,,,,,,,,,,,,,,,,,,,,,,,
387,3,228.0,20260116104209465,3,是,是,89.0,base_info_20260116104209465.json,,,,,,,,,,,,,,,,,,,,,,,,,,,,,,,,,,,
388,3,229.0,20260116104211932,3,是,是,135.0,base_info_20260116104211932.json,,,,,,,,,,,,,,,,,,,,,,,,,,,,,,,,,,,
389,3,230.0,20260116104214718,3,是,是,119.0,base_info_20260116104214718.json,,,,,,,,,,,,,,,,,,,,,,,,,,,,,,,,,,,
390,3,231.0,20260116104217214,3,是,是,154.0,base_info_20260116104217214.json,,48.396879982213534,0.5667858938593209,45.2094025784663,0.3742606907896416,259.68845352404355,5.257566958046381,262.9804665026729,2.039356764773212,212.46813999959787,13.473306633536572,236.732257143566,13.2962871448251,199.29348430329355,60.013350464313625,242.48431798057769,3.7524593968620303,3.827867814988213,3.762222510833598,13.824744140312722,14.303493389251154,53.4550083521313,51.9266726766927,86.22547833197477,60.32597578564911,196.45074457103783,60.472016717290494,18.1248062014852,0.3279765945159134,51.16120270361503,26.858697976719807,57.581529974473625,22.63090941261865,27.165200735078823,0.1032791980427941
391,3,232.0,20260116104220087,3,是,是,99.0,base_info_20260116104220087.json,,25.854233998483327,2.3689425704870164,32.2933715336233,0.3590611094629387,172.9535576472142,96.71272829746782,43.37754435485969,0.2362943357011523,68.85959034648032,0.4426377333651841,64.03562204647122,0.4958038460687697,83.48441385617907,92.74080739941128,221.75416149829053,39.35231348368908,175.11600773525296,92.86363588834725,64.36012447191995,0.6887187841177029,200.42550862035247,53.02460691428486,114.9798430354158,81.10991282947857,164.900459492027,92.94917926652252,247.50739266260587,2.508840085215886,228.7835594482644,4.993353281495431,36.003326933403486,0.5475162860757147,36.9059797480889,1.1870865770376064
392,3,233.0,20260116104222140,3,是,是,69.0,base_info_20260116104222140.json,,,,,,,,,,,,,,,,,,,,,,,,,,,,,,,,,,,
393,3,234.0,20260116104224446,3,是,是,142.66666666666666,base_info_20260116104224446.json,,47.54367649370091,1.829255162870912,33.16817980797922,1.5619020039160263,211.92230367891943,20.33545534844868,234.93659411553656,7.802159187367711,87.6316741294258,21.822346615770844,98.5423125175234,32.03048333896393,99.84793027039107,45.39582984551652,239.5175280903728,18.634963244044314,23.72681782947075,12.959438953978204,158.3240988436405,42.02686045326512,28.754707758983898,8.3355465789079,20.161605649125704,5.300097910167918,89.51466168343683,49.72493595002929,20.08883732391124,2.612954090638975,199.9421661470656,38.314755893424575,183.08000645734933,37.7166119699616,27.115495877657175,0.9924889536074176
394,3,235.0,20260116104226374,3,是,是,100.0,base_info_20260116104226374.json,,36.41363766658307,0.7828357463698706,50.217400662427536,25.15136539078741,68.71093072168027,38.74551251992394,53.21371406206988,15.29201548745223,64.50850143962639,3.0339990764844136,58.81446082342131,0.7213140205922883,174.8460716162236,52.2227408793566,174.51055061100783,23.040217277056783,99.66200177518732,66.74351701364485,79.75330215076066,23.64171531192339,77.68484165342518,41.41591949998213,92.26582303262774,40.85199330423371,171.78140233363908,52.97388471397301,13.443176345498626,0.4972428838809367,22.01651814992877,1.211094911689719,36.10120699817499,0.8966246246702032,28.388969947364444,0.2506115173890426
395,3,236.0,20260116104229023,3,是,是,101.0,base_info_20260116104229023.json,,43.99392215050003,0.2223154717678972,33.463566410867536,0.1003345955930167,170.70376295339165,92.6477829050666,111.31669383219806,91.77550413303574,135.49705839443072,45.65895825803994,152.34584913884814,48.73878687954235,238.85355338668853,5.848728213072369,212.64671401587324,28.57787946724955,97.3461172917402,92.59972050243292,169.23278089130903,17.575608465824445,144.48403891147495,52.78927379200216,233.66815086186315,5.296076911379121,238.31289360360503,5.891758410834013,14.4384387670081,0.3144302031857572,28.614017866231467,1.0343375811366482,36.73740422648029,0.3509182328434622,25.63747418889919,0.2767738940579243
396,3,237.0,20260116104230895,3,是,是,117.0,base_info_20260116104230895.json,,41.78474369703662,0.8174870829351202,39.20382416123403,0.8864485992210951,221.76542019514517,22.30666892530493,242.72866993652283,19.50496764782095,116.92729050243896,31.648095991190672,130.08010642813392,33.9100863310988,95.08158946429826,46.33045226869757,219.3295690957555,14.3378625833611,21.726820148191667,6.215290358405529,105.59719159134276,43.77254075560795,111.70692157182944,39.37616123411025,82.41904381579704,42.23011638945509,94.91869886616875,46.75049292677915,16.064972955113216,0.1861096084501603,27.26578530305176,0.3263154510621062,36.21097407202266,0.3917124036239,27.240445703016352,0.1097066274001252
397,3,238.0,20260116104233039,3,是,是,125.0,base_info_20260116104233039.json,,,,,,,,,,,,,,,,,,,,,,,,,,,,,,,,,,,
398,3,239.0,20260116104235148,3,是,是,121.33333333333331,base_info_20260116104235148.json,,,,,,,,,,,,,,,,,,,,,,,,,,,,,,,,,,,
399,3,240.0,20260116104241160,3,是,是,282.3333333333333,base_info_20260116104241160.json,,,,,,,,,,,,,,,,,,,,,,,,,,,,,,,,,,,
400,3,241.0,20260116104244991,3,是,是,77.0,base_info_20260116104244991.json,,,,,,,,,,,,,,,,,,,,,,,,,,,,,,,,,,,
401,3,242.0,20260116104247767,3,是,是,65.0,base_info_20260116104247767.json,,35.78558256866032,0.8681015532705174,28.45492963720241,0.0982910263183071,31.739807641433543,0.7121879120680858,70.01235792823965,45.44237396685873,211.251253487254,10.33502822456372,229.2613928355754,8.723365376577947,237.69649930119715,4.616639039827173,144.6081060765628,2.503548903255361,71.43110547199655,50.40495698029313,181.30460035117423,48.76519324867123,229.91701996855213,7.935304150089125,18.02464703161084,0.2718989950488911,14.35950530461439,0.161414665015098,238.9389983146904,4.636806311955821,224.06903775771056,4.605703923232252,31.170253014832408,0.1568372343954518,25.941974673701583,0.1003357972589044
402,3,243.0,20260116104250839,3,是,是,113.0,base_info_20260116104250839.json,,,,,,,,,,,,,,,,,,,,,,,,,,,,,,,,,,,
403,3,244.0,20260116104253333,3,是,是,7.666666666666667,base_info_20260116104253333.json,,,,,,,,,,,,,,,,,,,,,,,,,,,,,,,,,,,
404,3,245.0,20260116104255900,3,是,是,105.0,base_info_20260116104255900.json,,41.38218494152456,0.7124757652434596,33.50858185923957,0.1718369548443322,96.3772716065619,43.89417945647008,43.51198597006955,1.1016597243631037,72.83182043074173,0.2754953174738442,63.43886435358039,0.3911522198296404,25.181416074603774,0.101424160246762,176.0099960404959,5.248397801510526,97.28201742480312,38.83046485191184,69.98114441560843,0.5609115429891585,36.13904820272097,0.4773152931344354,24.74358897663745,0.5163311702292724,14.872061008175578,0.1480673647346221,16.249600324870944,0.5657666532097043,25.36131697639239,2.0398162486329885,35.894117213877166,0.7904199003827532,26.833734222394757,0.1748226518552676
405,3,246.0,20260116104301796,3,是,是,206.0,base_info_20260116104301796.json,,39.58697046474718,5.114328504915752,37.44450974374524,5.653299578061886,137.30128212151968,69.62002359365268,131.02018718356103,62.34512922434971,106.12252132042936,27.607298541714187,117.27342246899909,36.325357241754,36.746561120696846,3.884441843809994,191.7885630374856,22.041893032279223,96.31791630165472,68.34820633128264,140.0456562590559,67.20813691262504,107.87836473260138,52.35544416705116,33.16627962000498,2.495146000593487,18.610361654363,2.3088108909758294,34.265836412887495,12.11439785390164,32.53538672453994,2.2520747719597862,38.15108763490559,1.0923182603187869,38.43599631449104,6.002868685639911
406,3,247.0,20260116104305554,3,是,是,126.0,base_info_20260116104305554.json,,,,,,,,,,,,,,,,,,,,,,,,,,,,,,,,,,,
407,3,248.0,20260116104309027,3,是,是,93.0,base_info_20260116104309027.json,,,,,,,,,,,,,,,,,,,,,,,,,,,,,,,,,,,
408,3,249.0,20260116104311535,3,是,是,110.0,base_info_20260116104311535.json,,27.210822433141946,8.312996790259893,34.382583697491775,2.5895992149031413,54.689805009341946,22.14372344241292,99.88532967883567,108.5734686570818,169.63175173418065,73.48614908271989,177.15117838769234,82.26204577874103,26.375104774263217,0.8595618981590416,169.58707653100575,10.977346254878844,130.1888095698083,96.17014039043376,229.306123555794,27.31506521613127,158.07685137956005,108.9479394506881,163.12376656524705,100.20429703336188,15.76125248017646,0.652494464721222,14.514774443312234,1.050898415805697,27.900551214429225,2.0738987656732517,32.88367166147119,4.05450503429129,42.61013904093997,8.492055155278148
409,3,250.0,20260116104313787,3,是,是,126.0,base_info_20260116104313787.json,,40.63310563411252,1.2853059552374198,37.94983208009823,0.3718336542313975,39.66554471608477,0.6709480368517945,48.07597259618169,0.4703772107400636,216.2048831874604,4.131690866003206,235.44758652646317,5.772733643796684,26.65498356564113,2.741887892450124,179.83584782482998,1.2702878707615624,45.33028422285628,0.7957635555009627,246.19284983185216,3.3405321679729285,240.4374143449228,1.6362498634403628,22.11873753520108,0.1789291847011225,16.80265989277134,0.0823886603556327,21.434103419820616,4.846564713299501,38.10599400931836,14.971585217742613,49.51516486035256,15.429781480520765,29.61356783452507,0.9813061087496492
410,3,251.0,20260116104316358,3,是,是,152.66666666666666,base_info_20260116104316358.json,,36.38164723669505,2.9078178810523614,39.55905055993125,0.4474414940410354,182.93779018973888,91.5841079786461,138.25491466603964,73.62357878937092,75.58191462727639,1.0456188368915391,68.82419501604954,0.7781299104312139,170.26229849659265,100.8073207282184,226.86859504697424,34.43297971353613,59.91773172307448,42.86132776057995,142.5170624864313,59.09178355358301,38.12941226556279,0.4579975703112033,166.50449439431614,96.194589944871,166.8963151403527,107.07388208031274,17.375326019642998,0.3524929224231944,26.460491047882886,0.5970478236601539,38.63561572591536,0.2318294827698795,37.07103611586171,0.6194615469361343
411,3,252.0,20260116104320302,3,是,是,0.0,base_info_20260116104320302.json,,,,,,,,,,,,,,,,,,,,,,,,,,,,,,,,,,,
412,3,253.0,20260116104322568,3,是,是,140.66666666666666,base_info_20260116104322568.json,,,,,,,,,,,,,,,,,,,,,,,,,,,,,,,,,,,
413,3,254.0,20260116104325935,3,是,是,102.33333333333331,base_info_20260116104325935.json,,39.261284050228014,0.042116548313899,36.49586675996861,0.1388174494924022,40.45705549062283,6.392073436070481,44.66360987518049,0.1195061507101471,135.32549607649142,64.20772130337923,151.93353621687632,68.06200202585404,246.11040982714965,1.207851116848034,168.9897458344726,5.0727777369520135,45.064864841003136,4.126247572838154,159.52098606830677,66.36480792440733,99.5740340744501,74.26294086450058,0.9020688426963726,0.7862789622855947,247.71529188005425,1.2001281308130411,16.633159424612046,0.1487631626334335,27.51318018014319,2.123526848939484,35.270840296332445,0.2616690465693324,26.46962561128416,0.1358677552993291
414,3,255.0,20260116104328288,3,是,是,121.0,base_info_20260116104328288.json,,40.88758304949769,0.3485847282724356,37.88812093627645,0.0737313464545871,175.6674297781585,47.716018594967245,181.65349574617397,95.34590521129,160.96273546734892,65.83681320602297,174.6719768776693,79.14842367250013,27.169604258045357,0.126218281653663,202.3806477014817,26.046980583858232,66.24201915388453,39.13111574619439,30.147264311950607,28.28907519599648,166.6120707060666,90.94446157081984,24.01863603398556,0.2937267562001885,16.536174069085508,0.2648373150630983,17.72168148779832,0.8446709539439394,28.3022645256365,0.2076204066166744,35.914729487777585,0.2079558733435661,30.534542714537807,0.0739986084700237
415,3,256.0,20260116104331082,3,是,是,104.0,base_info_20260116104331082.json,,44.18584231181181,1.7350301273072928,35.108925749588515,0.1939370894661857,82.2154007957389,30.872109175231024,48.130943922842654,0.2148850073796647,212.27389992902388,3.207687563419457,238.69424466214613,5.724360590287366,245.31681954585807,10.362087595342022,176.58839132400433,2.3881523553694204,84.75994185929595,26.410798367489367,237.9848980973486,3.220307295318899,244.4248439637743,4.175475320834797,245.41781566459883,4.021650448477849,257.1973766358047,4.49491030450165,20.010587062550155,3.5367657621909405,35.4431102254714,15.388745093534098,37.88340045565271,6.7799010648079205,26.558761001671726,0.3913139561643103
416,3,257.0,20260116104333714,3,是,是,83.0,base_info_20260116104333714.json,,34.785945386670576,0.01900879093664,27.84617303510763,0.4019817407870625,239.54537131600964,3.01144042204811,43.279061851662426,0.8738622735070529,66.16500775293497,0.6852619452960382,58.06856683600773,0.0740792885076238,24.09484673769873,0.3142672834748659,254.4597043251371,2.560396490078248,238.78313362995888,2.5271220659482463,58.29917102807482,0.4932333127067476,33.206463367654244,0.2433226973678211,24.623657210592956,0.1095578859619644,13.197632817922331,0.1438719284243494,15.371312915310936,0.0535916174983257,20.966648426939383,0.3560269841222693,35.57346024993237,0.4920966907838152,26.09131747819849,0.2497665312308038
417,3,258.0,20260116104336166,3,是,是,101.33333333333331,base_info_20260116104336166.json,,35.41037253700403,0.2890665856296915,36.411688399134064,0.9476690321895864,36.08917711174874,0.2355962253481581,44.65532268360389,0.2512888399688924,68.52697656973636,0.141844835043724,62.083584050994496,0.1372431258752212,24.933828457169284,0.0227692431735485,172.23460715384758,0.4368210395311264,44.89849545696984,0.4374129598093816,68.06254724635,0.5188476248636101,36.28609508604452,0.399428880700874,26.20733393097505,0.3292183075311615,14.218053172332924,0.0607004795247866,16.461257078521573,0.324478542856202,23.77018709098341,0.2167636712312897,35.63944016414754,0.3305460381046168,29.130526620254425,0.1895329541270348
418,3,259.0,20260116104339097,3,是,是,95.0,base_info_20260116104339097.json,,,,,,,,,,,,,,,,,,,,,,,,,,,,,,,,,,,
419,3,260.0,20260116104341923,3,是,是,67.0,base_info_20260116104341923.json,,,,,,,,,,,,,,,,,,,,,,,,,,,,,,,,,,,
420,3,261.0,20260116104344796,3,是,是,104.0,base_info_20260116104344796.json,,38.82194298446149,0.3958198169470698,30.522647398067463,0.7993208466164834,211.4680718590066,19.33893375429695,46.07456500567053,0.1902905268357156,71.71124131674206,0.3349753363725123,63.53409086720183,0.2085954380045314,27.17106714171156,0.3535262669054144,227.41120605473188,16.439602684791577,207.6359781685364,19.20468404500469,66.40043298147874,0.1881685942549599,36.136501447794906,0.2565338963201042,25.45866249730632,0.4746836118275253,13.118174147026243,0.0913508587684295,18.872956449380368,0.6441407277170993,24.321985871759647,0.338642863455149,35.17025988317561,0.0401091111240162,26.800428548519275,0.3041816116836512
421,3,262.0,20260116104348187,3,是,是,105.0,base_info_20260116104348187.json,,,,,,,,,,,,,,,,,,,,,,,,,,,,,,,,,,,
422,3,263.0,20260116104350286,3,是,是,123.0,base_info_20260116104350286.json,,37.97153881466456,1.3924168045899332,26.649573197705063,4.331514323622481,39.55105725612858,0.5495460841410785,45.0006912038581,0.2248213985323339,73.67598589142307,0.836906524547152,62.31708122802981,0.4307603537715768,26.06738749326438,0.3645335702192059,174.5257558684912,1.128611655792193,46.4353522951169,0.221833851443209,68.67651764888801,0.5214638166764386,34.9434782318175,0.5868681146883885,28.141383130087984,0.2354924667599763,12.674106323825598,0.1524571724545736,18.18702700025033,0.0820540342865615,89.92358512249056,60.85757230261815,83.21428787055773,50.528296288132246,29.88645707334781,0.2729349224210905
423,3,264.0,20260116104353853,3,是,是,166.0,base_info_20260116104353853.json,,47.24525473103056,0.8334372954264851,47.06148329131173,0.1496821712116929,187.26382626946972,102.04256303075236,234.2133199603674,30.625306322145708,121.06503333969506,73.68734925407198,128.53460223134914,87.64764745867592,28.347982190643894,0.1211419213787086,90.9984462667481,120.06611608710722,112.67733801211784,104.24091614032903,139.77531576158347,90.52152592191926,155.23352363539695,109.04285097172134,237.94836235579749,2.850191564517532,239.4926800197483,2.1229511049112864,241.22854099858387,4.234081679296982,32.24682617232481,1.3455439315336002,40.1337693405049,1.65241507578426,33.74977530013009,1.8590593437732
424,3,265.0,20260116104357594,3,是,是,82.0,base_info_20260116104357594.json,,,,,,,,,,,,,,,,,,,,,,,,,,,,,,,,,,,
425,3,266.0,20260116104400603,3,是,是,96.0,base_info_20260116104400603.json,,41.97895473579593,0.3092385150677066,38.692359176515005,0.8416279660410977,114.43534861674571,104.45068491214234,256.3115736493059,5.296363003108603,62.52048813680808,0.1640933472192868,58.02493649818867,0.2187426840834926,134.0275801605638,76.41101855481668,198.35644109340137,29.09437680662309,178.30741467683077,125.63709899075496,235.23734559588436,4.764392351198149,95.886578734026,37.84659424805027,92.2128431189336,46.45229821099375,104.55625161015472,74.90833318601936,234.7171267280897,4.227432840778093,233.09176100711127,5.455709758563535,34.9660359945689,0.1245269950574742,24.76712176314157,0.3936492141650501
426,3,267.0,20260116104403615,3,是,是,88.0,base_info_20260116104403615.json,,38.26693738308772,0.9333684178131956,27.884045231041608,0.2540970999002677,40.0667346020556,0.1207124593023985,47.50129861445675,0.2387046158891334,70.82654393657289,0.1910905556712553,60.76053724285413,0.3154646404442504,257.2573601699381,2.6969683772732758,168.81787279569815,0.2443157990321435,43.64986933048591,0.1856756074156409,67.230343985612,0.4867741737844449,32.81102763549535,0.11006070209382,248.055094246666,2.6846158619486133,260.26968906483904,2.634641863672838,15.283001049288751,0.0919729849877904,21.763201797230035,0.2575177608504861,38.368791169993074,0.3492543375317298,25.19351771611782,0.1964391505610654
427,3,268.0,20260116104406128,3,是,是,57.0,base_info_20260116104406128.json,,,,,,,,,,,,,,,,,,,,,,,,,,,,,,,,,,,
428,3,269.0,20260116104409449,3,是,是,145.0,base_info_20260116104409449.json,,,,,,,,,,,,,,,,,,,,,,,,,,,,,,,,,,,
429,3,270.0,20260116104411837,3,是,是,73.0,base_info_20260116104411837.json,,36.27680886908649,0.5833619650184632,32.66682272198663,2.9132552474244,192.26875945259476,43.35892816419389,40.23543949879853,1.886167561409376,60.6425173020051,8.054355357353025,66.04630636734571,12.349885177673402,20.09699764048676,0.1840044593453775,186.5667834509567,26.60169708193732,173.9808447821457,39.5414754563192,68.4620238201166,10.428368877267888,45.39283009561001,13.536427290674714,23.83990581284603,0.2482270826040691,13.17465390098423,0.183823860928672,13.852863970092647,0.2380640998104858,24.552910301803887,0.5070302468310349,31.753796722609447,0.2750693625882868,23.864041530651804,0.7392897770605483
430,3,271.0,20260116104414754,3,是,是,98.0,base_info_20260116104414754.json,,,,,,,,,,,,,,,,,,,,,,,,,,,,,,,,,,,
431,3,272.0,20260116104419690,3,是,是,91.0,base_info_20260116104419690.json,,41.81185658656986,0.4986825155321852,37.87532109615724,1.2163568181885094,38.02930804634215,0.9409139736586656,47.74214730975479,0.5360614948229798,59.45056340644888,1.9605487305646303,34.68731665752788,17.836834123852093,105.36101487189508,91.40566373512874,167.52142044094123,4.289097875421948,41.68081339547496,1.6618544745044557,80.9248910768952,9.03081117008604,48.00851804235638,9.083541389433108,98.79637308526104,83.72637226556047,104.10433133425504,93.05584164230012,13.68042199239172,0.6850451219001318,29.26434430480016,0.096011922840933,38.80606795868139,1.473136880672428,25.53187387179374,0.3647652240453788
432,3,273.0,20260116104423162,3,是,是,79.0,base_info_20260116104423162.json,,,,,,,,,,,,,,,,,,,,,,,,,,,,,,,,,,,
433,3,274.0,20260116104426164,3,是,是,166.0,base_info_20260116104426164.json,,43.63916750500538,1.5465530826091525,40.76825614908073,1.01208499237418,200.2639199654853,31.077363796972413,220.05255845609645,37.92841520065416,202.4096904178839,8.678920176257487,224.5296280797087,11.359394784841562,27.622188414095955,0.0007697704996153,224.2547139955805,16.78688687125364,53.50447609782214,26.881837410697173,34.12559365555326,30.15034371762261,215.84217484358336,8.53649785627597,34.52035770692344,0.4533967661395497,17.495810077973793,0.1829635892301844,18.137083751298388,0.0694886717776475,29.50668630965562,1.298016612418769,37.65595212966858,0.3337466749173164,31.092244802083428,0.415501135283788
434,3,275.0,20260116104429831,3,是,是,87.0,base_info_20260116104429831.json,,,,,,,,,,,,,,,,,,,,,,,,,,,,,,,,,,,
435,3,276.0,20260116104433112,3,是,是,131.33333333333334,base_info_20260116104433112.json,,,,,,,,,,,,,,,,,,,,,,,,,,,,,,,,,,,
436,3,277.0,20260116104436636,3,是,是,109.0,base_info_20260116104436636.json,,40.94050036069891,0.3192906243591372,36.38592741714141,0.6192326086477041,251.83547668485932,2.7901498505934987,177.08273424435458,60.26018682641196,68.51348156506786,0.1902358680521061,62.55890787282906,0.0653151160480538,26.195952001716265,0.3794464318339812,245.79159496794327,1.8833378493171624,79.68191010585204,59.8694168246641,169.21339004944,56.266175441880165,35.183371027688125,0.2488296072742659,26.73749014322394,0.0779956901115371,15.459847378094404,0.2620006604644123,16.669025624221007,0.2243744132419802,31.907222272721413,0.321279221849983,38.38010310874104,0.2208743363592486,30.52096793218492,0.0722714322606306
437,3,278.0,20260116104441420,3,是,是,94.0,base_info_20260116104441420.json,,41.95457500916472,1.069205011050589,39.32857676086803,1.4514349366259736,246.2681425892914,5.003204174271635,246.76495472718145,4.754812632546831,112.03726047931016,67.60107094661902,114.38380578993578,81.84744410609173,23.099005913878017,0.0953897869294275,237.3501490404087,4.39325651124532,1.4567314965404978,0.7292607637975698,158.3525203483431,106.94265222851674,99.49862883241924,90.76265317604178,24.45221919169168,0.4430294568851522,14.001636526414218,0.0274653180145139,15.64597661988781,0.1582464564628479,86.63339444277328,33.96624689111954,87.03044358277789,32.25857636143527,25.767804572469046,0.377603528153253
438,3,279.0,20260116104447127,3,是,是,66.0,base_info_20260116104447127.json,,,,,,,,,,,,,,,,,,,,,,,,,,,,,,,,,,,
439,3,280.0,20260116104450276,3,是,是,78.0,base_info_20260116104450276.json,,,,,,,,,,,,,,,,,,,,,,,,,,,,,,,,,,,
440,3,281.0,20260116104452908,3,是,是,132.66666666666666,base_info_20260116104452908.json,,31.333241228811573,1.0453429623339563,30.38551961856969,5.751993447570705,226.5753466894403,10.864081555633389,227.36638963384584,10.58103432340479,72.99998959107472,0.0786913615312043,65.58885619372516,0.3719474444862584,232.19965338462052,10.827308108897595,235.4035072303727,10.693107051207605,3.4555103096308883,1.7907976135277694,232.0539866652558,9.433227570925538,104.1933804953539,93.19363820276952,152.46645749139972,97.30316193463398,232.51280026433247,12.647477020451149,16.9787340600799,0.2294595659740647,27.97291886245604,1.589045554356497,37.61355736038004,0.4130349785121354,33.02891125993407,0.8956546978665932
441,3,282.0,20260116104455218,3,是,是,94.33333333333331,base_info_20260116104455218.json,,35.62107449926044,1.4275644363651447,28.549201410769395,1.3217689276146447,229.142117098765,10.632074700650929,238.66420401830248,5.551212925263868,96.11200656715128,51.225706869118405,92.05261989599978,56.07383716129881,133.75417315927763,61.20622229747356,236.7957937682252,7.606241076892021,9.785354421432046,5.220576030113907,173.30165410680362,90.43227517223562,84.57928393451162,71.32193474245773,129.3484234946791,60.72129364617443,134.75073543412586,61.99936549704408,14.235540921188424,0.0573045947641039,24.067433003435863,0.1361281997155918,32.996095730722544,0.9373204518507124,25.058250311413637,0.3483953851887175
442,3,283.0,20260116104457995,3,是,是,107.0,base_info_20260116104457995.json,,,,,,,,,,,,,,,,,,,,,,,,,,,,,,,,,,,
443,3,284.0,20260116104500082,3,是,是,131.0,base_info_20260116104500082.json,,,,,,,,,,,,,,,,,,,,,,,,,,,,,,,,,,,
444,3,285.0,20260116104501479,3,是,是,137.0,base_info_20260116104501479.json,,,,,,,,,,,,,,,,,,,,,,,,,,,,,,,,,,,
445,3,286.0,20260116104503985,3,是,是,93.0,base_info_20260116104503985.json,,,,,,,,,,,,,,,,,,,,,,,,,,,,,,,,,,,
446,3,287.0,20260116104506839,3,是,是,117.33333333333331,base_info_20260116104506839.json,,37.01072614872021,0.584220806538076,36.24343889333738,0.0776211567327708,249.64639924727956,10.432178487795095,170.41852046259783,82.05994801467801,149.4448786230524,67.10491672370551,163.2848085894956,76.42876239169442,135.1669034038966,82.00146074424356,224.70529828033668,8.175068976571305,90.16450539766332,88.18874010171476,34.15799393095295,13.820308179150471,144.09414435414843,82.2884997192941,162.3257614104501,43.85906701008274,161.80626840204206,42.84677489543249,48.99563074336256,50.52873521245256,164.29704470539258,43.65673940392442,196.33836808367832,19.395167526103425,32.99336689575447,0.2913972309618278
447,3,288.0,20260116104515238,3,是,是,120.0,base_info_20260116104515238.json,,39.88780433938309,0.8094507375864257,40.46343385413983,1.466859059464177,231.14962435592489,22.59029697219109,234.2496337832125,20.88665675123721,163.51107086615283,40.96184756526189,178.9931250221541,41.42513906738317,35.75861170561378,5.674860888759845,211.7679773554444,16.431209785920437,6.562553120768964,3.591186848065296,65.98481342749328,29.24067692149912,162.75697073478827,42.2177125778493,33.423910726939326,5.023608990652892,26.848321656390265,6.608086138673537,17.67612212653411,0.2696885450670571,28.963994898589927,0.0481832829948629,36.45602214393848,0.035331847100235,26.45411419163904,0.4284338127251825
448,3,289.0,20260116104518170,3,是,是,100.0,base_info_20260116104518170.json,,38.638156775444976,0.5243429276192042,35.5079054821063,0.118699553703047,206.6589836450495,59.33649893534071,188.61242052293463,47.95632258620325,118.88916960325878,74.13611848480454,120.75877173382236,85.78005893023774,25.606596040692462,0.1308196103082464,219.61211126265397,36.30705954519005,66.28836037628211,51.36093970086922,141.15623069550574,71.1641547162139,104.87398403602016,77.56085954229704,45.75444861856608,16.759568954071003,15.553454167463912,0.0794338181919214,16.296581429524423,0.108975850709563,27.02808363122701,0.0576705766934666,32.874221514809825,0.0802684770510964,28.57006922654081,0.2786138949612733
449,3,290.0,20260116104524329,3,是,是,101.0,base_info_20260116104524329.json,,40.62218719338418,1.20474617711307,45.03994659499185,0.6474342037144868,278.30301293665184,5.400043827242412,201.77898895735396,106.0220021175202,190.05628389978335,31.665886795871803,209.5422364710603,30.384667183512715,244.1243419307676,1.7380303908787924,236.3118718259749,3.249238592826936,83.29032564177335,110.2084021291102,70.27781966154356,61.780771247624585,188.60527859181707,31.33469551439331,242.38752343608732,2.175699893606632,239.16479682795543,1.7413851405992051,16.82503420718191,0.0608632566524712,25.941819944838244,0.1052158618304215,35.113795878378674,0.1549204498959011,22.574503754538384,0.473885733284156
450,3,291.0,20260116104527883,3,是,是,85.0,base_info_20260116104527883.json,,30.6557874168992,1.3146944993309877,30.067184260537136,1.495062422529745,152.82266224986824,89.57593588700634,38.68894087233446,0.4118606444425803,60.785140565807865,0.0596082878560469,62.1499567232542,0.2069254444123828,240.29267753319115,2.5432017258487973,198.2224401950509,32.43659732918156,155.7683635139252,88.7652739640674,63.87815789562571,0.3995232373301936,37.74412346287829,0.1181609512157295,237.23259243191876,3.3305371781519115,241.0090396860379,2.489521013225947,15.081410585538189,0.2929092967373751,31.972106562552916,3.2663077332067894,31.9141473209075,2.978409786883867,41.38636054047799,0.2938966999099675
451,3,292.0,20260116104531295,3,是,是,55.0,base_info_20260116104531295.json,,,,,,,,,,,,,,,,,,,,,,,,,,,,,,,,,,,
452,3,293.0,20260116104534198,3,是,是,72.0,base_info_20260116104534198.json,,,,,,,,,,,,,,,,,,,,,,,,,,,,,,,,,,,
453,3,294.0,20260116104538246,3,是,是,197.0,base_info_20260116104538246.json,,97.06605200398448,56.92759150141488,45.10143075992263,0.1291027191032868,172.20421453985963,43.67945558056659,160.06870527616292,75.64532692044943,84.40419891316022,0.211872310049069,133.3121865164375,55.37596970415861,1.0641765343627956,0.0051590842698085,214.53823318003217,18.030436135701866,44.64349375123546,14.788636384405988,163.44290652414517,64.58172520755984,40.481920658510255,0.2174265536567736,246.63027531890688,1.3148446395029991,258.0965069934157,0.4586873724534205,257.7522231884731,0.8507083194946004,230.99405676121395,0.8407007063980612,111.55526666498264,47.80427913686741,109.0967728619952,55.375198937493536
454,3,295.0,20260116104541916,3,是,是,134.0,base_info_20260116104541916.json,,,,,,,,,,,,,,,,,,,,,,,,,,,,,,,,,,,
455,3,296.0,20260116104544716,3,是,是,86.0,base_info_20260116104544716.json,,36.54348654982855,0.3110328399693849,29.106752633241232,0.0580959150583886,102.7818076038336,94.34626484603172,42.295135668431485,1.0831005000930212,66.97906755339704,0.8620063847309204,59.301835325857866,0.2666301407555601,136.55840758129824,42.005635124865776,192.49760735488664,43.34460598684099,107.31253299396924,90.642050994926,63.18681290923805,0.4501717392968672,209.57256843481696,20.08417579699679,223.1259102409875,19.8314903021239,13.625894179781229,0.2702400967717371,137.258313114502,42.88851111393826,126.1486566548748,46.09878398516516,36.18277133937578,0.2578088318287313,27.09431150729416,0.4752247984685691
456,3,297.0,20260116104549241,3,是,是,135.0,base_info_20260116104549241.json,,37.06163054662216,0.0576534584933044,40.66722866208901,0.2046909824187381,268.0183522808131,3.051107780915745,271.0155097394524,1.4512328882105814,71.02425263268209,0.3084790379718345,66.96461523733188,0.2954673268164239,240.61435619156245,0.9480208178868044,237.3002334611151,2.267308627947979,3.06080233540225,1.6350128656198852,244.3863426488,1.3451786090201951,38.987910030911536,0.2012909116189528,29.40947535243491,0.1984774646670613,15.321789060920972,0.0791506621861635,238.88107239555768,0.9495141036479918,194.08684361749508,19.32790893960441,62.07064780656589,13.653840653942664,30.06223066347518,0.4801877584191463
457,3,298.0,20260116104556347,3,是,是,130.0,base_info_20260116104556347.json,,,,,,,,,,,,,,,,,,,,,,,,,,,,,,,,,,,
458,3,299.0,20260116104558430,3,是,是,110.33333333333331,base_info_20260116104558430.json,,39.62098614684525,0.4220655081654881,35.489883550471966,0.6819136377535557,215.1753273992601,20.08071231535579,217.10434760088307,19.027260205324943,65.20130970593351,1.0432407391909786,59.05643540751466,0.1418353605332797,60.98355853938313,49.736487194207584,219.54904911068567,17.324001946817706,6.086972733085278,3.2610625281124213,205.5479060261648,20.985829265029345,39.29614572375692,0.2016637088100643,58.19891214627952,48.143923975328825,53.88703431861887,53.79597037928414,16.8224269310621,0.0845310166649538,178.134915755075,38.68085291414512,171.96604491014045,37.49403227639439,29.80256043453564,0.3854678171623786
459,3,300.0,20260116104601173,3,是,是,84.0,base_info_20260116104601173.json,,38.82285735169405,0.2194372427651071,27.54208385429625,0.3344498087443301,35.580497649967576,0.1210201282570946,42.618685265992845,0.3239589660420713,69.15398340853578,0.1890185067108752,56.484963326070094,0.3844419973249865,205.2505326817524,40.6643158391812,158.67123109462372,0.763949229383446,40.567920913457584,0.1710239870402724,64.30417574846402,0.2298302360031268,102.0411418990359,81.34600148943868,154.33449692910844,65.49356963541265,214.51460842252945,36.87824289896607,17.180119493317175,2.058388193137279,176.69340489668068,45.03510723503405,89.9633697702422,60.18497027594341,91.84280513770118,69.45106606690605
460,3,301.0,20260116104603706,3,是,是,128.0,base_info_20260116104603706.json,,40.16005005293224,0.2950188743840448,28.92104477198841,9.109110802322755,238.80312437926352,11.1453645050957,46.8880834232971,5.935111930576383,212.2426460722414,8.830791956054254,231.4225626050825,8.737339831494738,225.90710206684005,6.903712503095854,240.19630846274316,3.185987047516305,223.13506026062717,6.863465650101884,215.6176130289117,10.606491575186984,225.6489096724009,9.043902507365152,222.04134776510796,7.605258738295467,226.5254658748033,6.951303101626472,16.376482692744464,0.1445738825364829,129.4671687102808,76.21282906739435,126.23492642515252,76.15344420019436,29.292684500375355,0.9879302006589415
461,3,302.0,20260116104606441,3,是,是,95.0,base_info_20260116104606441.json,,,,,,,,,,,,,,,,,,,,,,,,,,,,,,,,,,,
462,3,303.0,20260116104609150,3,是,是,64.0,base_info_20260116104609150.json,,35.089908070485464,0.5276346803213502,23.51849628416293,0.1976450525846855,237.91833691458655,2.496723381009237,40.91788092199448,0.3948540060232472,64.89331158484045,0.3891649793064839,55.50872368423561,0.924385558605725,239.33681253632156,15.580775793351489,265.40581298226067,2.6022465026110586,238.82905897614063,2.485996417892823,54.73729105340421,0.0996895044842642,28.731300921810643,0.4269794691222678,22.866790885334424,4.577227298378045,23.81546021352668,9.25353923591708,260.2212553823188,5.092977168298618,209.9805971689356,24.273470199008848,43.50651538919801,13.575172202191846,23.99012485621429,0.6509226996793407
463,3,304.0,20260116104612170,3,是,是,98.0,base_info_20260116104612170.json,,,,,,,,,,,,,,,,,,,,,,,,,,,,,,,,,,,
464,3,305.0,20260116104615275,3,是,是,110.0,base_info_20260116104615275.json,,31.827746416461064,0.5797781352680587,35.37565794670366,1.2468789028031344,249.9621883461899,4.573151934155636,52.32000315176418,8.497572289083537,68.05228104143929,0.1088329463014904,65.86221179303459,0.1305799794610545,171.72251504913834,101.39314836183614,242.85707889443077,2.861927530889836,224.8183238897581,25.393010043735828,71.11166170755243,2.411409863294628,34.66356510635399,0.3523125096004264,25.653772762177244,0.3067317465506555,15.339624286663817,0.3233609296732804,168.79399963734116,107.28101490122512,162.4495926104689,93.09384873716078,34.2920027857729,0.1390046577477754,40.23779683706676,0.3627092144579192
465,3,306.0,20260116104617990,3,是,是,132.0,base_info_20260116104617990.json,,37.02589922942388,2.955730389838288,33.59577990410251,2.5517523091912127,103.37820055628131,61.0138429817738,250.8777725607674,7.11669355527456,155.4232471015534,37.75867532135431,164.93186345280722,31.90080052586819,215.34096097561005,16.415984978654706,170.8383739320955,15.558083654378176,156.6568086123966,69.53432461391172,72.92026818173798,44.050014659891616,76.09898315075615,43.0908930958999,243.78495740284464,1.2265171652579494,19.17209984000235,2.847572002872397,206.4862253337475,22.707554791189235,22.38046205136364,12.501379122236964,233.55283316909225,4.062594675357812,33.6367787371347,1.6109024473254734
466,3,307.0,20260116104622256,3,是,是,106.0,base_info_20260116104622256.json,,38.2046076590015,0.07083931741015,33.85212575695119,0.055607783026021,249.5016151327289,0.8931952368852771,43.33128769440078,0.006265100602305,70.51810944396011,0.3156950615292959,60.520660720933,0.0856892757899844,24.62508593071298,0.0046474854173832,250.36163782069124,0.6113962856550453,249.8018212987938,0.8184870996374861,72.20592124083988,0.2175012731943134,35.40449014276171,0.0,27.100675452753933,0.109164654551223,14.520587860854768,0.192641079710244,15.575980444794917,0.0008281892779709,29.123720715865684,0.2910713587886869,36.6612318305967,0.0843495848091237,28.0022520990086,0.2166581763352739
467,3,308.0,20260116104625293,3,是,是,79.0,base_info_20260116104625293.json,,,,,,,,,,,,,,,,,,,,,,,,,,,,,,,,,,,
468,3,309.0,20260116104629020,3,是,是,81.0,base_info_20260116104629020.json,,31.078923155447388,2.1282351842989238,27.42643979226916,2.2374457046628207,32.26756368999776,2.2767410607730114,41.8589528993755,0.8486698181850068,155.73250578093868,39.66300725953576,167.77030439100318,41.64977076971276,20.492776614722864,0.9675294241796564,144.59059442097143,8.537344614196478,36.4248638729125,2.003351813751057,189.04754945234853,37.81907184149134,104.63932439606322,70.65391004834198,75.22660184381276,34.97447751615279,37.2644132744044,17.775455616059226,37.19559569580895,17.485610310413858,59.022898493956745,46.25425385898944,58.53842299660155,42.60553387414009,27.83155979099755,0.7213995372774274
469,3,310.0,20260116104631814,3,是,是,89.0,base_info_20260116104631814.json,,,,,,,,,,,,,,,,,,,,,,,,,,,,,,,,,,,
470,3,311.0,20260116104634245,3,是,是,88.0,base_info_20260116104634245.json,,37.1673394859829,0.1306563335569153,30.34848260299087,1.6016991865317722,202.10749462066363,15.224667921744508,86.51483855064511,38.56535332604784,170.79248118649025,46.02942640060899,187.7756286495093,46.48971323813592,23.961247105979453,0.0858055918193632,211.90564713518924,8.91738764604809,130.1277692056082,52.49896660519287,123.15044508028888,30.448715083434767,188.74001919423495,46.86702274045759,21.751047844031717,0.2202777734382156,14.293399815575803,0.0913453549270602,14.700652708340211,0.107826197129299,70.01703239684242,24.403582224275592,52.62995055611511,12.734419472245005,34.686664920317206,3.671036724018837
471,3,312.0,20260116104636352,3,是,是,118.0,base_info_20260116104636352.json,,,,,,,,,,,,,,,,,,,,,,,,,,,,,,,,,,,
472,3,313.0,20260116104639390,3,是,是,88.0,base_info_20260116104639390.json,,34.67790701951521,1.180071048077754,31.160112243948664,1.304366940216399,234.16227584409367,10.064342189425858,235.1727074839114,9.538691312497322,66.72863546359837,0.1570362797113121,57.86960225663419,0.1808722013071311,91.76975257745164,93.2733097421124,229.152419580838,10.081070846985371,3.308279179308508,1.7155141377306078,226.564786239198,9.253623099804098,30.94744191820249,0.5172428657464299,230.542061375703,6.460996043523894,234.82440508950512,7.17757921232054,147.24526957765286,94.42188893073772,147.11924962656016,86.76278426635973,30.11806195402124,0.0244670679430678,26.98363973925292,0.320017534832987
473,3,314.0,20260116104641645,3,是,是,78.0,base_info_20260116104641645.json,,,,,,,,,,,,,,,,,,,,,,,,,,,,,,,,,,,
474,3,315.0,20260116104644228,3,是,是,73.0,base_info_20260116104644228.json,,28.26797056422181,2.316035975507469,24.159908398166483,3.4340579788355563,30.941758544395498,1.6126929666756042,113.95507423165428,52.682178682057526,194.9692934021137,16.53964254747317,200.42653199985352,23.262014966846788,54.994962924812846,49.66766773432478,147.77719732087027,2.991968585593611,119.17546310320712,52.609142604114574,107.72691356485784,75.48052328653078,217.49547174338264,13.351564462484562,58.0768555911882,47.45767604423856,62.13601508757652,49.43787891210869,22.549081857111656,8.110181572784601,25.59064817759256,0.9366963561078404,28.97718427514581,1.129809856694091,26.69657292662957,0.1630812194045519
475,3,316.0,20260116104646959,3,是,是,108.33333333333331,base_info_20260116104646959.json,,58.13860465516834,6.032641547749661,46.01103510474939,6.089261053976408,216.40734692510992,20.25394722876562,217.91960059966348,19.458438927975763,160.74026716222286,48.38817040232056,204.9868826608822,42.42345149637147,171.3462648019755,76.18564763879334,209.1876232205444,51.38885955300628,6.255931588216464,3.2956390100145034,23.74768260049181,25.07897600400792,21.76654273921053,6.88020813113327,86.40433959201168,57.18171088294788,142.15849849546404,66.58858720712638,40.80244644427783,31.86197233454308,25.01875576157266,1.7363795181572297,35.403482652499484,0.5275606805412264,25.69590104088145,1.9383788618903453
476,3,317.0,20260116104649197,3,是,是,41.0,base_info_20260116104649197.json,,,,,,,,,,,,,,,,,,,,,,,,,,,,,,,,,,,
477,3,318.0,20260116104651516,3,是,是,88.0,base_info_20260116104651516.json,,,,,,,,,,,,,,,,,,,,,,,,,,,,,,,,,,,
478,3,319.0,20260116104653731,3,是,是,103.66666666666669,base_info_20260116104653731.json,,,,,,,,,,,,,,,,,,,,,,,,,,,,,,,,,,,
479,3,320.0,20260116104656014,3,是,是,73.0,base_info_20260116104656014.json,,,,,,,,,,,,,,,,,,,,,,,,,,,,,,,,,,,
480,3,321.0,20260116104658684,3,是,是,82.66666666666667,base_info_20260116104658684.json,,,,,,,,,,,,,,,,,,,,,,,,,,,,,,,,,,,
481,3,322.0,20260116104700761,3,是,是,79.0,base_info_20260116104700761.json,,,,,,,,,,,,,,,,,,,,,,,,,,,,,,,,,,,
482,3,323.0,20260116104703843,3,是,是,92.0,base_info_20260116104703843.json,,,,,,,,,,,,,,,,,,,,,,,,,,,,,,,,,,,
483,3,324.0,20260116104706261,3,是,是,85.0,base_info_20260116104706261.json,,34.77708235048258,0.2512957737957141,30.82769376341929,0.2607670571273506,158.1428720146683,87.5596183580056,227.40481403567583,12.618198760433753,117.82822056672951,56.05567442347085,126.1215717577157,66.17389263875378,134.27724214208862,78.62230460345731,199.54797162475768,32.2372753682611,78.6451095978539,105.42343886988957,124.37172562129346,88.5840939299195,113.18963106879292,76.68020884697975,132.60156215341829,77.47523511268858,134.07443318652545,78.79572553689572,12.553423071671771,0.2643436428386675,46.73941722802588,16.721951748408756,42.843167694108125,12.14190667758008,28.54541112772148,1.3134402041166655
484,3,325.0,20260116104708440,3,是,是,79.33333333333333,base_info_20260116104708440.json,,43.03148525860535,9.65825108182206,195.08154628360364,19.449282016514697,234.80627005127704,20.33146434504726,221.5433697492749,20.219095355393414,55.498231950908256,0.2943839785828125,67.50528196562682,6.846756075040309,206.00823180150985,21.75676175522535,162.73752588369734,0.6681295642444521,37.58767296390744,0.2276368888323721,64.487575852808,0.1665427312467616,37.74740450234123,0.1921668690747589,214.194073214984,14.154356131688974,209.3427749020618,18.874588962004903,14.763896569496282,0.5898586157176217,26.615306940667157,0.5305448664992195,27.81588337352328,0.3253725043127925,57.25565072270164,9.773101684746496
485,3,326.0,20260116104715065,3,是,是,95.0,base_info_20260116104715065.json,,37.50591065214413,0.0932761720550869,34.019711729075624,0.1133470832784028,254.281698675947,2.843395076327974,44.259356562336336,0.1899022346839853,69.07224693792331,0.5543392012040331,61.29255500280621,0.4292396931041138,96.68745781597052,102.05153940049588,240.3034557769845,2.196401474979016,252.25086423742405,2.835446546180036,70.65946373355659,0.0837049629880166,208.3755632306029,18.66427139033977,147.47795423982384,87.77252226320049,89.6492241309572,106.57405325099047,15.398457183285313,0.2875553309656342,22.919135293024585,4.1023203976182695e-15,39.3454729492214,0.0336022167656614,26.18876189191353,0.4430858806838993
486,3,327.0,20260116104719563,3,是,是,82.0,base_info_20260116104719563.json,,32.9746164685373,0.8892697523127546,23.941858078677097,3.183441038222418,33.033881599397795,0.6554801287115228,208.5635935479652,21.49039919227429,126.93564439921282,59.66201466697972,141.2744616198313,62.528401586108906,123.21692832724106,67.99788137388869,158.01211484846883,1.5116892609413617,218.8730743284648,20.67539872905879,84.71147657755989,51.03580043515986,137.75116973131878,69.34502618625501,29.484355858657956,4.437507658517456,16.166610407061672,2.892392529789507,125.67685766356044,78.35111136457945,122.71098551863724,65.55264133625491,33.963611214620734,0.2802940585816226,35.50920726917463,0.7988201312217735
487,3,328.0,20260116104727100,3,是,是,150.66666666666666,base_info_20260116104727100.json,,48.23614938739731,1.247055186245166,41.009462520100335,0.2320664966733363,42.18290646523853,0.0453187010825295,55.22713870642027,5.177562180464046,119.48171078892707,63.0384006753249,125.2849875401198,80.98295078284617,247.2828155461856,4.779526902236386,189.82256579074576,0.8648848510982267,56.84019776273931,8.380652603519625,122.79232631512616,67.25129269698851,106.84426483710848,68.79618819646416,192.28299209443855,28.745195689270133,248.59465841176225,4.897313996045843,17.53806285917304,0.2749291323155535,27.825310568989973,0.4311616379951931,38.72462924606295,0.4078112847360574,28.115128095179585,0.2847896023659501
488,3,329.0,20260116104732281,3,是,是,123.0,base_info_20260116104732281.json,,46.45162758837038,0.5711544321963326,43.587493508212646,0.1957157819899276,109.03419730095403,98.6632086131766,260.55608821024845,3.4782310071397458,225.9041851037101,0.7199446951510089,252.7449635583365,1.2297598625772703,249.57457093029797,0.8070690731443659,201.6481940706684,24.276451343078268,179.26890016677217,115.62633233655232,4.128153340405352,2.728645522549608,240.22174208072707,1.6363961202771746,241.180320766077,1.6631001827469232,248.12008656921148,0.8195027782579757,16.932923328427027,0.3165186130274797,29.02021651666047,0.2724678366281679,38.26130469644914,0.0863254046412296,31.269012813801325,0.0084020591286101
489,3,330.0,20260116104735792,3,是,是,118.0,base_info_20260116104735792.json,,47.23697226520056,0.100736356085517,38.45037917625167,0.1097632236348378,246.76122086960075,5.04470699929867,247.35348926610035,4.745393826844591,69.1974876492985,0.2317321116743141,63.08885481119677,0.3365713023546974,243.82794828068344,3.7986029072955207,239.26602764637377,6.250300056892027,1.5813279418841049,0.7992958157164545,231.68757089888177,4.994901355724288,39.13769979649498,0.3906418562116561,236.2764566006102,4.657190630669902,239.3966434734782,6.445319126956295,18.2243130627726,0.4816092778860541,27.11397286701602,0.0938317692643479,38.41904872793261,0.2831054845032901,24.289708804551537,0.2699262751604273
490,3,331.0,20260116104738916,3,是,是,117.0,base_info_20260116104738916.json,,,,,,,,,,,,,,,,,,,,,,,,,,,,,,,,,,,
491,3,332.0,20260116104741603,3,是,是,151.0,base_info_20260116104741603.json,,45.793513324777024,0.2627674904346341,47.43672969742793,0.1844635131177838,166.82035170283442,57.18206447324621,73.00562901676479,17.469721223118132,65.31936477018172,0.9743944949903034,67.07043885645892,1.970828195140552,65.80619353833167,29.15589283909006,186.5454215026607,19.410832617384006,121.61826804355304,68.53336783493089,68.31388302415134,0.7293857239293164,40.92596637691314,1.4375602754668424,60.47832109272574,28.384403560829444,59.646737642454376,30.523808396297827,17.49338042384122,0.2467360089199209,29.03724971829243,0.2958701048722396,39.53827688640498,0.2023264445472324,27.642927025008888,0.1243848341088081
492,3,333.0,20260116104744816,3,是,是,159.0,base_info_20260116104744816.json,,27.44793784147289,0.231352991917172,24.534076526861508,0.1109039243538156,230.70147018599903,1.3707938576609142,230.84016535127705,1.2964818782961671,75.3839817027356,0.2173548167740467,72.89694510815077,1.0773176689171915,248.16408393054232,1.3254993000199375,250.40044343661216,0.9879326554383632,0.4690941425021624,0.2497369560001801,245.20421806207145,1.2519496654288262,37.9824352189157,0.1660033772462577,242.81180274765143,2.1760269130574224,249.8691376827803,1.2755888344467483,17.846747467278604,0.1709183303324965,30.815069086181364,1.3895905876482026,38.141964625594106,1.8619171584489391,39.32005812586191,0.3299159841850498
493,3,334.0,20260116104747998,3,是,是,76.0,base_info_20260116104747998.json,,,,,,,,,,,,,,,,,,,,,,,,,,,,,,,,,,,
494,3,335.0,20260116104751072,3,是,是,116.0,base_info_20260116104751072.json,,37.26920191848908,0.7649172237045,17.009266964693506,0.3712269199624018,46.96046149717819,1.0578981699589696,215.64592652816023,3.720938257778744,73.93868495158932,0.4507299583222918,60.55800185677139,0.1545762364572469,174.16908710617247,66.80370202482656,165.85858721306832,6.277701597413927,245.82054012066752,2.062510626155402,246.52106018937624,1.6384472759476316,33.37902597466674,0.0275809605399371,249.40951418101432,2.7727091954557603,190.74444223101224,51.40575992470719,58.2928526131934,37.20430917571622,78.72530938077142,50.562304755849,36.98328769410536,2.366948123441049,31.398567117035327,3.4442477621310617
495,3,336.0,20260116104755304,3,,是,69.33333333333333,base_info_20260116104755304.json,,,,,,,,,,,,,,,,,,,,,,,,,,,,,,,,,,,
496,3,337.0,20260116104758368,3,,是,111.0,base_info_20260116104758368.json,,,,,,,,,,,,,,,,,,,,,,,,,,,,,,,,,,,
497,3,338.0,20260116104801613,3,是,是,124.0,base_info_20260116104801613.json,,44.58229432663375,0.223938454682273,36.886493627801805,0.2889298515938091,250.69620532503384,1.3061614339858472,250.84145426954888,1.2277521686635358,221.38278656030263,0.7668491970216629,244.40725928753596,0.7577468179239173,242.323331869304,15.330789158266318,251.91628095086625,1.0320301559758391,0.4553817358492209,0.2453469489011676,1.4926968593744914,0.5694259207607373,244.99806303201956,0.7887170841888655,233.5653201573564,15.363664638083572,241.3285141414324,15.461754475045652,15.878876606977869,0.1780742407374436,32.639171250024816,1.0151321145241166,36.24443223942237,0.9702842408941884,28.751781057462157,0.3941097516857897
498,3,339.0,20260116104804445,3,是,是,124.0,base_info_20260116104804445.json,,38.66618901867563,0.443390472279258,39.35438794696378,0.5305698945163623,112.44253183712362,105.12270330024552,47.44855317484328,0.1096166635881749,71.67868368500977,0.2627611575139488,63.68797446605108,0.082952919510035,84.27359843077211,97.16857134960296,201.8347870717163,28.45101695889499,117.47116256948956,100.80297254804891,74.61332139105373,0.0905439359961574,36.97829686413185,0.1149735118309838,141.23043584030867,83.44154760538494,138.3484964083162,89.70119591649627,217.33476779986424,14.695173394638688,147.37241081410843,24.98822070349169,82.2920437029173,30.00798307651159,25.985851542881186,0.1765835052681447
499,3,340.0,20260116104806823,3,是,是,113.0,base_info_20260116104806823.json,,41.84972614760526,0.7081045743191455,29.876514206742872,0.699403188716251,40.36133035635903,0.2883340377866528,235.71702830087892,4.5291195681070295,72.75175997991649,0.1002019804054445,59.6360101713722,0.1303366183414873,262.1931519835881,3.7933780710301055,175.90374354118,0.7125681774992614,237.65472414252125,4.5481420561531785,240.89109035642295,3.564009331244007,175.16506652187465,56.1266096108243,68.7078807629308,54.70434673816875,264.3935754189703,3.777315054591756,14.259532730611603,0.1535093888124385,26.349026920536065,3.0858543067048148,45.96344824075288,2.1313970556238027,34.69581900800491,2.37541104925219
500,3,341.0,20260116104809869,3,是,是,122.0,base_info_20260116104809869.json,,30.255942161823157,0.0557415755269423,228.9805239492825,5.367508687989131,1.3939791545785285,0.7039382866268672,8.862136738773627,6.919468839773599,66.90844661689833,0.2308824816698604,75.54082050006498,0.3506610757588084,232.98802624093787,5.33651328723538,231.0335818902564,5.07907778468664,8.31496130705993,6.457631742023112,231.2649022106697,12.269886603706489,37.74063920434136,0.4475493393088917,29.307035236732148,0.0552071095179537,13.413458180686346,0.0929940324721399,230.56601635597937,5.359170422236079,233.80041639310312,4.97371346059678,36.93683357271778,0.2929046494952472,54.37901184234374,1.7112028208023573
501,3,342.0,20260116104812838,3,是,是,95.33333333333331,base_info_20260116104812838.json,,42.236106630806624,0.2534745093734791,32.02671700833184,0.2064238743367236,241.97452901239183,2.124625321946287,237.1762352727783,8.928671040547954,216.25275596447355,2.004258796572423,239.5762087563987,2.048110783612221,106.26147702020394,41.20959520765453,257.557904287603,2.0157877219974933,5.381199856422295,6.861124152058465,5.751224748597745,6.965082866180609,245.82475993524608,2.0269737732627404,97.70539624050036,40.91267003512571,106.97552412374463,41.52791707747701,15.42665150025843,0.1463495026519604,26.712291323833515,3.480753548039249,34.58160479738513,0.1782540287860233,25.511702632282844,0.2502700234257182
502,3,343.0,20260116104815866,3,是,是,77.0,base_info_20260116104815866.json,,,,,,,,,,,,,,,,,,,,,,,,,,,,,,,,,,,
503,3,344.0,20260116104818883,3,是,是,114.0,base_info_20260116104818883.json,,40.07435293492775,0.4082462008810621,38.5878313968226,0.2813106902963205,244.40489205559732,10.283892645264524,255.105260716766,4.583081192706269,74.45817653894781,14.519293457175698,80.51475704562839,18.940551536738923,58.46406730721674,47.68560880726726,227.38300847466385,8.547946938806469,10.976849409128713,5.849107143549239,181.4378242516864,33.5448428445636,63.80792110738155,21.40515951237683,58.51301292500453,46.10386112875443,51.26316499300572,51.27753058030265,17.238642359723887,0.1462889622230732,28.39167442894712,0.1716660694318439,35.84745099896236,0.3878174906569246,29.183900684872345,0.7618559219374894
504,3,345.0,20260116104821570,3,是,是,113.0,base_info_20260116104821570.json,,42.14448386605407,0.1202184551383366,41.02498098519941,0.161248171347207,263.7646889429204,4.6633617127773865,195.89317779193848,101.00192768084376,119.15138000638927,81.2956042962571,130.1886222825103,89.02377084162322,220.1274391907416,13.729585022054948,235.39322132046752,3.7440050719361535,77.52959097242291,108.43105528809164,97.8608501330507,93.72529806522772,105.10657832030591,95.46931501585892,215.39840464381737,13.705195126366252,216.25019346048575,13.758601900712124,16.17059228010955,0.4638778621479807,28.904635821418765,0.0118614619183362,36.6219224897684,0.5760412004777185,28.787245644287,0.3147931080678475
505,3,346.0,20260116104824907,3,是,是,124.0,base_info_20260116104824907.json,,43.53672510664402,0.1926330417893066,33.07857083509935,0.4886395263784006,240.7528978370751,2.509034840362048,47.77741495825569,0.1514189086994462,76.94430717579543,0.0308528347343951,67.36514286359942,0.1011789046902328,263.4182982756381,1.8916036850523863,265.30612410833595,3.287966316496973,237.4117815712234,2.3981054380173155,71.91419882090538,0.3971898860889364,38.1144298551669,0.2653530493709172,26.44077666046444,0.2064217485686596,13.839399485154258,0.1948747345430129,264.87360488757616,3.2405148790054583,209.36118759433396,62.73428887591028,68.68259863601439,43.46095884851897,29.948799806673595,0.2582110193337982
506,3,347.0,20260116104827990,3,是,是,134.0,base_info_20260116104827990.json,,32.49402367762306,0.2357614453872067,161.92585949018124,85.23134951614222,83.50389731444285,115.67799417322328,247.1876500222886,9.399651796941168,68.89100678701945,0.5946392161278595,76.58042885436838,0.2879675138517052,37.462376531083535,14.649337740532156,236.35444623964028,4.619503271959251,165.41245890912046,110.07659505483618,127.38019743238026,77.82326135134173,38.15683383079794,0.2862852215153768,38.72394726036777,13.428407624473412,28.1962203477082,18.60504784109309,18.120625202858687,0.262179569229459,24.483107581856057,0.7257478433129482,37.13008420478858,0.9328171512062506,52.07695351134132,2.3527601182601363
507,3,348.0,20260116104830619,3,是,是,71.0,base_info_20260116104830619.json,,40.78200991993601,0.1787423283740973,27.928277082978585,0.0348054676100694,224.26843596821703,9.273006134894471,112.82929576224116,85.91205875875275,58.01079841154782,2.1485554596347862,51.32014235907275,0.4739992635256414,29.027282582342966,6.4211480824174005,245.1808805176724,8.598608349293778,122.61473966959504,86.58956403872624,120.33782010625168,83.28402848673589,33.385417458516265,0.9412341093896331,26.273679368102737,5.883955369096505,27.801778050795136,8.724505557593755,13.52926419879075,0.5338777349509165,26.989578030235275,1.8465100404328552,30.873197845221824,0.3811797887677843,25.13867904798107,0.2166290060757853
508,3,349.0,20260116104833248,3,是,是,81.33333333333333,base_info_20260116104833248.json,,,,,,,,,,,,,,,,,,,,,,,,,,,,,,,,,,,
509,3,350.0,20260116104836765,3,是,是,145.0,base_info_20260116104836765.json,,37.97324974007756,0.3253506306874869,42.55978126320513,0.8408800886400598,210.67345708514603,57.25323991558509,238.82629381269436,27.287631448900623,221.05473555358512,1.6549255781953722,248.08935444810743,1.1625364800604208,36.93063365901572,8.274727623949003,217.6613999158644,30.97701198500016,65.95104627596811,52.65242350981836,19.91926553271841,26.56283411161722,237.8282793707801,0.933857066867792,33.19200403018448,6.685102634137336,29.274549089560225,10.3155827219752,17.354914802453475,0.262423530570226,31.74014697401674,0.2335012758622714,38.62485232857245,0.2696504168892195,46.20588887790822,1.406679359668073
510,3,351.0,20260116104839651,3,是,是,201.0,base_info_20260116104839651.json,,26.9424895084488,2.027095479915044,204.5390512002296,4.542780093731276,258.6153675794788,6.124660165274351,245.855746558747,2.998177446691351,76.44442587078647,1.863321355591193,77.44885752186832,2.551351108507229,237.88583132090292,10.99767804604018,212.54391285548547,2.160773101366101,48.87388250840221,1.381562744413139,87.0239921472268,0.3638488470460732,43.19759780399476,0.5936902336688289,219.3233066818374,13.14645593799186,245.26114011091815,4.792433329951814,20.880150564167064,2.6483936775052226,32.84180112988768,1.566137579998104,39.50160484150149,0.4516199491543708,55.63029784347,5.741742204345154
511,3,352.0,20260116104842427,3,是,是,148.0,base_info_20260116104842427.json,,57.80323289780436,34.271674029271814,36.74007933826589,1.2842564144467836,233.2992216544028,10.049846490833389,171.58052244816193,87.1680073558509,75.40441959516943,0.2523096442235433,93.30555384917268,29.225130315588046,99.2498805274452,101.96975745728471,235.78891858165608,8.320277655074625,81.22306844491791,109.44449577805445,175.23552607983905,71.78050583984633,38.15801148968541,0.313005538377173,99.10201097893246,98.82375695883536,91.98719149813284,108.03645637110888,16.542618711851603,0.0747556858635935,25.98365678236064,0.3563958620368047,41.99969869422287,0.7378178269852168,60.33269057811119,33.321714171871314
512,3,353.0,20260116104845513,3,是,是,68.0,base_info_20260116104845513.json,,44.15760864507073,0.5297760070036092,27.429011678887623,0.8270648251136308,33.480684107186086,0.1803912106977997,96.73473876453656,36.925136424829496,62.72637403645998,0.2621738939395719,48.411770609067695,0.369102017996004,23.905494905485693,3.1745676105668936,156.47858098361917,1.2145743609106503,95.49923561199502,38.274229638173225,112.64951508806278,34.29343600082379,34.61214730311451,1.0655362675456603,23.34706871931684,4.64139776001047,16.23957825402853,4.9394833869500445,14.908932853806874,0.1831685225667305,24.1247408075284,0.6322118631388267,31.258430617308665,0.0850190358754302,22.382590730575146,0.2063302139369499
513,3,354.0,20260116104847968,3,是,是,117.0,base_info_20260116104847968.json,,35.15638636815196,0.500616409387745,32.742450952642166,0.7286730938048605,38.953143358353344,0.2962534613974983,45.62092611856959,0.1044311335742575,74.51986447109061,0.8564716800345066,65.38999477182607,0.2403806726684355,237.89286233446532,9.615099749106736,183.65815047966524,0.3655595815266965,46.67413168352476,0.1890519064465824,75.32247232078396,0.6261007104193443,36.80538174106309,0.1822113688206749,28.861730606601515,0.3414758268695895,14.665541460888756,0.0978396653031353,237.4437912591357,9.179474625994375,228.0112342742976,10.36812404391338,38.96115441259537,1.169709272214256,35.05246646871106,1.1877927233808014
514,3,355.0,20260116104850563,3,是,是,96.0,base_info_20260116104850563.json,,38.29575312749787,1.338051593375624,32.577075286350485,1.9773026434737573,241.9489087424369,9.944012942171366,157.78745575824237,80.75176183424905,212.72600096870505,5.086201230679973,229.7755934701643,6.008075882068043,30.196359950650123,7.745537490362004,233.6293729018249,6.542541303190289,98.51337173457034,104.89399589628036,96.77880391970272,101.29193334221648,171.6399876889775,45.38160754848064,54.790144314538885,32.34033170167745,21.40198976136156,9.702449480763155,15.937994357728568,0.4139690448222801,29.302249509565456,3.056937235089588,32.36540693074152,0.8782703746245428,28.21801021357028,1.915496518656266
515,3,356.0,20260116104852526,3,是,是,76.66666666666667,base_info_20260116104852526.json,,,,,,,,,,,,,,,,,,,,,,,,,,,,,,,,,,,
516,3,357.0,20260116104855130,3,是,是,194.0,base_info_20260116104855130.json,,52.86428489626098,19.24106329372899,45.93001917653138,1.6715194033757794,228.1739196417967,22.064919554950738,102.7742948423355,71.68738427205228,80.4716512247012,0.3247456521353049,85.25517870679768,16.292763714677562,117.61540127280084,36.24480257257735,214.964079254063,15.300950629267543,164.78356296537052,107.50047564592106,119.61565905732624,44.75752572755354,44.25330070802276,1.8349545563053773,35.31828160501234,1.0639642769049884,17.082535572986774,0.4566838120775293,114.09813016128336,37.9980717501276,49.24677263001994,46.92805564464598,86.15034345182049,30.55536144390026,92.05724281881226,69.15243851779037
517,3,358.0,20260116104858086,3,是,是,84.0,base_info_20260116104858086.json,,45.46512223361909,0.1556388007930165,30.378758112451116,0.7232494532482318,240.38016469408885,0.8154080807139974,239.75778321036293,1.687565299190794,214.4720631032832,2.925751511861178,240.242026417233,3.112672623492542,22.249638672322885,0.2518308677684397,265.8730271767034,1.2501123893406862,0.8413871412443163,0.8427954540399171,1.733978715784483,1.8966512428316848,251.5314809801669,3.1731736175098124,22.55348184957308,0.387096748302945,15.387381975448692,0.2880244886475046,14.575873695611412,0.2623467586556645,24.813609428145305,0.2366048695996709,34.31863168956116,0.0700036552065619,24.62138048752563,0.3263645259969168
518,3,359.0,20260116104900679,3,是,是,68.0,base_info_20260116104900679.json,,,,,,,,,,,,,,,,,,,,,,,,,,,,,,,,,,,
519,3,360.0,20260116104903879,3,是,是,191.0,base_info_20260116104903879.json,,34.04626410488387,0.0148254290703409,45.825962990241045,0.2586937077523095,72.30994486699738,38.24307035052496,254.3243785397712,4.865323545358481,82.9449381434598,0.1298661082348765,74.46866223632854,0.0656760252712024,64.91459630768402,42.442764933841744,189.63466690275325,36.739003770633474,225.50833645848172,62.84294569275865,240.72524896164583,4.707211216064843,41.92070898538714,0.3202570295052677,167.13640259094163,44.627623720442,118.23359392751657,81.52624507399092,160.82907611815995,43.06659476106047,164.62952020267872,44.81299396687421,65.34988781372225,34.369944223927895,34.2416837585464,0.1693269104739314
520,3,361.0,20260116104907188,3,是,是,132.0,base_info_20260116104907188.json,,,,,,,,,,,,,,,,,,,,,,,,,,,,,,,,,,,
521,3,362.0,20260116104909392,3,是,是,104.0,base_info_20260116104909392.json,,45.36536642609988,0.1705580954197431,34.82386350082525,0.3935064301556021,243.44899804816572,5.27631247894232,115.1637124641932,87.02896737731307,163.6557508342942,71.16978109322336,183.0955208013197,78.6464259605013,105.85810677193427,101.47132467265756,248.40667789728369,3.707170556288751,141.8945290233934,92.56585693471467,201.4602534071525,13.313419383674864,176.0989542980519,83.78132829665958,99.60221677783112,98.98381935595248,103.13111217248397,103.87572895347256,16.665271314596986,0.2765159760510048,25.161556621192144,0.1526802211494385,35.1811218057284,0.204238560358782,23.77471505549897,0.287585637437028
522,3,363.0,20260116104911739,3,是,是,95.0,base_info_20260116104911739.json,,156.41586177221618,32.72151442348582,31.017651356599483,0.1661217782564806,235.25510969946103,4.380545981798662,41.50097094539024,0.0609757578718212,69.21738506498322,0.007295417950551,185.76159950028696,31.381937997369693,81.23182324873393,77.21587207632439,249.8422712554296,3.798054124202741,235.8169906565164,5.158293504233856,64.74032132066311,0.4557101380299431,32.73599198835154,0.2843359503882561,78.65495227765975,75.02223956307273,73.53105861495987,84.2060386038062,17.677604892993187,3.374778897390106,22.43049089819789,0.1855385602747665,39.89021006675594,0.5918890266906037,166.53626875750905,32.79934073788634
523,3,364.0,20260116104914327,3,是,是,125.0,base_info_20260116104914327.json,,40.565196621846944,1.2390445902429896,31.6235596078337,0.4634743849504463,39.82334290083234,0.2921240502223722,45.305470535337726,0.9933985468847548,78.16634932574947,0.4093384176739897,66.71222142346691,0.2510358148781738,27.410953123221933,0.5060532864614694,173.2083992188748,9.229857346771922,44.89528714345071,1.592966066355443,76.4416670791934,0.9202328300005156,37.04085897760985,0.6885096148287415,30.33768725089716,0.4828926490027995,72.632050347548,49.64772164171527,73.20981550925394,47.78511647974395,25.891065374181256,0.1826631922279021,37.62049561880254,0.4441851255120145,32.678205482522735,0.2558379982522893
524,3,365.0,20260116104916364,3,是,是,111.0,base_info_20260116104916364.json,,41.23172202570881,4.678428885891718,38.02563039278427,7.851280028801236,185.6573751840216,41.52958945752334,131.47729479979424,64.09397387553307,129.449445504848,52.52368400470108,141.3362431264833,66.16052683415504,179.66242846327222,35.82948363908008,189.2901866618064,25.059688322573344,66.62466891256166,35.620059962250444,96.84429097351808,44.78405863173907,124.32685535224304,70.19015069477369,171.861466342958,36.72718074797362,174.97580888612637,37.77574731684759,17.448075198594168,0.2245386118786797,27.476631556294297,0.199118421339731,35.894735137205366,0.0506149432265012,26.810886194365423,0.2303012399821493
525,3,366.0,20260116104918765,3,是,是,143.0,base_info_20260116104918765.json,,24.973802801421755,1.1576317627335604,37.28020616400274,1.3792448946305853,228.0140624934089,11.215177509801867,228.3170238588076,11.05504670276375,135.97390701514408,57.487768462232935,154.74217383365485,60.27960472132449,127.12113880265206,58.0159023412427,254.902252500352,7.256356578809522,3.161212019629399,1.6458919794863325,84.51490796135589,83.24135603904243,152.81592275825878,84.65535475935816,174.7778635136829,103.02463435487132,13.82106792397478,0.2579819211412988,125.24466882863858,58.51663466375532,112.79116629484584,56.91785540289128,237.9469581056119,9.717200290130048,225.59804811138167,9.906639803202536
526,3,367.0,20260116104922279,3,是,是,98.0,base_info_20260116104922279.json,,38.426089111740175,0.5204421416335234,27.67920021681888,0.768060558488253,165.80149935915645,91.40596331126832,43.356565917442985,1.0489280498842437,69.02399158177245,1.4355721752963946,60.86564133443807,0.5002792349819953,170.31309424416068,43.97639219591756,225.86613651444048,40.04376459162111,168.3738886966208,88.42436907597279,67.2636713927093,0.29884923890684,35.70106632529406,0.4424358795061404,25.92510406737324,0.0545572632608319,13.732300922832431,0.1963265887788904,170.93996341236195,45.00355587153168,46.82478280987062,22.05857720520475,145.1138716360892,32.21501377666085,122.38140746126552,61.06217856190788
527,3,368.0,20260116104924864,3,是,是,85.0,base_info_20260116104924864.json,,,,,,,,,,,,,,,,,,,,,,,,,,,,,,,,,,,
528,3,369.0,20260116104927731,3,是,是,127.0,base_info_20260116104927731.json,,128.7413670563479,53.68008957929021,35.10127914836293,0.3610227241436215,227.39456879765464,9.697214885977797,45.148914794965286,0.3876735429845589,74.57119623443906,0.1199127210966903,162.60750456517712,50.643870530414986,136.95147844321303,68.91408465689675,90.93673151013924,49.06766866247301,229.83553887819164,9.633790103680548,74.80994726388167,0.074829221983028,36.338019528344006,0.6325389411435455,103.22832786263923,96.12656028992988,96.09693697158256,55.45023659267893,76.86027053613621,52.38155619544098,117.68521120093702,63.46602684349492,182.0478861784279,45.431085502833206,76.50042470796485,60.257783531137946
529,3,370.0,20260116104929855,3,是,是,108.33333333333331,base_info_20260116104929855.json,,41.35182463237033,0.5734845715970985,36.45510707911284,0.4688980539626587,39.947729057199375,0.4830198981269004,111.45555924266807,93.249799687391,67.47246018735812,0.419864974628357,57.85214614427573,0.4060978421077264,24.660861309424902,0.0926270421201996,177.49288405529273,0.4527102571300166,113.50542578473107,101.29246590510762,125.90384673164549,78.01823982924878,37.29706132863336,0.1668675111736079,25.170798362397573,0.1817308036796258,14.31279662489102,0.3504791801472877,16.633267820972996,0.2062189009174182,97.08713458989972,97.52057444709057,98.3454256666687,90.81576137369449,27.219221023235235,0.0773416669399917
530,3,371.0,20260116104933103,3,是,是,104.66666666666669,base_info_20260116104933103.json,,,,,,,,,,,,,,,,,,,,,,,,,,,,,,,,,,,
531,3,372.0,20260116104936036,3,是,是,141.66666666666666,base_info_20260116104936036.json,,42.73276003659557,0.0757175144959177,35.786983624805494,0.5387695392092812,40.00583321522087,0.6256476955237549,243.977307756894,2.537430988225525,82.62604449740242,19.616252467873277,89.74451648537358,30.045136423469327,60.860167091682285,50.17106262986086,182.5778510141046,0.2347530985821628,252.61342548639053,2.438478970955096,171.6430298188113,46.491805628488414,84.65464921845475,37.24281315856734,57.40728384962472,47.19801596822199,53.85246654745702,54.83538614632585,17.280177126303226,0.1387369856695946,27.78865223072564,0.2433913161436317,36.16188247229982,0.3932670298805141,26.48659196808897,0.0928559679490131
532,3,373.0,20260116104939044,3,是,是,118.66666666666669,base_info_20260116104939044.json,,38.6554360085189,0.3460178710892732,35.123781762902375,0.9166497634171386,267.63774037316136,3.004123404727524,119.70515123594656,106.59157623791732,57.53508691413354,0.2011121020015618,58.28430398224291,0.2851829185130528,122.27491966234624,84.64393761262562,235.40223307911663,2.5666592448547503,168.44536939066506,119.06405374317184,121.19591566505244,86.81531638358646,33.49507742925966,0.2604014776063142,120.63975169988754,85.3799728454094,117.7266978151818,86.22256678283998,15.037432015728896,0.1320681195007886,25.7552164305107,0.070797509762408,33.56689977706518,0.0589553862846522,26.85915497698181,0.3577548780375176
533,3,374.0,20260116104942319,3,是,是,157.0,base_info_20260116104942319.json,,41.3776446072973,1.737795730552714,42.71616644918661,1.3328832241492603,261.2907922046234,1.832023888776495,80.42230013169223,32.241092134084184,218.5450305877836,7.303835576149295,239.4404113615148,6.619382084136714,33.56997539015006,7.869649408199636,239.0091913129298,1.4236006224552276,197.05777083052408,40.00841688633206,192.3051249849639,35.58825656506085,85.15727447067864,104.64491894982324,154.7549824474896,91.01013701638006,24.873324250046,10.363752656480042,16.87335962170362,0.5431762422471366,29.591816454108727,1.1744967628835925,36.04817907214592,0.5903363427053615,29.21612747894824,0.8614453438261388
534,3,375.0,20260116104944876,3,是,是,145.66666666666666,base_info_20260116104944876.json,,34.66019391200729,1.127680153511464,43.18033851074301,0.7318775497109409,272.24408823752725,5.528393942332858,272.5443320778936,5.388793858773489,66.01836729463126,0.5387272710494285,64.05004884019858,0.485733330797524,78.57244479355134,73.14516124214069,237.6572577767216,1.6373239080766469,0.6822225093884793,0.3168495685702936,250.1767255691757,1.9923487090390104,59.27591732163927,40.10181304803821,108.2817224582803,63.458621923574135,71.28816305610725,77.43331285333753,16.96686315289348,0.0002497811398401,28.09041847109017,0.0422844930549185,34.77006273786913,0.1682342612056768,29.185275769142965,0.5775133631322883
535,3,376.0,20260116104948923,3,是,是,58.333333333333336,base_info_20260116104948923.json,,,,,,,,,,,,,,,,,,,,,,,,,,,,,,,,,,,
536,3,377.0,20260116104954507,3,是,是,93.0,base_info_20260116104954507.json,,33.270147270736054,0.510897035662078,33.27838035116384,0.5600635483186567,252.5370939686962,2.6745058194842666,252.64379554506527,2.632728872798896,79.75286916917696,24.48605274616178,79.99211785326042,34.80709838116848,242.0609329853377,1.2589272047464457,243.5766810429485,0.7517728062348964,0.3503277077605106,0.1415598823572476,199.91429583726296,56.12273358185768,60.81472011572068,44.57431656488615,27.05604883250556,0.0457041765006911,13.075689188448305,0.3766070652433702,242.97704380815424,1.2935508233294382,72.12521550571032,44.02846368899005,86.05242087562162,37.94342311903323,89.38074725188397,36.963351926120886
537,3,378.0,20260116104957200,3,是,是,88.0,base_info_20260116104957200.json,,,,,,,,,,,,,,,,,,,,,,,,,,,,,,,,,,,
538,3,379.0,20260116105000455,3,是,是,96.66666666666669,base_info_20260116105000455.json,,38.845774458032814,2.35798711827598,34.24804198535155,0.8133401942961014,201.18465448225115,28.64851536755848,246.6785407779568,4.399627740335686,212.9945054799549,3.933252893814257,236.11915375413605,2.211350924510964,222.96559782221863,25.828579855914764,202.1557282954003,22.476175462041446,46.128210886958186,24.6758942307216,4.616817567233723,2.636126330544585,234.87193338673043,2.047090258261735,26.92548423548952,0.2485380946650987,17.65024267023746,2.8096639143445867,212.7781181539534,26.00776722106064,140.5284180138193,32.494166321538785,81.87805793627825,42.26953574683328,33.54546745306982,0.5947499864403573
539,3,380.0,20260116105003054,3,是,是,86.0,base_info_20260116105003054.json,,38.816891587578574,0.190194568630647,29.33172932758417,1.8967699966311344,113.18701439656066,67.19126518335138,240.45557799233572,7.846860434957836,64.47367268530184,0.2211737436707789,56.32027461319825,0.4738369376133275,46.12690332179793,20.330639582251667,174.95644046126213,27.47365135521636,135.27632655656654,68.82932122916472,238.4749469241859,4.021190382365103,32.67851193610241,0.0950515213804932,45.96220541102193,21.67762008800841,45.58044861281473,26.72867325010609,15.3657998221806,0.714740939729864,25.14598757384563,0.4846990351632242,33.2662348749347,0.3950013286403909,29.430014020462767,0.1688671303237725
540,3,381.0,20260116105005785,3,是,是,105.0,base_info_20260116105005785.json,,39.95912595676539,1.0124699010254756,38.35818481390954,1.113784893735357,218.48439483379312,23.51048214879414,43.64023330961106,1.0331381800646846,70.22015586939831,2.7659273532862905,59.01577725545119,0.2910871111157816,25.67116163741497,1.5891305601039,225.18198344040047,10.289847250506552,218.3300763135217,20.323743104866832,66.13262765884917,0.7352377151187366,30.978541633015027,0.1501904268980753,25.63158679727688,0.9538172096082376,17.359860900560804,2.722245453909696,14.96934390056777,0.2690817570059908,36.24976379386998,3.638862731994968,33.778678110987606,0.8285679008423046,29.165172822970455,1.3636458568128618
541,3,382.0,20260116105008598,3,是,是,91.0,base_info_20260116105008598.json,,36.82581115163706,0.5831268715892197,191.0354196258016,21.268587096327643,72.75329263310316,38.88059648790314,211.11604419574647,25.940014835170683,65.53195732943026,1.670512685808244,60.146467170450045,0.9603629864465418,25.477867476742546,0.1082201983631758,179.69382305993858,24.42229301632536,142.3582736481791,60.95682664183823,66.11962514955209,1.7557996923813888,44.41335112255309,16.92722310709,46.63434401478784,21.569463330509684,15.274490260063285,0.2482476693373584,16.074899797733796,0.1293558373384529,24.78786721389304,2.947521040223508,37.62641218511181,1.6763546280619728,25.49388605601951,0.1169381236611661
542,3,383.0,20260116105011748,3,是,是,64.0,base_info_20260116105011748.json,,,,,,,,,,,,,,,,,,,,,,,,,,,,,,,,,,,
543,3,384.0,20260116105015023,3,是,是,113.0,base_info_20260116105015023.json,,35.67537093741943,1.1795166074168206,34.30834878451709,1.409931548216356,247.97132725524003,2.6474590868262773,113.72686538309227,97.0000754697176,69.198588244784,0.9307558257878188,63.50267182157884,0.441416143051524,25.44523228694045,0.130112687596614,243.025598828658,3.899105707051033,164.91763173431232,116.36354991466818,126.98562430280474,81.441404660087,35.18477519505453,0.7336106724108254,27.423733840437617,0.2317818190566485,14.848088734088934,0.7139273708406254,15.636312175162963,0.1332878675412069,101.85537129611896,89.0877140085332,95.19737774073548,77.80014110043875,35.82750907753689,1.3006584766936646
544,3,385.0,20260116105017430,3,是,是,87.0,base_info_20260116105017430.json,,39.862171046988,0.122196366848993,31.53773164472481,0.1782478349641056,242.43830680597856,4.98492856435929,243.6285924296671,4.3615870955821245,130.31699951623034,52.597486019791255,144.98621007420897,55.70166280991759,22.644763549064503,0.547190415997027,240.03916594217276,3.719368229276112,1.85231683214722,0.9451267210728652,98.25636477922616,60.1776717362267,139.24069137678805,59.26344068110892,24.08387333795801,0.3192875376292475,13.856880925238409,0.50243032149647,16.05162506733822,0.2715203748199555,25.693879180337408,0.4217766179261904,33.59325170762076,0.1711562322584544,26.163276522546823,0.4089343553397945
545,3,386.0,20260116105020137,3,是,是,87.0,base_info_20260116105020137.json,,33.1423950679342,0.7722809169470041,32.42060532879338,0.7639447444068715,233.0453167938167,9.870169775517136,158.69741276364408,41.51691585115972,58.7693925289456,0.3156927714706224,57.24670521199796,0.3974691359992602,135.66879698545145,78.8503561604238,231.72224106303068,8.577865688992786,76.91316436741967,47.48035405358819,152.53351605063128,38.59014419616695,37.29212998572773,0.602533296164241,26.73948452279807,5.623537660252463,23.97856366253863,7.582432933100747,148.37949763677773,95.00408133974044,150.26853928887436,86.28676215962768,30.361971610356864,0.2070691151911065,38.091027581089214,0.1625313306257458
546,3,387.0,20260116105023013,3,是,是,109.66666666666669,base_info_20260116105023013.json,,,,,,,,,,,,,,,,,,,,,,,,,,,,,,,,,,,
547,3,388.0,20260116105025171,3,是,是,135.0,base_info_20260116105025171.json,,36.83986666747245,0.9374756057752374,36.48911378875432,0.7564252684729211,100.82003277729602,86.6659405091883,171.13138338224098,88.0202523093201,73.2671271547153,2.550145329114668,67.35490625335471,0.9195163408911792,166.46787517865462,61.561266629792286,202.2670797203004,15.513291152258263,105.47035764908814,107.38884348440482,171.7560996971384,73.3269867601406,41.69798390835415,4.4838164764535415,30.59246425624376,0.6213776920802809,16.955896235193094,0.1188813771487319,170.30172391758967,60.43470057693589,153.15362153747728,53.78213023438822,105.01123882983528,53.40743454799502,114.2453999857879,62.00344677336464
548,3,389.0,20260116105027141,3,是,是,61.0,base_info_20260116105027141.json,,,,,,,,,,,,,,,,,,,,,,,,,,,,,,,,,,,
549,3,390.0,20260116105030906,3,是,是,86.0,base_info_20260116105030906.json,,,,,,,,,,,,,,,,,,,,,,,,,,,,,,,,,,,
550,3,391.0,20260116105033498,3,是,是,76.0,base_info_20260116105033498.json,,38.87992304767712,0.8133304833324146,27.170022563062588,0.1019938634481673,235.09273730645933,4.151725621980254,71.06131332557224,40.00396446694759,68.3175185696146,0.2116042963060908,55.67027870993308,0.2063443282201749,180.49642199284528,104.21309442907564,264.07481879312974,4.359285377425217,191.1850175709077,55.97563210988236,87.23402035431246,35.21657195770782,31.760771143035942,0.1886883728900808,249.5076077625316,5.008335026607986,260.9713532045424,5.966791218685257,87.68279857885885,103.7155178952745,88.14708838150572,95.04579089029838,34.333843167574784,0.6272798485823042,22.601341530248124,0.0733779037714673
551,3,392.0,20260116105035922,3,是,是,84.0,base_info_20260116105035922.json,,,,,,,,,,,,,,,,,,,,,,,,,,,,,,,,,,,
552,3,393.0,20260116105038554,3,是,是,98.0,base_info_20260116105038554.json,,42.603608527707465,0.7783073750235503,32.753443700258835,1.595671576561262,234.71907929600937,10.993403345905357,102.2312969158686,38.30367623173854,142.70575272364633,50.18835888787039,159.94515033037968,51.47996267285972,23.27089785636051,0.6369576253387663,233.91285610447608,9.06907071649177,140.67420578878162,38.22719861755972,103.6572893339548,60.848448306854976,153.96993745758758,53.39902355352755,24.228146415834075,0.1361326355246228,15.503302980521388,0.4833820807570611,15.865334709528186,0.4004134448911571,26.39452195209898,0.3242218959132575,34.39640639145147,0.3297134298998374,24.02654135987892,0.488385958712266
553,3,394.0,20260116105041350,3,是,是,120.0,base_info_20260116105041350.json,,40.09823889676491,1.042417278424194,28.724198260268697,1.197323120039827,40.05297905985011,0.1877491363186421,45.12853651032475,0.2060221308393187,75.02550308774046,0.6768307613712203,64.95133402615214,0.4959141008057978,252.33263900159423,11.814052699012915,178.78727623681323,0.37991954021645,44.564947266436825,0.1749578497616578,69.90349800205132,0.6118657132552938,41.379563736386736,6.456683968092772,86.31316855284383,63.70689870937271,89.37785907199724,105.981169818861,179.68919729464187,115.40567725344025,112.89348218625685,48.221891776508215,124.14424020680268,30.70879640317473,34.52475522851817,3.491618548111986
554,3,395.0,20260116105043878,3,是,是,92.0,base_info_20260116105043878.json,,31.92113007384765,0.63693208983765,31.09301313726692,1.382759165203098,234.592921952194,10.421784303372233,43.16863804633235,0.1594918362742234,63.39142652863418,1.041558736073076,60.624866754379696,0.1482237528641466,26.196164432515385,0.2396865578183119,230.9897209984907,8.18627666135079,237.09304340834083,10.140036126831925,67.25445164364326,0.9415874051597992,34.875849902294554,0.7184238784017303,25.514922285413576,0.1038193828353728,13.598788646703689,0.1802334182167343,17.30218204624661,0.2015511475655478,25.245073248110533,0.1888177858750754,33.613527155556646,0.2389904252653457,33.67829561044827,0.5735346840265213
555,3,396.0,20260116105046857,3,是,是,147.0,base_info_20260116105046857.json,,44.571575041716535,0.0431093794526376,35.99894442966241,0.1818306683678583,242.1807056797072,2.092375469170066,47.47614760283663,0.3440086351018697,76.60334727317259,0.2755964626166996,65.63641151529984,0.1161738479584548,257.15145754818644,1.344492747798133,257.5204941499262,1.6093536898558791,243.6045014075713,2.13173476170855,77.4540666898259,0.250237995966744,39.30959386217317,0.3115946756297745,247.8630613607964,0.8548086375760251,259.7734009122212,0.9244317216451078,17.49727956937738,0.0385382062366217,32.98466436325333,9.097941679104752,40.46378118006575,3.7319088995138414,34.53849618251606,0.4101873843495282
556,3,397.0,20260116105049179,3,是,是,81.0,base_info_20260116105049179.json,,37.96726427863151,1.216002818387094,31.222741218919776,0.4615379707929088,172.9061637904624,38.30410789877437,209.87160925910223,19.57417727891471,59.855301466607365,1.356230045290783,53.03874105545256,0.7588432714326145,23.89134832401653,0.4548572475912563,201.68380667412796,25.215229751932497,38.26424078425757,19.630001765978683,206.33059045576329,20.41704348321216,35.545015369223414,0.5184587415485207,20.63392522761277,0.1496156186589737,13.80680354133294,0.3972177773657515,15.579632741664328,0.2301123414502549,29.92531323022752,0.6018018390395936,30.374067618031585,0.4618791928151707,25.75670055104744,0.2922862156889003
557,3,398.0,20260116105052126,3,是,是,123.0,base_info_20260116105052126.json,,41.34318412167894,0.4681921533815248,37.75466381118244,0.9330147920812484,246.3426158170364,10.480842356455438,50.39946159987475,0.2345390258999778,217.561574957243,7.809190725848487,236.63605604289845,8.819338774460102,230.6927730588692,11.013221815897882,229.18432006133156,9.319519808601612,236.61309754601396,10.36831368308602,240.82355881122533,8.659020558928635,222.9951626194104,10.719115493446948,224.379190546891,9.999656504445136,228.863216889718,10.20011596467313,16.524116937937062,0.4131496566172785,114.917240495486,75.34335256713258,119.4577313112978,72.63451567360633,28.04492910535514,0.094954770662669
558,3,399.0,20260116105054420,3,是,是,89.0,base_info_20260116105054420.json,,30.912074011084915,1.019542617213137,31.65697319358844,0.8939868457361358,219.9992853709877,21.438325025028817,43.47950518094126,0.0775839520400221,65.12319945627307,0.6537590137948256,60.76032569580539,0.6089101159902287,25.599198687521465,0.1892485577167147,211.95362900559675,15.501481937450489,217.19603298419847,24.05720289917372,66.04484799422791,0.3882946642090153,37.29562089623255,1.9735878245001257,33.16507024124151,5.437929128688007,13.962877968062555,0.1681283207371021,16.328944982307462,0.0308672231697716,23.07346213552841,0.05591106987364,35.00418938519653,0.2998000973645887,29.727724628313396,0.3977809145053474
559,3,400.0,20260116105059995,3,是,是,129.0,base_info_20260116105059995.json,,43.809118910855794,2.519671788002767,19.80213748667501,0.3060567005303882,123.02999335049,59.11682631373591,93.25260802609216,38.4467240155278,90.0055262028156,47.80012107175364,111.5885699804066,51.30773746250531,151.71522913993843,38.25509988726007,124.92708979796268,33.36476024634053,49.10681951469487,32.46611987206817,85.09544458575634,24.125619117031203,94.5377104248364,43.79433119182611,109.49529645106618,14.36193883262202,71.17196037859482,34.61881670301451,82.27248291732398,47.73190629126028,33.33055257100762,8.211508075774724,40.405655659029954,10.58349561731954,25.402640690599423,0.2168373608228655
560,3,401.0,20260116105102771,3,是,是,145.66666666666666,base_info_20260116105102771.json,,33.014916296930465,0.8454844539733962,42.83124164632475,1.541103727053467,124.91884364074946,65.4242762732806,197.0814655499549,41.78726210647575,76.41014349979682,5.6369866403977005,79.96887163448675,7.787218780923411,102.88348518868396,68.83740766887644,175.80488851779285,26.151448944216472,100.13379317357912,115.1854530583406,141.51155449693366,54.75842059390258,45.60226989091316,7.92304854615685,48.18630435180869,13.315408443966524,24.387231706284577,8.626969372965515,88.00796000628469,82.37716910843164,93.95597821157448,77.53732909017143,42.156540583917966,4.538499630824931,43.35544976502019,2.335616255752308
561,3,402.0,20260116105114811,3,是,是,108.0,base_info_20260116105114811.json,,,,,,,,,,,,,,,,,,,,,,,,,,,,,,,,,,,
562,3,403.0,20260116105119513,3,是,是,69.0,base_info_20260116105119513.json,,,,,,,,,,,,,,,,,,,,,,,,,,,,,,,,,,,
563,3,404.0,20260116105126075,3,是,是,113.0,base_info_20260116105126075.json,,44.118980782923735,0.0856046849038041,35.663388845566224,0.2161162427876538,262.1196634001981,0.0888388994577959,262.1196634001981,0.0888388994577959,230.34133487494265,0.4679624483938263,252.275500892364,0.5064813124304184,254.96576893617956,0.027085484784574,254.58754724487295,0.0215342356272019,0.0,0.0,0.6706140401843635,0.4741957380198185,150.98872014313596,43.59863855306208,151.65176521714486,43.24332406774698,254.58754724487295,0.0215342356272019,16.337056024303696,0.0865444075199062,30.966854252913688,1.861619436522844,38.40430478326995,0.8899013080859894,26.240987573002545,0.0248304965138007
564,3,405.0,20260116105130415,3,是,是,128.0,base_info_20260116105130415.json,,179.15132203502276,22.254630048187455,20.499995704716245,0.2576641176116899,230.1260936653204,0.6794508013837953,228.7280586434792,1.660375125158598,76.49545918391071,0.4658007027551742,209.7742921233364,21.3905195556366,94.47731169466157,115.25494458258424,254.9360115141774,0.4980569000047976,1.4939953910938628,1.981506499454637,248.4697287582781,1.688830446188874,36.22792604380252,0.2047951330537928,104.2747381516839,102.997531154046,95.50412172853152,112.824052224522,174.7766043162599,112.87139804517416,166.30995756853144,97.20237310057664,37.54962672235877,0.1086461416313831,186.97415665514333,20.433463582243625
565,3,406.0,20260116105133293,3,是,是,76.0,base_info_20260116105133293.json,,36.8287619106224,0.2040243724166312,16.715991752540962,0.4428152600193832,223.0589675421418,2.508094962452581,40.833523152626775,0.1752908503629176,66.76200908524295,0.135901996847945,55.58298289088148,0.4569787012369139,259.7637635847811,2.720128665568819,265.7622347093923,2.077284308591829,240.1423770699268,2.499951204648981,59.08874949251234,0.0300957962790673,32.68632967638041,0.1673538886560658,254.78210755874295,2.7875461786550937,264.4847893471716,2.768523447496249,14.87241925306958,0.0787328942011135,19.92482564854216,0.2990865601616496,36.61734163659188,0.1771626084658465,26.05364605600081,0.3629409821587303
566,3,407.0,20260116105137935,3,是,是,47.0,base_info_20260116105137935.json,,,,,,,,,,,,,,,,,,,,,,,,,,,,,,,,,,,
567,3,408.0,20260116105141207,3,是,是,90.0,base_info_20260116105141207.json,,27.66171975288401,0.9367826838911136,53.3432294474508,38.41596862093708,73.08407112183615,51.255912735916304,146.49535992301466,49.464878523526885,69.78287682278388,14.324803530870469,77.4455700250643,17.27238497258533,47.54850121339506,55.27073248032077,166.9175487972562,0.1281612080083972,206.83496016054943,47.7732503382874,142.87928191883609,69.56030175520931,61.71734755363016,23.193540126125544,131.6685255537302,38.50165522700003,135.4520379583462,38.91628794297132,177.68977055915548,39.21110410156121,173.0419725872539,38.615418725533296,34.15800429752927,0.1924353295581189,37.115413882921466,0.3986819483590513
568,3,409.0,20260116105143386,3,是,是,74.0,base_info_20260116105143386.json,,39.25209343562191,1.99372602387545,22.95423442700735,2.551954955523667,172.21377882259165,39.01253510979091,175.13353541778966,36.877468102696135,160.4418348923267,32.47400388238694,178.65169650986556,37.55625749664097,194.67955994259373,38.61688178240056,209.47194942585304,29.004688207137992,10.933695998221808,6.041190537037869,16.068326833810215,8.542614832516747,164.56860778484454,50.9423928993161,164.242909950226,51.3233372053966,192.57437477226176,40.52950129987682,15.271561602518796,0.1400113792627863,30.059819033457455,4.671501384616728,33.79197976709673,3.5487883091703427,24.12077798968484,0.7517644841456426
569,3,410.0,20260116105146276,3,是,是,196.0,base_info_20260116105146276.json,,54.48663419329795,1.4254374168854391,45.9432325488107,1.207963359215725,208.41500672722276,30.456860618051703,190.23834658033456,38.59694753055965,157.99086751628226,60.33015730820763,183.95147710620915,66.35389723609437,29.18959120398725,0.4063219992813291,155.01745320029872,48.78704763550231,29.836771959090367,27.661793624138973,109.79954173088493,46.57240147186836,173.6148786576861,73.56644910976387,27.719969162746537,0.2645516206286327,75.2311099088444,40.26521415583164,80.31869137973597,38.57042176636203,30.71007527126766,0.121345297958194,43.9749698343154,0.5984068487625528,32.246684255092795,0.0593247988694574
570,3,411.0,20260116105149440,3,是,是,189.33333333333331,base_info_20260116105149440.json,,49.25467870377435,0.4294408378443079,54.31632270226563,1.3445061713804507,243.66967665741944,23.020135367900465,247.9603973122468,20.73346786796508,71.63958305653317,0.8179044835522954,76.64630001631758,3.5725099463140664,237.95143487257988,9.43234078680544,222.03284341573604,14.772532977896269,7.71287251790613,4.100339391647381,189.67642809383472,28.970876001291327,47.8436720393234,1.9994036533572412,223.35994448767076,7.465658230266148,233.3326484860454,9.751405952037503,21.371913407838264,0.339210960470736,37.49100426275673,5.1107806230966935,48.97628032101023,5.070831365616525,26.245887739590927,0.3978380155127466
571,3,412.0,20260116105154208,3,是,是,118.0,base_info_20260116105154208.json,,34.89397483910876,2.203195705099129,32.60905728406443,0.5529579799398378,211.52090790642092,19.877850483059,43.88814211807725,0.114447626723506,68.85716169586719,2.1226661772030524,61.64175371095419,1.1570215522171778,208.8044080611253,15.283455955020536,226.91317424128877,15.061358813600684,216.47136866145647,20.091335860827225,73.07671711429134,0.5675590442740758,35.05700008929648,0.7199126321002004,197.1445089181693,28.05763560112683,220.38550529496013,19.054379211433236,20.77124401280921,3.185556777221571,24.05976680356205,0.4315259139221921,36.22731289220064,0.215072359523551,30.652150654138985,0.2644845969166265
572,3,413.0,20260116105157233,3,是,是,114.0,base_info_20260116105157233.json,,35.08271188084993,4.696670549830041,21.860679214813327,4.003967420481355,39.57165155679788,1.4394907085713933,43.6617112313412,0.8210489490124842,74.04605258477527,1.6002010811067853,63.20891961077225,1.9100928771766883,198.15053309895893,39.79188182505386,171.76355865538983,1.5419791924478086,43.413456019878254,0.1409939253569361,70.50905972259572,0.5352542589696312,33.50411356343409,0.7092743055385321,190.66676872411185,39.14326430647696,201.07308841661904,39.112187497044914,14.747445431650506,0.2340964124479908,23.750923936636003,1.76485982632729,39.88507596052591,6.240691285644798,35.78098505669265,3.3706764777233733
573,3,414.0,20260116105200101,3,是,是,115.66666666666669,base_info_20260116105200101.json,,34.75810015511641,2.219566278614553,27.844972483521065,2.7599328053825936,41.132311136966415,0.1388359165320621,44.64309985386252,0.2975328857515813,71.74096186319532,1.1404067768025237,60.17889527667844,0.5312585571645322,74.66023031358972,43.78844004543855,179.06634047298894,1.8499617458435569,44.66982313899168,0.0719359568576183,73.3169995543718,0.2612215105939147,35.9357969729464,0.2687182401802739,27.54031511817693,0.6461114453149259,15.068743111529182,0.2971016119699257,70.30644228980017,47.039883826509545,62.45994539467412,37.13762310850168,64.12079077261812,38.9106101144044,59.53364171636906,45.06892925920492
574,3,415.0,20260116105203089,3,是,是,79.0,base_info_20260116105203089.json,,34.97445335718765,20.75857924334904,37.492058125044544,1.0230690956778137,112.8564732342696,62.3515924952162,73.14580755853994,30.28616004639839,58.22108020291211,0.348446149489134,69.90556964874357,16.620346674517585,44.4800693200977,28.1609039153706,155.73420445882712,25.2669907846146,55.31054887578739,22.283545028882603,78.73539131421258,20.527689543513205,30.827448127560377,1.24707031792575,25.817889184214646,1.830841673828536,13.800376146639826,0.2037066884211294,35.799785022424004,30.35974192566704,42.98873311266851,24.775798551841994,31.187978078948323,0.5302133365932619,47.7295355690209,14.43201929715759
575,3,416.0,20260116105205507,3,是,是,103.0,base_info_20260116105205507.json,,35.9251467584296,1.651583237977613,22.59827896277492,1.8630952361280089,36.99522662014096,0.3262735962422002,42.660193476091855,0.2182105766510997,66.60488258186464,4.011530332325474,67.23544381335866,8.153560798322404,32.96756582967124,7.726744784707266,167.9585221987662,1.7160860143101375,44.00301759271062,0.2783724447464196,70.4935397811762,6.1313984997273945,53.01980499142988,13.202676339160304,29.791338990341828,5.123249696502983,26.85632861506677,11.474285672407712,15.210443540729443,0.117739603767168,28.320524985918563,2.3495315931884293,94.87020481824013,86.00382921281957,90.8637321254696,87.94982843840144
576,3,417.0,20260116105207809,3,是,是,91.0,base_info_20260116105207809.json,,37.752195000290776,0.875591773535107,29.483473438104152,0.6361178284793972,177.3546344297698,38.86233657997969,122.94456778216072,59.6457664835114,115.63948468316114,68.37557761089732,122.98774208407455,77.27760737277285,153.01667923428425,28.60378423052573,194.1081320932632,27.40145739259907,82.6127657973489,93.07781891751648,151.4025178658666,66.67491078321399,103.79063861955969,87.52168482088992,138.192100593446,24.72406820781612,152.14808017406511,29.348794836411795,14.049775665967738,0.3938485722996965,26.19913899411227,0.3857041355919702,30.22964121033664,0.6543988622196869,24.78611425364754,0.158870476315003
577,3,418.0,20260116105211116,3,是,是,131.0,base_info_20260116105211116.json,,43.22508028303096,0.2286289163792612,37.868998953124425,0.2910313634546163,244.50417117265283,4.966598571020729,114.90546925498371,92.77933106187255,217.9848558170746,2.458323441701632,240.79925952622088,2.8772226138843453,245.67733435482455,2.569399447872437,242.8831085188283,4.558343949339555,160.5833494065481,112.54398797963624,165.3877685972091,113.63832613962845,238.48539110674656,3.2776956671672512,239.3502671957841,2.5369158246830894,246.38144292596868,2.7154340182161314,15.842764392078314,0.0691328135671787,35.71912223751553,6.574892182173255,38.32166163732214,3.7407301902769934,28.743126437905115,0.2569094946894115
578,3,419.0,20260116105214142,3,是,是,117.0,base_info_20260116105214142.json,,43.75214918500787,0.2575762321859696,36.32225817298552,0.6051101570173412,175.47730843793522,96.25297672470924,233.63799247251535,12.295636777249568,67.4328259986798,1.2798966547233994,61.39753882455977,0.4639342866898456,26.723728069223277,0.0521011903088377,213.4822648987354,28.45235111826742,76.2197304616081,105.4594994784612,225.53075457810905,13.678758508397216,34.67304219397219,0.4825689387980377,23.884619988858034,0.333505914855096,59.849919593185774,48.04685513133256,61.08333548369827,48.19388223319066,31.22720309854364,0.6644647281826671,37.21889654922389,0.3385678254130038,31.28700290707791,0.1091885472327579
579,3,420.0,20260116105216890,3,是,是,73.0,base_info_20260116105216890.json,,25.68939612299984,6.049858659193873,59.62213409589265,46.82407909451244,65.82491424578093,56.415934666747376,132.66767630236336,37.26340078290183,110.1720391849436,45.22281461847734,110.58202554825392,43.68140419081464,212.4345507909248,19.693678038924048,145.7564801121714,3.085052800915848,190.21986525463885,41.918858581055765,105.39978834198196,72.99627070494022,115.78088273723164,61.72417605822324,210.3772027737881,19.429480336274,214.49366228505096,20.254239351390304,11.71030546707035,0.3074420879779121,23.4719907554049,0.3133195513078381,28.93291321494135,0.4194991559565768,39.76853178774468,3.140513539031137
580,3,421.0,20260116105219450,3,是,是,73.0,base_info_20260116105219450.json,,,,,,,,,,,,,,,,,,,,,,,,,,,,,,,,,,,
581,3,422.0,20260116105222111,3,是,是,59.0,base_info_20260116105222111.json,,,,,,,,,,,,,,,,,,,,,,,,,,,,,,,,,,,
582,3,423.0,20260116105225190,3,是,是,96.33333333333331,base_info_20260116105225190.json,,43.21758765550165,0.6340690593931166,30.26097666692908,1.2350148452216023,172.78099515732933,37.71612756617116,90.42250254024292,66.53975532157871,61.6805067806018,0.2127167574536171,54.74025671260282,0.1011686242787525,26.913378163868245,2.9853909535177023,199.79780220882108,30.032312959748197,114.55926193340171,82.529440065684,102.1444365533364,50.80213095445562,35.859832486927274,1.4433345246539824,22.050532657982632,0.9209265703202014,13.618483500394827,0.6588913424752648,18.62253294460129,3.1052023644333047,26.476650871162573,0.1004468043022511,33.49063171516463,0.4305581354625345,22.563237440199547,0.205155362030835
583,3,424.0,20260116105227157,3,是,是,66.0,base_info_20260116105227157.json,,47.12839894996373,7.618799925514605,52.209533602491575,12.921490850361169,48.39682856962048,15.801303276135478,148.4695814324243,34.90502131406188,57.33997861322749,7.340324948639812,51.38596931575693,0.2836959875261303,22.26928083878701,0.1730839580465803,146.18545260156586,2.245958728145467,112.81064804401554,37.1720485921274,130.30201544234416,24.9162760335352,44.79610203371601,15.666455798805003,18.894438770804808,0.2520791773129361,13.327475288310389,0.225425651974421,13.65807815071078,0.5406374036398239,27.656842941844435,2.2792951416533622,33.415901452770385,1.5656374642573645,25.6784074537862,1.3262423143610704
584,3,425.0,20260116105229995,3,是,是,99.0,base_info_20260116105229995.json,,35.675716088780426,1.132154415855391,27.83110497539801,1.5029456562497383,35.123274959529375,0.4564357849618429,41.42179357989148,0.6657410446967008,68.5726369230964,0.2716561366946715,60.53306023975662,0.1302002666981102,198.98992645568111,30.64420806594252,161.5449174717252,1.1448679717867671,39.38600108121952,0.7032564792873711,65.15003137536247,0.3547922855759436,32.58270770433112,0.0755338382823485,27.00545747839351,5.115510035770585,23.87322221162537,8.372190500727806,217.08062431046903,19.985971511312638,182.39398547416636,29.354973754812413,49.97345997145061,11.230194906374368,63.64759900396361,20.80077766347818
585,3,426.0,20260116105232970,3,是,是,113.0,base_info_20260116105232970.json,,31.849079962201568,1.94471492547686,18.100695224179635,1.333481718844462,48.39319847626334,0.4696502151721159,35.867561526856925,2.010888622880139,72.20700333265364,0.9224618619455858,69.53786800996534,7.254340064456465,24.761610945157315,6.718704223857435,178.719095834866,19.40185841024078,52.44105955622754,9.411968058859058,79.5735957501765,9.055659849966135,36.47376046001192,4.467919514107735,191.98359843846208,26.265287035740844,72.7908509225232,40.15904155254914,97.30890735202054,42.872146320156034,62.75947240190264,63.20318130615793,138.43538714147653,51.681820762515024,32.97658827152167,1.5755482541916428
586,3,427.0,20260116105235602,3,是,是,88.0,base_info_20260116105235602.json,,,,,,,,,,,,,,,,,,,,,,,,,,,,,,,,,,,
587,3,428.0,20260116105238724,3,是,是,194.0,base_info_20260116105238724.json,,35.23612410153876,0.6952633598219707,199.26018935584685,8.265691293537614,16.55625942150915,4.957755564102495,30.493059021609465,16.936989956368194,79.03498317528643,0.1347527466929665,84.05852508787326,0.7270829406125533,29.46083636818297,0.2969491276649199,85.3786003368333,42.30195085126276,16.634246593180126,17.06290403186383,211.18900767753803,18.50210803320677,83.31732753512809,60.0951799775451,80.05996260704832,69.94289609365849,158.19640194324836,40.46025470586678,158.60473319753274,40.39041776753908,31.343168971103022,0.3080354391093367,44.429697050461606,1.4367138310763354,59.344560333171465,1.2955796557985326
588,3,429.0,20260116105241269,3,是,是,89.0,base_info_20260116105241269.json,,38.271867614224256,0.7278620835519305,33.00241914334586,1.4638374197798634,180.75420567732013,41.33443604252072,221.9528145525626,19.85079584467297,62.87671562802225,1.2120302340033515,55.165677687555664,0.6312382636896683,107.49601200077154,37.907318627682855,182.818300898154,27.546744755444003,42.6346499367305,22.472023787899392,188.47108725364103,30.616971140104397,37.75967456864747,4.436166353941739,80.92702998771993,42.97890389798438,102.06213662475606,38.64742355701824,15.88279447088812,0.8615985555387954,25.48588194127954,0.325019506941179,33.37187539604196,0.3905333643609353,26.941819288671457,0.4385644313572854
589,3,430.0,20260116105245100,3,是,是,146.0,base_info_20260116105245100.json,,37.95216478020469,9.58628983532567,36.59196346507556,1.0164103885740716,239.7961590664932,2.082871044777408,47.9677466132506,0.7079729872227865,80.91134018634561,0.3970466829621671,80.99110382417501,12.638456621202426,28.876327896867853,0.4815692029787555,261.2450733367884,1.5425716851507822,242.69165187191925,2.1513382723622207,76.57927324776107,0.966340284029833,36.960692771406464,0.1721397572915793,32.35835619257248,0.3261193150711837,15.334099096546264,0.1019761065156977,18.30660446297843,0.617326211873458,23.89397914121077,0.5941510611711096,106.16337578129922,46.71283774798875,65.34282686980508,24.22458795564146
590,3,431.0,20260116105248055,3,是,是,139.0,base_info_20260116105248055.json,,42.66795453135649,0.8028976427007138,39.44073923425339,1.0141585280750267,169.7037603854494,89.1673641341623,162.02559245211663,82.1904274912626,160.280033615572,66.76045158967486,171.73113353084523,78.44450709534424,26.50716878650725,0.3054574076971902,220.0894943312471,17.482018106520567,144.57878519564125,100.34358120521404,42.18607067351095,29.8204195491238,147.73026286072422,79.05690739181635,33.750850498575915,6.564720063420949,16.972192398349815,0.5872246628714076,18.15467789079705,0.4060438795794577,31.84027086098469,2.202339872748065,38.91135321233087,1.3319161435616502,28.012871439914356,0.17164658401149
591,3,432.0,20260116105250872,3,是,是,138.0,base_info_20260116105250872.json,,30.43637190757202,0.1670356731404167,24.57364337585733,1.1356314742560487,138.20612727316174,75.46026524976077,45.7990505664277,1.163457629122256,74.32624942831261,1.1050975401084884,68.6871998276476,1.3571862454657,169.1473274097082,72.58053078109431,213.9485143068925,32.11454469473703,154.52828398140005,77.01422187093594,72.27768505572972,0.6299186841723455,34.64363664262765,0.4235123654801521,156.82654184462052,68.74476488967419,170.0614426910877,74.08603338469352,16.44402239586797,0.4346133263040727,27.915806260901267,1.2599405940818686,37.19222798797556,1.4913448037393289,33.004932819955066,0.1921405059629779
592,3,433.0,20260116105255100,3,是,是,123.0,base_info_20260116105255100.json,,39.91703411401644,0.4267806301929025,37.709641481376046,0.4218073549336462,39.12093185459711,1.403329864799013,212.78848482183375,49.3548656731904,120.01850288908592,73.51018657994172,122.47260956795276,86.94945394947952,243.30451039567404,1.2429331169212734,177.39830384161664,3.309819420342821,215.4138534633904,46.68646429438142,192.9919025263877,53.42964460713828,104.2352333219817,95.0502856307684,24.28215372464241,0.470149562553129,15.780711906515128,0.1984299316853094,243.8082847072151,0.855101734886615,227.3188141605519,1.284837845646157,39.24197963008823,0.2374935435564235,31.489076078241595,0.5699908839329677
593,3,434.0,20260116105257922,3,是,是,187.0,base_info_20260116105257922.json,,49.478429611763325,0.3140857216783304,40.81321522722822,0.2691974119711001,207.3076813335612,44.70162460494,178.5992831012078,37.2164787143284,189.42588400404688,26.085951945306725,214.9891022809666,26.525232622060724,42.381835247546455,23.929718762744898,219.19855287797637,24.77873306412458,33.35639081765854,19.62132181696597,50.0206773898193,22.1162930518536,208.10762468968483,27.21249260867643,89.50642496018736,44.41432365037691,89.96053675294532,52.60789039730928,60.52833787599519,37.5948883035156,61.61941522518671,28.13488382535995,39.125191233379006,0.5609118482682549,26.97682020296614,0.1182372437373873
594,3,435.0,20260116105301851,3,是,是,167.0,base_info_20260116105301851.json,,45.05818691339628,1.15992715450758,44.12108092973119,1.5265794661814165,244.90393894333536,11.64319519904171,246.48636046105207,10.82492767718123,147.2709711199782,39.35374536485371,165.2969229754682,43.19653833072879,93.73514303236146,94.89925649312724,233.28186099739807,7.439560416485476,3.5181846363307407,1.8199333445632535,70.06298626912155,37.449630083659166,151.31599976834488,41.72580930521107,90.77803795526629,88.19625298031752,88.53285368216923,101.7004194507822,19.88141295074634,0.1263341006441826,29.81508190641354,0.3226649175159204,41.0836356395107,0.2917709608973567,28.422120199123555,0.2166158564656909
595,3,436.0,20260116105306526,3,是,是,134.0,base_info_20260116105306526.json,,48.75313866375456,0.194591183005241,39.38472493337599,0.1104416450237897,42.018282413933385,0.2483843097198831,250.89602940350088,0.4324742239668087,216.2103728088325,0.4037648586389245,246.91892475903103,0.351552664406374,26.895985114111514,0.3096301568170094,178.6709750887917,0.2883254203359545,257.3367352889908,0.4135636607158918,0.0963063165659257,0.1361976990297288,127.78469540847152,37.834980965832266,120.41770304111662,36.67127825854418,17.30253047535038,0.2014944814954823,16.96203645790241,0.0531194642617251,34.306787212432106,0.7611154030390705,36.69597177162411,0.0793427872684756,26.324287052692757,0.2427004988082872
596,3,437.0,20260116105308951,3,是,是,130.0,base_info_20260116105308951.json,,46.06747668989555,1.2223443880186355,35.910863892751955,0.6919151547082493,89.15730522136721,66.47724426144718,211.9828320778068,19.53514905730905,128.7110522702484,47.20428637663039,146.85648718716362,61.76375438023528,90.81640418585162,57.18815968466988,195.75860766549965,15.79179432520432,156.72077123418322,102.34402417367214,80.31756328476001,58.80476183238068,126.79473849129856,27.69012089275169,109.63098527882752,33.83708552077984,151.81132656708868,63.13892123152331,95.443144297355,111.72800654923982,72.60293243651176,56.049985620515805,143.14513403061537,70.75770176498914,27.746376786624506,0.4455677272726309
597,3,438.0,20260116105312532,3,是,是,147.0,base_info_20260116105312532.json,,42.174738136180814,0.1977413258580136,39.61043279605472,0.2199042997169837,246.76625386811816,2.6562217561916848,47.347335393611225,0.0370180864254609,166.64033029151912,63.69373974837142,181.83277291537613,80.47683971978155,247.33033534035303,2.1221930004918645,249.9713554246372,2.0095863605920448,246.0673773287764,2.707481977316954,189.3951441844467,79.14033510076494,171.9156089606182,94.57640026522108,29.64323847679727,0.2395612417495746,15.387854874499508,0.0753251296458104,249.1679078990537,2.1766635735166826,126.98813952186867,74.59144585326952,85.4422226050966,50.57992301674177,57.78262833927346,18.527538722999797
598,3,439.0,20260116105315242,3,是,是,100.0,base_info_20260116105315242.json,,40.08870457122384,0.2326259074096147,27.74689193399503,0.0865975570625295,36.509614682570266,0.3135365520261152,40.92860236672575,0.14839006268923,70.42545677333415,2.4987287462994354,58.64371383109423,1.1405287155490829,188.40727033080648,116.74475566087716,157.69689608759424,9.938452620985652,41.09171949585188,0.3279490344547026,67.75572292535855,1.155900175996815,33.34886600434767,0.5531140609106807,27.57586568317431,0.3712409853652937,125.99908936834665,43.33044091415187,145.8488392381903,41.74432357977403,172.8324485245589,99.40661061628182,34.32632951648651,0.21242254769144,29.36781276208393,0.0823499936294268
599,3,440.0,20260116105318513,3,是,是,90.0,base_info_20260116105318513.json,,29.03696570668593,0.5836887326520976,21.05654868604606,3.493553625770704,37.50706141031282,1.0308772008790796,39.0597768214512,1.8692575605922248,69.0463712268588,0.0704694044128276,59.38118226277487,0.3620308820515992,6.651668700693076,6.851614558751617,158.05940182971975,4.0754588551363256,38.24364741145826,0.0915260116744339,64.76578239690814,0.1824506820155093,31.557374958245315,0.1081525161712662,265.86346844212056,2.0012676611446123,227.9621534427312,65.27274384931196,223.73035406944237,62.08122002747487,120.51545350390803,83.84346649186797,128.8483557291028,84.72397265471946,26.48526245004993,0.3240700235109124
600,3,441.0,20260116105321935,3,是,是,67.0,base_info_20260116105321935.json,,,,,,,,,,,,,,,,,,,,,,,,,,,,,,,,,,,
601,3,442.0,20260116105324155,3,是,是,83.0,base_info_20260116105324155.json,,,,,,,,,,,,,,,,,,,,,,,,,,,,,,,,,,,
602,3,443.0,20260116105327175,3,是,是,109.0,base_info_20260116105327175.json,,33.53703549205425,3.1908553612808945,46.882646608877536,41.69350677231414,177.5895074831187,51.84796235876305,177.66772970728638,51.85254648964018,72.63962670883956,0.3023422209375905,61.92850273212474,1.185793163812751,82.07902885365412,115.32474791531295,193.8641151473768,51.72028490455486,1.4208330560096691,0.7119174019558147,243.8695232330127,4.118758861104598,32.858286688715545,0.280474690815903,176.2350674359876,105.83950726714956,112.79216654720062,74.80576391752048,191.43219753637788,50.94248162033851,233.3465519640712,4.559953662402132,56.85941939109244,21.345505128985533,46.49564134987579,16.82512871790221
603,3,444.0,20260116105329738,3,是,是,104.0,base_info_20260116105329738.json,,211.494632034358,4.159309111759598,28.54616790227352,0.5591264457189894,233.67634967476903,5.188604159320484,41.61956959589329,0.2902665607925246,72.36798905872381,0.1799673578990379,242.1758684719922,4.042629734493461,24.546465639256965,0.2339356755741701,254.50520192131512,4.484616386845789,237.2865988316936,4.6442696243405175,67.6403626964085,0.0681275387357305,33.80681794996167,0.0716434360202817,29.85504443010144,1.4735880889926456,14.791666654217048,0.083837734371275,14.144689599427483,0.2110249904702484,25.065626652508445,3.553684532321784,64.30620460867337,39.0666056581609,199.08557092340672,50.03552388956786
604,3,445.0,20260116105331938,3,是,是,115.0,base_info_20260116105331938.json,,27.840568995508026,0.3435458495105893,30.221898586586185,1.466785630066834,37.62652629313527,0.1835137426045112,179.42719277248224,38.1478421604132,71.90268639219981,0.6653255417501135,64.72609655008999,0.6152891548677499,24.696948340521885,0.6599016310180619,177.16731518348584,1.0034154137792175,190.3352609246222,38.28316954912125,176.5140918204525,36.44055520101277,64.12517361854718,23.867963141174148,47.45450997672615,13.437048680247113,21.30493657756679,5.673463927056085,17.66500404377012,2.5583814804774536,26.646702907355436,2.5461608435230527,36.461833361442274,0.4670453917788979,31.00294178153194,0.1035200777581257
605,3,446.0,20260116105334607,3,是,是,202.0,base_info_20260116105334607.json,,51.36813693799368,0.6462111226908994,51.793928687788345,1.0173585948173562,237.80808764935003,22.795133456910587,213.0484850322416,60.22894145439305,194.4413390753701,9.86059826749282,220.6422371181145,10.514144730408534,150.78323812866935,105.47784000323196,222.0089202619039,12.894238736706368,67.05641508019065,52.116992322894376,52.031777031356064,47.1148770263075,142.5787306263261,81.39286534138552,142.00849868545006,99.12884480463532,225.5751822890145,6.162641006459628,91.62975442015436,100.57214483663996,99.1783808225068,96.23161991376033,42.54616409879912,1.7294473934607657,28.115721824502003,1.4862410392946477
606,3,447.0,20260116105347221,3,是,是,30.33333333333333,base_info_20260116105347221.json,,,,,,,,,,,,,,,,,,,,,,,,,,,,,,,,,,,
607,3,448.0,20260116105348848,3,是,是,112.0,base_info_20260116105348848.json,,41.87346162990054,0.7426942867237628,35.20163302407416,0.8566139330514448,235.70248691004187,10.04166873223098,236.9523674869033,9.39058651894798,208.9749686662861,8.059118335981431,231.36447472265044,8.831289228209917,233.0052991805516,9.37947982412403,234.37694400346444,8.289940849845419,3.4510512437803755,1.78646183341571,5.25628795356907,2.6125602455192087,223.7563469189115,10.258568295520671,223.56401011005983,10.101764222222991,232.1481012035085,9.874052032078325,15.77408823141287,0.043635265871615,28.127449448586315,0.1735869929726744,34.58761092713644,0.1836957389538131,28.195764090699218,0.0
608,3,449.0,20260116105351848,3,是,是,66.0,base_info_20260116105351848.json,,30.78964485638913,2.538517953932537,20.37802138048864,6.305386911896457,193.45501918209231,43.78293781084276,31.1989647710968,3.4492926319121926,178.4595231800038,35.867865102961545,191.56176553115412,36.30386010435586,137.1030200981545,36.57059659571724,82.06641886369648,35.13939759483069,189.02429729248303,36.73745928683512,190.5099998495621,35.965061979618255,67.76150468357854,71.56013295092743,53.56887849310632,20.389663122976664,30.16871895282601,13.449451173896804,137.17708515678507,24.104603884114557,23.01179889020503,0.3748262272522997,42.14148432482494,13.93384794734885,19.660218797855403,1.8438718440676811
609,3,450.0,20260116105355080,3,是,是,85.0,base_info_20260116105355080.json,,,,,,,,,,,,,,,,,,,,,,,,,,,,,,,,,,,
610,3,451.0,20260116105357892,3,是,是,144.0,base_info_20260116105357892.json,,45.31787472457239,1.1277437940195785,39.44189294534016,0.7178020358468864,102.36454668941911,42.41666052997071,54.01218766418764,0.608277450845984,66.48225222303991,0.7549657403271606,65.22531354736624,0.2903173434958997,27.39021661932393,0.898915549108925,181.2302925606938,6.93206281860513,83.66386514863768,24.6416004813272,69.87365946973706,1.2397695860241988,36.43081365145131,0.9222686855333035,32.50077156582143,5.547579220115553,18.690884437249206,1.419256039288421,16.66061967620574,0.1946609410360132,27.52907654201168,1.003807754996839,37.31735828812543,0.4875517133533824,29.34870128546828,0.2638357933923332
611,3,452.0,20260116105400697,3,是,是,104.0,base_info_20260116105400697.json,,,,,,,,,,,,,,,,,,,,,,,,,,,,,,,,,,,
612,3,453.0,20260116105403190,3,是,是,79.0,base_info_20260116105403190.json,,,,,,,,,,,,,,,,,,,,,,,,,,,,,,,,,,,
613,3,454.0,20260116105406177,3,是,是,83.0,base_info_20260116105406177.json,,,,,,,,,,,,,,,,,,,,,,,,,,,,,,,,,,,
614,3,455.0,20260116105408766,3,是,是,111.0,base_info_20260116105408766.json,,31.87155858764965,2.051237876775441,23.414264276287295,2.6226163432698355,212.93000835181,21.85425881925542,229.26102099579376,7.1193202888892815,98.41405066731596,47.08704103284112,102.33862134020391,53.560395413782246,25.676291725305564,0.3097284338700752,235.3405733458717,13.973034627733352,23.775628931569877,12.265537600290925,163.57752795706054,84.0301278026494,90.69449036228744,66.49341640480243,31.98271613964389,1.0501043798759333,15.355227615501088,0.2224158342065031,14.338696057274076,0.0009032496403377,25.43579112962089,0.1004338537085107,38.140696926466816,3.65376341930028,35.496739700629405,1.5498115928338487
615,3,456.0,20260116105411713,3,是,是,108.0,base_info_20260116105411713.json,,31.871224993431696,3.269062955848504,34.70586789805464,4.972158791190627,67.78430035312783,33.293130845271335,180.04144785742074,95.6870380569967,221.6001475559057,5.52821103218449,209.8867203484787,11.525418869853056,24.69281904190232,0.4564262375801899,153.61048367961146,1.524451688076399,180.06409384131166,55.70468641285185,83.16725554291452,102.1277971217678,222.42935570349547,9.190275554975557,25.12096375139028,0.3301191150738205,18.31328661202761,2.598798225528399,17.426142022817466,2.393827209874568,30.834628580757187,0.5428618682440505,31.381683952686625,0.1671207876911922,25.31656484870354,0.7427724694795135
616,3,457.0,20260116105414520,3,是,是,114.0,base_info_20260116105414520.json,,30.093246806391544,0.2335344572710248,37.69904032886324,1.3502116772562212,137.91702673342536,64.5940475656587,188.3793928148953,46.50431154611071,205.7262887026832,19.9867203517116,204.67099297267805,20.14754057969108,176.98965937815646,59.681362409361405,171.2077634092793,25.145098634800352,112.14576774741896,37.39268544057404,55.85971582975571,57.906915159576734,219.0577920923226,20.243516660407067,172.94189650638114,58.478877242547455,172.505766225827,64.16319694731071,16.269752837430357,1.0191955599779032,28.270123576630528,0.885005129497239,34.17861156105729,3.7552383417149175,25.47185043912141,3.112822795952196
617,3,458.0,20260116105416829,3,是,是,104.0,base_info_20260116105416829.json,,50.33266478336356,1.6287946459589198,28.788084755534086,2.7326036276220265,37.37539856624927,0.5938891628030492,232.3287197968534,12.375378147263516,62.63077936679375,2.4342347859788123,61.80511118394722,3.258864335294227,154.99797594698154,109.07678600613416,174.68011479112582,0.3082187501230282,230.49073446716957,10.47011015234144,219.70018608532905,20.06802675410084,29.958327880339613,1.675849411627074,205.5719306419986,34.66842886684773,248.3771092061875,21.458077791864728,102.0432590480711,120.8151120054849,102.04055885465608,103.64693203003372,34.795043747607735,0.4884497450520151,25.528492929800265,0.2432835776501425
618,3,459.0,20260116105419328,3,是,是,99.0,base_info_20260116105419328.json,,46.237102769215134,0.8441381874528165,29.031946838905892,0.7499317817650952,234.48983342249076,9.681754036163928,237.13903017605895,8.278671838774923,122.04698531021772,47.99184174295849,146.4142280955158,56.59622241308458,248.55162422833368,24.466019421474737,265.5591435203283,8.907167508920265,3.6878200066259934,1.9537403629474288,107.95499024606,57.43386349690596,119.43567698740038,44.5415577536964,155.98056265101215,64.82971926615974,247.29171484149256,24.485912926659047,15.382232373334269,0.103334394083583,156.54281833266,67.83180601644968,136.9457247519862,65.57610238359389,23.185244480441067,0.2169783717091753
619,3,460.0,20260116105422492,3,是,是,96.0,base_info_20260116105422492.json,,39.08046119432067,0.5921202285447555,41.03007420236708,1.7941938308876564,242.46441275117343,42.0930357585331,267.5339850119642,4.942167579009738,58.71225745737669,0.6706925574139218,58.78644445033328,0.9167355168726375,193.08978623429184,51.066623277268434,209.7666639451551,29.457897441271378,36.37179445597943,39.976978668499086,231.6368782064677,4.737065870148094,169.8730928941615,95.55967269022932,43.01073314079465,53.76000415456769,189.24537962154264,51.68271900045752,15.703756614117744,0.3319629782021829,25.54573435634086,0.904673251998999,34.22864132771192,1.0589273063426397,23.7191590904188,0.4800807824602578
620,3,461.0,20260116105425096,3,是,是,61.0,base_info_20260116105425096.json,,,,,,,,,,,,,,,,,,,,,,,,,,,,,,,,,,,
621,3,462.0,20260116105427977,3,是,是,132.0,base_info_20260116105427977.json,,,,,,,,,,,,,,,,,,,,,,,,,,,,,,,,,,,
622,3,463.0,20260116105430339,3,是,是,78.0,base_info_20260116105430339.json,,,,,,,,,,,,,,,,,,,,,,,,,,,,,,,,,,,
623,3,464.0,20260116105432932,3,是,是,53.0,base_info_20260116105432932.json,,,,,,,,,,,,,,,,,,,,,,,,,,,,,,,,,,,
624,3,465.0,20260116105435487,3,是,是,94.0,base_info_20260116105435487.json,,39.68470758278846,0.6654580422384918,30.781435917506418,1.237994118032301,235.74038909432,10.862499262536032,192.16064514629,64.29656999831059,142.92146376588542,51.42528373729437,158.6914113154113,52.74899630277091,22.198527860230467,0.3702387450453194,230.40661116038268,9.275544327883113,50.28030448902907,65.27957496657439,42.97989021674974,28.78469823194199,75.37090704144104,38.33001277057754,84.04598405941042,37.36068718976926,14.021589442950985,0.1867446423389549,14.806143773301828,0.2546670280820369,26.970847474761467,0.3599130217429278,30.7748135230317,0.2564038312463124,26.83862446692093,0.2568355397140111
625,3,466.0,20260116105438115,3,是,是,124.0,base_info_20260116105438115.json,,35.114747714734705,2.1753196688748435,35.92333142129258,0.3349059538243933,238.96103035242672,10.429361805470156,239.8346765595597,10.236727945843958,210.5837867383194,8.788874270293904,215.79840963864223,14.099482784429131,240.5406382489053,10.572366046937775,242.1288299983336,9.495189099409096,3.304142665283156,1.7237920539288332,5.176137036837596,2.8306939275179697,129.92445573472932,78.96015761990839,131.2286394047285,77.6993431255599,241.5118776176784,9.710212034479786,15.14068905130774,0.0713973371048074,29.81089424114079,0.4322519432415171,34.66187568102681,0.5868187598202411,34.273214500935715,4.863575025585206
626,3,467.0,20260116105440973,3,是,是,123.0,base_info_20260116105440973.json,,26.99253796169441,0.3899544946215967,35.36111425580415,0.4446185818293008,230.7741006625753,10.07881004887532,174.74836704158773,93.33941521962306,72.59586023139198,0.5304494956872456,68.243544299959,0.2613613141966336,43.003558656051865,58.78806260145243,238.10650281500637,7.744464428350677,87.57412959388866,107.45070222721309,184.2844244406549,78.76800743102119,35.0418462008569,0.919677574352292,229.69727570576416,8.550500848723717,242.61131404478965,3.983669530448536,200.1915672165501,56.912515698925496,189.6103183669533,53.76891184151827,36.472231536547845,1.8514483766376215,38.79729737529578,1.1829777504837924
627,3,468.0,20260116105443504,3,是,是,58.0,base_info_20260116105443504.json,,,,,,,,,,,,,,,,,,,,,,,,,,,,,,,,,,,
628,3,469.0,20260116105446203,3,是,是,96.0,base_info_20260116105446203.json,,35.75873883291733,1.191461627642115,37.64708221250849,0.60239427205842,38.7329521110012,0.2761771953848789,114.21734729856564,98.42573557863923,155.5842650581816,68.67463798723193,163.59311100376416,77.51377815644177,172.44011410140476,37.82581184877586,176.90494961318709,0.1642632137406774,116.4762695608615,106.65972582043229,94.68386143677392,85.50651581096399,149.84451493475436,77.68681885355112,166.8180316156834,36.41339681679775,171.4766553818084,37.32441268509788,16.291633182486194,0.1163432886492146,28.79185018671072,0.6222344427232462,34.118498452424966,0.3187943120856409,29.815123675237327,1.1461882929169254
629,3,470.0,20260116105449131,3,是,是,88.0,base_info_20260116105449131.json,,,,,,,,,,,,,,,,,,,,,,,,,,,,,,,,,,,
630,3,471.0,20260116105451335,3,是,是,107.0,base_info_20260116105451335.json,,40.639054716938126,0.4978867374928719,30.832739852046515,0.8699717939621885,225.35082279911697,9.503153187389849,58.41318758752936,21.898433967785028,71.21633501887847,0.1131595734860192,60.06625491213193,0.1917957396982612,239.10292621194316,10.27575682950244,224.07003688106437,25.561953411421364,199.3533566760221,33.16376295902525,80.14150619716192,14.768075864257794,34.04352653894145,0.2306265946166731,232.1981177614581,9.834479485655276,220.10406958831723,24.11389373959059,31.206230036545985,22.736758513882624,30.27988892900782,0.3801931798165927,34.31372979806685,0.1788891832223537,32.40625559020947,0.8479395663142703
631,3,472.0,20260116105453892,3,是,是,113.0,base_info_20260116105453892.json,,48.19697713012567,0.7926898813775206,32.41352783368541,0.2489428818094908,234.79963187952475,4.715378224195215,234.94021470277008,4.644519466174827,117.27806331952132,52.85443990897613,141.85889414574646,58.41195689804199,271.9609480655111,5.001255425120702,273.26236866640653,5.95887021266669,1.5324199344604266,0.767467894097376,107.83237316818962,69.02063560670186,114.68264700595044,48.855251660697554,217.92174670778,26.227488605577893,271.3623775366368,7.498020245183718,16.91673141095217,0.1316933346744559,197.27175443812317,48.68424284789636,174.13025654844373,48.11226833050847,26.898470889856767,0.4738834642732118
632,3,473.0,20260116105457053,3,是,是,119.0,base_info_20260116105457053.json,,45.18147270166853,2.962818329769233,27.498938489514146,5.435370180052745,232.76971388696663,12.628291251304637,226.17066330276884,16.15896014110392,215.9169304000001,3.463629881129563,239.50512379064224,8.472600923084437,24.024336160479557,0.4297895556015712,257.85812388096286,3.599709129562884,7.02444056811823,3.7527452184722,10.619100942443346,6.528467141952576,2.6804695516959893,1.525624706745862,250.01166081214197,4.234340903452273,15.577042707250191,0.2046667325441997,17.064282466588484,0.5250418101995893,25.772546561839523,0.4035695789431002,37.643369549128565,1.492295676170083,25.241722825507757,0.5405643123198783
633,3,474.0,20260116105459691,3,是,是,76.0,base_info_20260116105459691.json,,,,,,,,,,,,,,,,,,,,,,,,,,,,,,,,,,,
634,3,475.0,20260116105501997,3,是,是,94.0,base_info_20260116105501997.json,,39.61810776652435,0.955324691899586,33.91280157809461,1.274319629698392,217.24478920014008,20.63215418507693,183.1838319883792,40.87581057029841,109.00506172748996,45.648373501341126,117.240896896606,53.96390434870813,23.04603585133729,0.1595297205631904,215.35729144404567,15.797912072998496,43.732445461393375,50.27501919940488,82.82336376606064,68.28795823060209,105.1568241969768,59.92692303432328,24.23494505691748,0.2447350530330945,15.398199754977488,0.3604771918907888,14.63023013175546,0.1951376275980819,28.241564868879838,1.533951176971034,32.34324631517646,0.700228315930001,25.822276147631,0.4373262420569586
635,3,476.0,20260116105504845,3,是,是,110.33333333333331,base_info_20260116105504845.json,,41.55198438291013,1.165807987283101,76.83400499164624,68.10848644076316,111.64283313603482,61.933725602731485,110.50001942003787,64.36088852032974,70.68259089750843,2.235786166816488,62.98156625346334,0.5454264877446937,26.25752039672537,0.1772363118676086,239.32406939484488,14.448435632955702,212.00685487209205,17.587773435576693,66.99256458364954,0.6784969011843693,35.11474297863622,0.7788450122227901,27.188680175835856,0.0847791278732046,13.742306655868711,0.2449988813685516,16.56630975267473,0.1424247283349745,29.58336725350241,1.941734938419127,33.96244280437276,0.321509661333434,32.00108238067066,0.1537420188151053
636,3,477.0,20260116105507457,3,是,是,54.0,base_info_20260116105507457.json,,,,,,,,,,,,,,,,,,,,,,,,,,,,,,,,,,,
637,3,478.0,20260116105510544,3,是,是,124.0,base_info_20260116105510544.json,,44.32400338818943,0.341243046764958,34.747501710917305,0.7310066288399893,44.55288769799736,0.0997810721361697,218.0075807782914,18.666185441040746,199.93563967861965,11.676850343877826,224.15098367544823,12.734070460214184,224.52688730251325,22.287457238698327,187.59317972423275,0.6012488941830799,225.1807616918124,18.62971797148633,13.807501617510557,7.565318155539498,113.97571727786011,61.44586403561346,109.43662742080843,74.45679050450993,223.12332426867735,22.37913687857888,16.769681241468064,0.3642245205510379,29.27390036586949,0.3948857976824387,34.62162939522039,0.161148408324002,29.450225750416777,0.2825049480957446
638,3,479.0,20260116105513557,3,是,是,81.0,base_info_20260116105513557.json,,29.51258240399356,0.4910546092295883,30.04281998209304,0.4378400011723785,250.61635784288052,4.994682440610269,164.67671780429467,43.31828993557034,64.56186514563908,0.200830865490232,56.38430396272983,0.3528005212876517,24.878280828906643,0.0893825942687838,238.9362008395936,3.860905173034139,87.95785219662291,47.64880404397117,161.11154222162006,41.06983500389618,32.15782978553742,0.5183411394160058,27.64700377495109,0.1875753497421285,15.087935624431896,0.232523722282906,15.052936294344937,0.396963099356917,22.86703923969784,0.1669279411991596,33.63171417427593,0.2244773444415818,31.725129033746896,0.6122298507889636
639,3,480.0,20260116105516416,3,是,是,90.0,base_info_20260116105516416.json,,142.1369620590356,86.38808863173941,37.52129926457093,1.9412694738127512,237.6906234568725,4.722742965241616,238.06981753894925,4.532918250644242,69.13843519355102,0.7559742941076025,177.32049050342107,78.32244175603742,253.49713312726217,4.846823450809564,253.40401592020785,4.653096810636119,1.6869077309576963,0.848220213252366,236.1201567831568,4.406495267236592,30.931233577011223,0.037091705772519,242.13400687333183,4.78271368800532,253.1917670221147,5.0214168741255465,12.797011800270704,0.0702284966280079,34.531815101103774,0.3455980327091646,146.52683016684338,40.701944351729765,126.0442813797186,39.79525234549734
640,3,481.0,20260116105518892,3,是,是,121.66666666666669,base_info_20260116105518892.json,,,,,,,,,,,,,,,,,,,,,,,,,,,,,,,,,,,
641,3,482.0,20260116105522178,3,是,是,74.0,base_info_20260116105522178.json,,,,,,,,,,,,,,,,,,,,,,,,,,,,,,,,,,,
642,3,483.0,20260116105524904,3,是,是,111.0,base_info_20260116105524904.json,,,,,,,,,,,,,,,,,,,,,,,,,,,,,,,,,,,
643,3,484.0,20260116105528270,3,是,是,81.0,base_info_20260116105528270.json,,,,,,,,,,,,,,,,,,,,,,,,,,,,,,,,,,,
644,3,485.0,20260116105531403,3,是,是,121.0,base_info_20260116105531403.json,,,,,,,,,,,,,,,,,,,,,,,,,,,,,,,,,,,
645,3,486.0,20260116105533973,3,是,是,69.0,base_info_20260116105533973.json,,41.37171599374478,0.3428015072672667,25.598167398880097,0.5257602302140261,133.12509064255664,82.91876521439455,173.55445987809227,39.01161965806661,55.999986020399234,1.9434462759254016,55.54796523741479,2.7470683234223285,256.64246206307604,11.25543654475517,202.5108018850956,49.19081202675433,89.14368197224996,25.972372429870088,159.4101984778055,35.53702423434135,38.38590580673687,7.719277630860416,235.7236558021849,7.7541287792503635,257.32537620292163,10.7881401255596,14.163405868451036,0.104958185708411,42.32504759787111,25.75612983793507,41.60238712726783,16.177637359448983,22.946735031275423,0.2272655958548994
646,3,487.0,20260116105536750,3,是,是,62.0,base_info_20260116105536750.json,,,,,,,,,,,,,,,,,,,,,,,,,,,,,,,,,,,
647,3,488.0,20260116105539286,3,是,是,81.0,base_info_20260116105539286.json,,32.58188377971916,1.409809770917609,15.409832834814631,0.1897938135378906,191.35796386018123,17.82794573527483,39.383307420360815,1.5808775440211424,66.57285033185617,0.7822101217350504,56.02194740330781,0.1784729447295524,166.57959395129782,101.43472132136344,230.74048667355285,16.78347362806878,203.21140389500135,22.280348026565843,63.817605165350415,0.4676156232086344,61.33402422975141,25.611604160198816,124.98576346718332,65.17964432955498,91.58879693158345,109.84452135949132,88.74409435816916,103.65934228407689,86.04799010548494,88.83892839817449,33.32171147845802,0.8769051460281433,28.11839035542336,0.1218471026430426
648,3,489.0,20260116105542251,3,是,是,64.0,base_info_20260116105542251.json,,,,,,,,,,,,,,,,,,,,,,,,,,,,,,,,,,,
649,3,490.0,20260116105546111,3,是,是,82.0,base_info_20260116105546111.json,,42.65887096482311,1.280149622757625,25.383671887526884,1.3003567359287422,129.07683821027214,74.2513433574376,214.98338452028875,18.530863062987112,194.2133844822116,17.140117734215742,221.59501766070795,19.098803084935327,87.06384964650312,90.47381651689186,198.0366336568333,41.72791465351396,97.90176537478423,84.85936962848598,8.365315940208147,4.487473632126928,173.99142371739035,58.64837848296075,121.55826591196576,67.51792003933103,79.92632931195519,93.98190159515876,14.48352942226288,0.1290577575603065,25.149153565411297,0.4872074426674084,30.248623297287907,0.315448092911568,22.69821101933938,0.4166841141270994
650,3,491.0,20260116105548408,3,是,是,105.0,base_info_20260116105548408.json,,33.804681358496644,2.5498227309907366,18.95786293206494,0.5198891817466744,155.7491973724295,36.86545285628519,44.52876656165015,0.2055909054556986,161.08325015861175,30.390804619837688,174.21482395111377,36.89747467338207,143.3408091716074,40.38566326066395,181.4189393215508,42.32042564467488,175.79313218793035,37.56280597803728,188.74206284307505,30.436843380128483,154.71453769072522,54.22898980162754,48.12111250048724,12.152163797856533,32.56023047744022,13.955317297622816,114.09097729216562,42.48219569221203,138.90009757126867,41.43975732195173,69.06027843610705,47.24321062246184,58.56805215799678,43.49865608031393
651,3,492.0,20260116105550908,3,是,是,71.0,base_info_20260116105550908.json,,36.68559414686362,0.5497947141652667,26.06561150158363,1.9733450951950968,34.285177842495905,0.6388975681060781,87.52759497072486,33.123321689068874,62.92244223694573,10.80053462897935,70.11220726966795,16.434228477278783,213.42774903949496,20.629191352388272,153.41450317458316,1.318282831823561,93.07399162316352,38.50729501358817,65.72182016345094,13.734840521478734,49.95322987178845,12.90058800866841,187.36806656724025,28.20453107260793,209.98476720590625,22.636853046141653,14.591958532412932,0.6733376570233638,99.75967292465477,79.07536822864613,90.36168037403117,70.96305750539504,25.5652415492992,0.4191817916747392
652,3,493.0,20260116105553269,3,是,是,86.0,base_info_20260116105553269.json,,,,,,,,,,,,,,,,,,,,,,,,,,,,,,,,,,,
653,3,494.0,20260116105556614,3,是,是,62.0,base_info_20260116105556614.json,,,,,,,,,,,,,,,,,,,,,,,,,,,,,,,,,,,
654,3,495.0,20260116105558809,3,是,是,84.0,base_info_20260116105558809.json,,,,,,,,,,,,,,,,,,,,,,,,,,,,,,,,,,,
655,3,496.0,20260116105601147,3,是,是,109.0,base_info_20260116105601147.json,,109.12834847644946,65.5173728105875,18.883100195177757,0.502193918921944,62.56079375607456,34.401762177429866,116.69973406162012,61.65128005791033,71.00196472211526,1.7907837048980275,140.62178869841657,65.90538418273808,36.04924721858987,14.920919523801272,176.6696726222767,5.376722858282343,83.96147668451188,73.9804381385707,141.30611891460163,62.35100764537967,46.46850151307487,13.014375509309556,123.82078603981672,41.37467084703852,170.7768014328285,26.38253534340317,192.07936064989727,40.56393416633191,178.83040175950077,40.13654128385578,36.81260348270876,0.9244311082396568,124.39040115043515,74.51021244831486
656,3,497.0,20260116105604244,3,是,是,72.0,base_info_20260116105604244.json,,42.35339228594856,0.464015455841514,26.57629014162812,0.1204662082472528,36.82317275925584,0.3395648128759058,200.9847855051124,48.15853742891999,56.23987336063444,0.5376542601789015,59.78914013487094,5.367347818343078,103.5472632959158,50.07428092885684,157.44637639952637,0.6259642372838039,199.4144389946232,47.68899808118184,172.9599055984523,39.74152107691515,49.78946185464508,21.267034458346515,21.371439189817973,5.666304315226072,103.2383039202458,50.3151840716802,14.26117361915309,0.1025004910754166,22.733361708663814,0.5625998895563865,32.015739993369685,0.1858873995737679,22.466430815196617,0.2959725663575372
657,3,498.0,20260116105606403,3,是,是,136.0,base_info_20260116105606403.json,,36.97941226567959,1.3575130545124825,19.39444332125429,0.355704074198109,157.67824970687275,38.87168309087309,159.89658252101214,37.66379680028998,164.19513247252883,30.914909488894065,159.29061232867076,43.600449931738446,101.7655223034288,67.55813922483094,201.1376159071849,26.482809682648043,13.084476877936906,6.921655895077381,23.442244050701003,12.271631400960748,170.5077485996965,36.74955990547679,152.38641503805812,23.37073393693979,162.47396495783653,27.042073027437294,73.67545179247902,82.43758845080295,77.3838848476676,75.21037225023727,69.17851883482398,43.96973646603791,56.69126652014516,34.87748066469338
658,3,499.0,20260116105609648,3,是,是,131.0,base_info_20260116105609648.json,,37.32506853314259,1.0760855292110236,23.60446698632217,2.887523975626339,221.1801731377376,8.5659356800858,221.06600134487573,6.668602015833253,73.42577640558419,0.394939714591051,64.13069035592964,0.8101259128248482,108.13595837049397,80.87183319577746,48.22797809420691,44.43272881615375,2.688595476067828,0.6048481321229879,240.86660500151265,3.8065595412425295,128.6449388326079,61.698894504584935,114.79528883241824,72.63743589111387,42.69542167280858,44.81561932744476,129.8255138506266,46.49216845046022,35.81155033596496,32.491475013629675,94.50744849522306,75.04262823672647,29.70525470179492,0.1435162988107551
659,3,500.0,20260116105613447,3,是,是,102.33333333333331,base_info_20260116105613447.json,,34.73774797473405,1.7679706147747027,54.79447604197407,32.15607096016789,149.95894438759447,40.82041827868462,175.50063361558168,58.573431332131214,68.24789612337146,0.4424993636308865,64.5941404861083,0.9608588509102476,110.75647920346056,63.12734678047725,205.50205831722383,12.31328689978491,28.75330619541036,27.43327776083012,208.3553274199791,18.694846570171617,35.91002767951114,0.1114722463438066,145.40926674160772,39.392144338221165,150.24338436669515,41.47943251726024,67.66918820321195,42.89030332174169,66.58264558566724,27.76555011048642,36.38654337856268,3.782027179685564,33.69299514766683,2.7102449571745053
660,3,501.0,20260116105616398,3,是,是,74.0,base_info_20260116105616398.json,,35.8093823979676,1.6343298571783356,29.237376447620644,1.91233230891819,38.082432232500345,0.3475788094828974,169.37232008196435,56.21495174073549,161.68809773207403,70.47680113270773,170.23821913809948,81.39876087506993,186.7982785749925,23.89926185333825,161.76006852627586,0.7452219006097921,178.44630920838117,57.40591242538062,115.44188286584688,76.19717473255886,154.03051675418496,87.27241952162055,176.54108260284156,28.79955395334194,186.3168538540797,23.98709129697155,14.998205711214682,0.2241570376265824,25.777869909748038,0.553744049294241,29.03716438003043,0.6582594530291253,25.747907116634256,0.493334773514234
661,3,502.0,20260116105619453,3,是,是,135.0,base_info_20260116105619453.json,,31.639718587620862,0.1128019776266474,41.15165045785508,0.7431659406869753,207.5995057585293,70.55326680172911,193.9942066063289,43.163243747172366,109.30848554792732,64.01767440423514,105.21438307878346,63.39414503086897,64.63105559106883,33.85130738810239,207.37939666039787,39.4066689417308,83.6268151643515,50.70175592153746,101.27938796520466,58.649762734267725,99.47736777960748,81.21502895603686,74.17918533983608,37.83295315550512,66.10184118972185,43.4761894255082,18.10879841955781,1.8717945089970367,29.48374669022532,1.0022397294022125,35.63770872553515,0.0561839424384636,29.61931158761209,0.2152701961110322
662,3,503.0,20260116105622557,3,是,是,106.0,base_info_20260116105622557.json,,42.25692489337751,0.7626728680169833,38.343416993887935,0.9337359335679845,234.1315684141381,22.237924451743098,76.4758422978247,35.038417860185795,207.13664410951003,17.345003809199277,223.19085687703287,19.346487616747517,205.59199883472897,17.757648380828204,210.70808023014584,15.935566846608666,173.97520654708387,43.95689513221024,181.35817605890392,43.018375882794274,194.63224030478628,18.816554223141587,25.803574511424625,0.448235542637955,15.030522663330158,0.1170906428079438,210.17403008065824,17.46139495239782,210.9832075154684,18.6026896960473,35.52735223737809,0.3643599297404606,26.352860167294025,0.2858417928330802
663,3,504.0,20260116105625830,3,是,是,95.0,base_info_20260116105625830.json,,,,,,,,,,,,,,,,,,,,,,,,,,,,,,,,,,,
664,3,505.0,20260116105629402,3,是,是,93.0,base_info_20260116105629402.json,,,,,,,,,,,,,,,,,,,,,,,,,,,,,,,,,,,
665,3,506.0,20260116105632969,3,是,是,109.0,base_info_20260116105632969.json,,40.58622042284068,0.591598083828447,35.08633036288302,0.8621591585463168,126.45876250973106,75.8453931304838,259.290273197485,3.016060296048942,226.08789508362847,2.783097510361676,245.6528132751538,3.675291388941401,25.80093940528752,0.2847434355801445,182.2705866548375,25.23535395797323,144.84056510523484,91.43890272263532,2.0642292280297485,0.861706613561981,39.89598263415672,21.32101250356359,193.40795754448837,22.76273450764173,16.424548215756918,0.4884720492819027,16.231427086510596,0.1860212641832808,29.00742097352654,0.2826409282461848,34.01421607611263,0.248390872322397,27.474567981991928,0.2408528938321418
666,3,507.0,20260116105639753,3,是,是,78.0,base_info_20260116105639753.json,,,,,,,,,,,,,,,,,,,,,,,,,,,,,,,,,,,
667,3,508.0,20260116105643360,3,是,是,45.0,base_info_20260116105643360.json,,,,,,,,,,,,,,,,,,,,,,,,,,,,,,,,,,,
668,3,509.0,20260116105650297,3,是,是,90.0,base_info_20260116105650297.json,,,,,,,,,,,,,,,,,,,,,,,,,,,,,,,,,,,
669,3,510.0,20260116105652860,3,是,是,73.0,base_info_20260116105652860.json,,16.712341941979776,0.684529483195849,28.980628866713413,1.8710975780378756,228.92056051956,13.648818996535676,217.47543171551987,19.75236812203601,54.83387880058304,2.1676681338751203,52.64266888321686,3.6418183026818873,222.20681227448063,15.97967540790783,185.2756883933105,38.168138812882326,11.757522553588748,6.284179130055705,179.64563888882336,35.1225954502881,47.04561674671788,16.84410584043465,25.510497374663743,0.477221595571752,47.860069236357226,25.903077391080966,176.1457122122571,43.0887164671844,215.40001269797853,12.495092808338518,84.3463053861126,70.54125336643116,82.41987364114505,57.49637823724939
670,3,511.0,20260116105656731,3,是,是,139.0,base_info_20260116105656731.json,,214.9518951811624,8.431305780404024,40.29934569309808,0.0645483143296259,253.4061205789059,1.368278543771408,254.94441220594885,0.8374649600496005,120.89397907362635,67.71881234834343,154.21400555547476,106.58831070360786,1.810795306435992,1.027595290591837,255.20734782131,2.0330626911194862,1.5904111758073736,0.6018920318306807,159.5621554620162,110.00315725225182,63.52015540037203,35.44047171197848,201.34964250427532,59.28832007545151,256.00414782373497,1.8724905439810455,254.20714651741895,2.8723931860250285,230.64959945470517,2.6277212650153063,38.10788904990269,0.3390741403777464,240.9939400013359,9.506519011884537
671,3,512.0,20260116105700490,3,是,是,90.0,base_info_20260116105700490.json,,,,,,,,,,,,,,,,,,,,,,,,,,,,,,,,,,,
672,3,513.0,20260116105703411,3,是,是,83.0,base_info_20260116105703411.json,,44.99006216162624,0.5794807936324267,28.458755529098408,0.8231877257429182,147.10158081707297,77.54784860212337,228.477642445136,8.696788419015657,79.6005100576793,20.148245766214508,80.15747741162578,38.00853094854869,260.16029613718086,11.309977048101167,220.72763378169967,36.46906757280199,94.095701316271,100.58455187251688,190.5964292128978,52.05820757785035,106.72363677277606,49.45137772794003,194.44062479310568,71.90652468378181,262.38376116298633,11.017983312106322,16.048671619378002,0.0660105511015913,259.16103500937106,11.52967007946104,239.4692422619547,9.50230006042712,21.94639922082481,0.2286939939677647
673,3,514.0,20260116105705998,3,是,是,99.0,base_info_20260116105705998.json,,35.402288980300284,1.0976988844108002,25.00017234084824,2.8659551726617885,171.56307790183777,37.58829906491109,173.1458589846965,36.94362084838864,68.20302007555175,5.61236402773504,66.6083726039097,8.759267687913413,120.47064937954823,90.81777902369376,193.14263656852503,30.90307552578821,12.953124914658076,6.835297429888777,142.2977696592839,54.38578649715712,52.63743709472848,19.99487132360869,140.31473746991264,93.17466849983708,182.187185718339,40.734573494172935,73.8194903849818,85.00474121952018,76.57559635800804,72.93911748167832,33.28310360640696,0.9015937166501772,28.58568547421616,1.8477516993099508
674,3,515.0,20260116105709429,3,是,是,110.0,base_info_20260116105709429.json,,46.35619254081842,4.96450922303808,42.11632538076585,7.012199766420373,48.98559853361454,11.83599294059629,42.22619499052531,0.17266503407313,80.3966323650506,2.8098115432541007,61.28593482526329,0.3631764118155683,25.34957059107167,0.1557677553456774,171.11901035418836,4.316893382573318,54.04794476493405,10.785451461207725,70.46426567795447,0.5009055179391732,33.74791978809032,0.4583407025185909,32.10776606793224,1.619801286716798,14.32154300741042,0.0656332280641954,15.297015049113122,0.1306142710825641,29.095356044269607,3.3939450794877013,35.86018020510324,0.4085769163562422,31.58793141809798,0.0702470130642772
675,3,516.0,20260116105712075,3,是,是,68.33333333333333,base_info_20260116105712075.json,,,,,,,,,,,,,,,,,,,,,,,,,,,,,,,,,,,
676,3,517.0,20260116105715142,3,是,是,143.0,base_info_20260116105715142.json,,128.3066961714973,35.324482828271634,50.545852281170006,1.0361506156078049,242.80859295150933,22.87417648796787,56.04117590335741,0.1907413983956069,177.20161511164167,34.73872103272815,69.17888178367446,30.679850624251756,233.58094854926935,9.68941789722743,215.542387524315,15.492494921819215,227.10134485691503,22.924587664289213,207.75737947601596,36.131688822436544,49.77281118800207,30.24002051510209,2.059487304647343,1.1163294488757456,229.1363404626913,9.387652125550757,18.415363799884243,0.1460967260379585,155.31969528118103,40.23174490159505,164.39977479145702,39.33837239486712,145.8649421622891,35.79162309790195
677,3,518.0,20260116105717798,3,是,是,144.0,base_info_20260116105717798.json,,44.47054995611165,16.75360883305734,34.44163879578625,1.945189627135996,38.64562521749105,0.8250954384381852,206.57803718721507,21.28440966425758,69.1214352586211,5.323990820243376,82.32637417388769,11.448478437838984,209.0223761811086,24.579001853504952,184.9115761749564,2.6217845956014125,219.34549809755237,21.95908696537303,166.38332567975067,44.37478982083111,50.86204795712418,12.946024120573949,31.00349138789615,0.6535370141127773,14.47524407949185,0.162424634884347,210.710844292151,23.97104001312707,202.81447459599264,22.47107242380916,37.637936939332086,0.4981144972938676,68.11671805013565,20.76865784894327
678,3,519.0,20260116105720658,3,是,是,134.0,base_info_20260116105720658.json,,37.339991471468295,1.0905660807511233,38.7477117485094,2.1083934680472387,186.75647575387012,43.17629519599649,193.73468478900065,39.32857890710738,201.87882267500427,15.481651118552993,214.4193468960956,19.67500565761944,167.9835995713626,73.73525598229273,176.89174837621724,27.83474562768398,15.102615336103012,8.147533566508358,44.304634582583134,23.41251817317392,192.0395572365021,17.896383593700598,154.30824319280086,70.78639638357991,149.6406745630685,83.36231206991434,25.091570634327184,6.862992042242412,28.88998142897764,0.3887450791219382,33.64122577696969,0.231016815419435,31.650433388030223,0.4436023145153752
679,3,520.0,20260116105723154,3,是,是,148.33333333333334,base_info_20260116105723154.json,,39.34467923769791,4.388470190898718,32.24504437245025,6.979106472146237,47.89114581633015,0.7372070097950696,48.18936056034721,1.1431848964763542,85.39585260403688,3.955133377120247,69.3537552467365,0.5851936207128177,119.8304257462607,60.305183074773375,187.5842284833064,2.237805354951855,45.28950013592921,0.2666838193857785,79.37068320797395,0.3650711498546255,34.7927261632423,0.0963482505863608,224.51838117934764,23.49234422334449,225.30331269413304,28.563013398103,115.66247800916544,74.62368098329495,112.93109640245171,67.60463189137593,43.63824571469228,0.9530006909114668,31.07733200121143,0.2864217447433252
680,3,521.0,20260116105741530,3,是,是,119.66666666666669,base_info_20260116105741530.json,,32.08918907221747,2.2714273963179346,32.17836296436116,1.1502470650468948,217.30170125871012,26.14181913210066,226.97409388753672,16.600679823061164,193.29384185790664,18.62736067026282,186.4174030017297,30.467888589266103,97.81484331884504,102.3309751989217,223.97374241175007,15.899579933377828,12.482224576098425,7.823188092513477,11.16487855502283,5.781987926874086,215.58080293665853,16.735373340278993,31.52984660610524,0.1633033575342999,15.135872123528465,0.4327226780131523,90.7928047925798,106.20943206508136,93.96889838862728,99.62707278344531,32.750353086585534,0.3453918766459828,36.16714991956192,7.971448550094404
681,3,522.0,20260116105744304,3,是,是,110.33333333333331,base_info_20260116105744304.json,,,,,,,,,,,,,,,,,,,,,,,,,,,,,,,,,,,
682,3,523.0,20260116105747210,3,是,是,68.66666666666667,base_info_20260116105747210.json,,39.27871053408436,0.5906744305446435,25.96703075740108,0.7309893420507113,207.0873483833856,19.951812887297915,103.67035882966935,88.32505626221963,58.92268645155821,1.257937488586068,52.58318839333433,0.0930642068590839,207.38810172146395,26.427989091100383,207.8262969755544,25.93600039834233,131.33403788372422,91.99463863599732,111.66281140590104,77.33516446744218,32.460566928249655,0.342836722721408,219.94204105219532,14.84010472770054,208.623919437916,26.511150863433777,12.11643371585142,0.6756278154946831,79.93601990043713,74.97288038515995,81.83512427595709,71.53059055589968,23.67491806641208,0.1986328745595273
683,3,524.0,20260116105751007,3,是,是,111.0,base_info_20260116105751007.json,,37.33910969580102,0.8419883310444966,26.9876856592488,2.7646246925276965,39.08815772383589,2.495764683131411,210.6671201888339,17.471858313051484,66.73681477529891,1.8344780310037807,58.56945866111436,1.3042566362078525,220.6725084368455,19.61419292030381,174.36255097267153,2.0559993892374857,231.19881466781564,19.77963346652599,217.9060736309625,19.00067007411732,38.4801259118586,4.198157179261538,31.315776578082836,0.9771651736622088,23.23775131389966,7.253098189035157,237.26333068338369,9.736568442246906,226.0348341060671,11.229644455417686,92.70074698387168,40.48852925602867,84.70847578623986,41.16633414476316
684,3,525.0,20260116105753687,3,是,是,117.0,base_info_20260116105753687.json,,45.05394174924307,2.196632998171036,35.13827187274733,0.7924060562741676,219.2002362231287,19.93551169085424,221.24082513265748,18.850092507843765,195.6873110128004,14.987480344362348,219.3737132348972,18.844237053381047,244.51079020706325,10.562537971325698,85.84814999112159,45.58353828297473,6.365317172601238,3.4162272172865538,10.552091894903782,5.68816106322419,4.830223132150247,2.5538810327918027,17.078033343819975,8.5741195787736,95.12303993507436,50.23795947632614,149.97626862311498,60.23512373850137,137.0245477323961,51.07268392339356,131.77628393185643,48.46920357882806,25.17584929988311,0.2030256673848124
685,3,526.0,20260116105757400,3,是,是,80.0,base_info_20260116105757400.json,,43.22255456121028,0.7843270938340622,27.81319902531523,0.3721398098181785,173.01430119601727,96.7371948730115,168.2806845674584,88.30514467543448,157.11870869932724,39.88658995553862,185.91990794404276,40.45568057582321,246.5865977270504,24.04771360830922,237.51447737668568,58.193150554767705,149.80088675889257,104.22073441720214,100.4956485407198,68.94965434896532,105.1837393448438,45.67802477596479,115.58730008294783,43.80735311765584,246.72127587489885,25.187345201391363,14.300362846416412,0.2233715327731528,30.70749273793481,1.5705740897732083,30.450544875548967,0.2771272532039263,23.020599150488252,0.1857367685859872
686,3,527.0,20260116105759911,3,是,是,90.0,base_info_20260116105759911.json,,40.71136694069033,2.640695784333133,25.418718237410417,2.6278084097265584,183.6728265429109,37.96921993402122,221.117870991922,18.71997126662407,170.08838232021898,31.02477856614933,192.6289193731665,36.698150472949614,90.00316479113883,49.82738272995737,100.40756674788872,31.65969214021278,39.02676209772147,20.33141017550925,36.30220475746479,19.14144051293739,107.23913183753976,43.194504936339854,23.446070792193836,7.531559892735538,58.20646862787439,56.36330953673748,142.42515823484823,21.96825370811857,29.834406827098107,1.5736868620677087,31.96008220508176,0.1877270806641273,24.06895085422379,0.2418516553390028
687,3,528.0,20260116105804057,3,是,是,59.0,base_info_20260116105804057.json,,39.14459311417221,0.7571391267983926,22.041482284191705,1.4126655350262565,34.31564988729005,0.376399656569008,209.23381844769935,19.35082193184941,51.93735287642915,0.2744106910433037,49.17104226732457,0.1164469797226012,247.05704294227576,12.436771567273052,142.87003605396626,1.340673715535282,207.48046199424545,18.47509898451956,203.07019084067443,17.197659275384773,28.554224431141364,0.3957210910954869,225.1778535040449,11.127038171120292,248.86307327315208,13.02040000794535,12.814441412522664,0.4127030145392171,21.62478731929069,0.1589237728420166,28.8082348896923,0.2620474266689191,21.851409528132155,0.1824753456002316
688,3,529.0,20260116105806264,3,是,是,81.0,base_info_20260116105806264.json,,,,,,,,,,,,,,,,,,,,,,,,,,,,,,,,,,,
689,3,530.0,20260116105808160,3,是,是,74.66666666666667,base_info_20260116105808160.json,,,,,,,,,,,,,,,,,,,,,,,,,,,,,,,,,,,
690,3,531.0,20260116105810089,3,是,是,78.33333333333333,base_info_20260116105810089.json,,,,,,,,,,,,,,,,,,,,,,,,,,,,,,,,,,,
691,3,532.0,20260116105811919,3,是,是,66.0,base_info_20260116105811919.json,,,,,,,,,,,,,,,,,,,,,,,,,,,,,,,,,,,
692,3,533.0,20260116105813620,3,是,是,103.0,base_info_20260116105813620.json,,,,,,,,,,,,,,,,,,,,,,,,,,,,,,,,,,,
693,3,534.0,20260116105815385,3,是,是,116.33333333333331,base_info_20260116105815385.json,,,,,,,,,,,,,,,,,,,,,,,,,,,,,,,,,,,
694,3,535.0,20260116105817133,3,是,是,103.66666666666669,base_info_20260116105817133.json,,33.79026327001213,1.331347621531675,29.990827824950458,1.6931137810638075,124.74612784019536,72.73299206987903,42.59074447980634,0.7964237006376946,114.6926857135907,65.04681422064844,114.25253541043725,78.46612400414321,41.72634307052227,10.39192998958174,191.29633780708585,26.949589481823992,124.48256083386045,70.02269820764334,122.80394015411076,75.91972952239624,101.54711569996957,91.01559606975728,97.1398957039608,82.04875523269328,83.56474635053262,97.60490950356608,76.25962525350286,64.4855352328881,64.4828231861902,59.28840818738745,34.82446462277514,0.1258255720295381,27.7863467301833,1.2942531995069009
695,3,536.0,20260116105818788,3,是,是,87.0,base_info_20260116105818788.json,,27.3904561225565,0.2656180940288221,18.51119483421265,2.0600024522478413,163.1134501432714,37.39360668421647,163.447813147153,37.19186735730784,63.96910486294488,0.7024780124716158,55.473482647370304,0.8296284104110458,81.22292721960257,85.07239914980333,204.42653645057808,30.56318671924924,10.69684391920154,5.630518502144865,183.11892337950223,36.376000225284464,30.2354181481568,0.3589995197851504,22.431188502573686,0.7844017251540393,12.758064828544486,0.3085523966194715,75.34587895886466,88.73150193361218,113.43498787748926,70.85290741143064,59.12867345886004,37.56345838661042,27.27412056699709,3.5055505678826777
696,3,537.0,20260116105820693,3,是,是,129.66666666666666,base_info_20260116105820693.json,,,,,,,,,,,,,,,,,,,,,,,,,,,,,,,,,,,
697,3,538.0,20260116105825382,3,是,是,158.0,base_info_20260116105825382.json,,38.21211583171509,0.0344795561082171,39.75342183546149,0.4963467079369369,253.21368984640355,4.893293517678124,253.5286617583912,4.707326146571528,78.0699082638924,0.8729435283376256,69.43584568291914,0.6903728074525344,30.16391553031035,0.0391850235725513,210.5080865567398,22.15070470581228,1.062562686592024,0.6219500099701867,244.11558883717933,4.905385304182467,37.39574144913104,0.2153670566842977,37.74838073277079,0.2862012559846559,42.13361618085864,18.058207705836796,38.49582028252602,16.521131305607422,25.747484217517258,0.2883057366605331,72.91111156427276,38.48096478172605,68.23878225188307,41.56418550281708
698,3,539.0,20260116105829480,3,是,是,104.0,base_info_20260116105829480.json,,44.24053060175749,0.1938484458046141,34.2010008828776,0.1131950058159709,254.0676295967152,2.624831937047839,59.02587591566535,9.504918102294754,62.20160168652978,0.1943414707805608,59.98185944394322,0.085159335223156,251.74177691622583,2.12429344489699,250.6348678419224,1.982402157188324,214.19395360849512,12.408888911328551,63.61131897390489,1.1361290170360938,54.99298197333169,22.04384990157698,191.03135859823405,42.31218513836477,250.0659595888632,1.9551184936314927,14.821505005903983,0.1729476815329834,30.05732984787875,2.7133869161336004,37.09520164968669,1.352349240555326,24.87928889799997,0.1086256789224047
699,3,540.0,20260116105832081,3,是,是,102.0,base_info_20260116105832081.json,,48.404530534949394,0.2886852127029185,31.952271992719023,0.0374157477368243,240.470626484169,4.319062444928894,240.7508002250885,4.181156747290467,214.7900238757381,4.173257216644721,246.65005976548076,4.109420901929586,264.0445289668971,4.748779087498529,267.57741411209605,3.494290906802409,1.4315488145875033,0.7066764443803759,2.220850064811385,1.118555611948674,250.0767010692153,4.279540316458752,249.3052687191944,4.6658195765400645,265.07486882109026,4.768876094278871,16.09839543771623,0.0703971451785812,27.58465333374455,1.099622248377772,33.62464975498862,0.143038488243791,24.03927226013104,0.2304672618136594
700,3,541.0,20260116105834084,3,是,是,90.0,base_info_20260116105834084.json,,42.52569210799851,7.866185705020385,34.06807604729317,10.724823291049626,206.09648564758905,18.84642481819786,40.88362976452675,0.3705688041994417,69.19573638501232,1.5180735792769973,55.9156909620568,0.556863403731382,199.32016144670524,26.81184809976462,239.7390732872877,13.5034383821316,203.0249996564703,21.60997856607523,64.32916930509282,1.383859953842933,32.98996135902058,1.605327515667658,209.8165424219368,15.397993593784754,223.09590187695855,15.193826509270044,28.3794752218828,10.304893112128036,23.39829458769526,2.52081620870881,176.8803075487596,37.93395714912663,169.00070403885942,37.11019070678988
701,3,542.0,20260116105835991,3,是,是,86.0,base_info_20260116105835991.json,,,,,,,,,,,,,,,,,,,,,,,,,,,,,,,,,,,
702,3,543.0,20260116105838193,3,是,是,124.33333333333331,base_info_20260116105838193.json,,,,,,,,,,,,,,,,,,,,,,,,,,,,,,,,,,,
703,3,544.0,20260116105849780,3,是,是,165.0,base_info_20260116105849780.json,,64.76633401592888,29.374890976155687,31.72987520879634,2.574982390449717,215.9340202041794,21.86726504592726,113.58769086928994,82.04508537499642,80.92530164586043,1.5307044941264183,112.5043575101688,26.302256525212453,29.336459714092097,0.137215825343868,182.386685329315,48.90929745081968,162.87306266275095,111.85696245633858,134.25475799502087,77.05764504843982,135.0172654387549,69.59695141542176,158.02957507768537,70.75523313730022,94.43527684170442,50.78850418120528,86.90260306730045,51.296693822772966,25.744074252368375,1.1394178644417938,46.69649531794511,1.365405651622331,78.42041415370225,31.71472053454572
704,3,545.0,20260116105853292,3,是,是,154.0,base_info_20260116105853292.json,,35.68195080183363,0.0694947967116014,40.34026002130512,0.0816312363174652,253.77382199289937,5.32170162475877,254.4662314748909,4.969635760736184,73.20043126252848,0.7324421642180613,70.68580710548453,0.1930565529194979,162.73206702187687,94.57517559575707,233.7330788727584,5.411959057799398,1.778828262353193,0.9045212015695956,230.57194313044025,7.328030703407895,39.353848909737785,0.2474722464220252,30.06724720220881,0.0694848730504093,16.198885713372498,0.3771166778258869,160.27361704033615,100.37222376059084,163.6890923253699,95.4993994130618,40.76589758680718,0.0350700156766751,37.49135573532296,0.7753836265455802
705,3,546.0,20260116105856186,3,是,是,98.0,base_info_20260116105856186.json,,,,,,,,,,,,,,,,,,,,,,,,,,,,,,,,,,,
706,3,547.0,20260116105858653,3,是,是,88.0,base_info_20260116105858653.json,,,,,,,,,,,,,,,,,,,,,,,,,,,,,,,,,,,
707,3,548.0,20260116105900717,3,是,是,108.0,base_info_20260116105900717.json,,,,,,,,,,,,,,,,,,,,,,,,,,,,,,,,,,,
708,3,549.0,20260116105903325,3,是,是,125.0,base_info_20260116105903325.json,,31.77828990282612,0.5610085005905997,28.754438650159543,5.635041869790113,90.01158420408315,67.0156863381269,206.35211297494,14.232605002876973,75.19027120626838,0.6576112703986033,66.4929405570907,0.5931078169975114,86.50687416714477,58.66405822483919,181.54253534858591,1.09202500309738,161.8043724581515,106.78908265449142,218.6534354021218,18.422169597844107,35.102080283752905,0.1662882015302467,120.82342976266096,87.21020084706446,119.16297848638322,85.98834336218206,180.89460177353533,80.598404444823,184.30079652912735,65.85137918042149,133.36394601241258,64.53043829514425,117.49069954568964,61.9221668303436
709,3,550.0,20260116105906543,3,是,是,203.0,base_info_20260116105906543.json,,99.13017760398422,54.25816652921391,43.35791494543091,1.2888955054891835,239.94635932148995,5.023975106379436,241.08605864764303,4.434144750956171,81.9368639212166,1.0000783482768325,139.2250521289971,48.30223607795197,247.8833649222037,4.637315811612036,251.6218085939322,4.343379311686844,2.1364451129365967,1.0627129141271714,237.437392863092,6.67685529221806,187.83303119099992,47.48337305044451,51.43720257968445,53.7721025406463,250.4481700684602,5.533480197784228,19.770979831834023,0.144600549467616,29.895743183059192,0.7212031689512838,46.092672453710485,1.6234494752320607,105.91712029825732,55.83815235883969
710,3,551.0,20260116105908826,3,是,是,105.0,base_info_20260116105908826.json,,75.63564145930975,66.45910816221121,31.10230452248473,0.2450994257046584,176.04153156266383,40.7555078337052,182.91007398353145,37.62902220754045,70.20819979480349,0.4615738293551375,105.492142486583,60.71880915328755,180.11401673037395,38.20522935285812,193.4735225853896,25.08650541457552,13.943991235644924,7.147500050230731,180.4007666962573,36.290645357569545,40.85606015777507,5.564049691738235,35.44122949932831,5.169813554381801,14.845988727084515,0.0793932471322489,176.08852888363117,39.29752654214484,169.56489062111083,39.40439521081628,37.39340809731552,1.211131780213392,75.86672128813267,65.48845515910483
711,3,552.0,20260116105911159,3,是,是,118.33333333333331,base_info_20260116105911159.json,,57.265285687662974,28.48345772872941,28.746552705292583,3.1584609189012185,114.74433257099696,61.74802079864829,118.73827980680164,60.250145224480434,69.30678561120165,1.5165456527774202,85.54490023321893,20.180361553659285,115.75079162288404,69.39810242666145,182.05382963071816,16.869225899196298,23.947844942773937,12.107037721381538,129.39805562784989,48.375252042296665,64.16544635937942,42.76370337818028,62.534917276138536,47.42311175409252,14.61474626078256,0.2439561491305695,110.64179152719122,72.70771034148552,82.75573910615167,38.21034458238522,73.60557096392851,30.25058450462294,39.1670445557066,10.76221089330347
712,3,553.0,20260116105913850,3,是,是,108.0,base_info_20260116105913850.json,,35.367482889089246,1.3023300416751682,33.58446355850921,1.1204953279558552,38.73894848340375,0.377775996652535,221.57292233674252,20.274792983100504,69.19722887913927,0.1734319873539195,61.46594065006583,1.6542466138075225,184.3241420652124,56.02975269133209,178.92297429775238,0.5915388563195596,236.984421277272,20.2124426514673,208.1083023443153,19.432513643898595,36.57878103861979,0.2111464579038072,224.1552920737872,10.131256851026622,216.8111289776577,14.448080353557302,51.071624088729486,45.47361119627902,62.35769092161902,25.38392674720644,50.6386820568934,13.104361906373006,30.68928555471368,3.772594184070571
713,3,554.0,20260116105916779,3,是,是,170.0,base_info_20260116105916779.json,,53.21122910072202,1.0015195004845503,43.44515479792133,0.9947115314819452,257.37592708779124,2.248419740585351,59.063505460520766,0.5064007277422407,94.0597579533049,33.67091243773233,104.51654186391492,44.91472727713118,89.79914867491833,118.07874740546995,258.3652647351269,2.043474610718272,222.55951994267411,2.406961366511715,97.72497705148427,32.61710937147185,86.78476169829617,51.63859792480184,235.34016937873267,7.047556107975163,247.86044952040243,7.598889982077731,173.14027232244618,108.89381045273464,172.90645615500787,101.4661293205081,42.07587426374957,0.0202604411448609,28.69671123491823,0.2965701883594372
714,3,555.0,20260116105919382,3,是,是,206.0,base_info_20260116105919382.json,,29.526772237532736,0.7822834693411443,46.74241015425094,1.1003673361304125,219.51114625195328,21.71841276109203,222.3237381744756,19.933139910625485,74.78862842079428,2.579926326228849,72.02477138763739,1.4853103538596923,195.82397507165544,47.55823792755125,220.99130644927,13.511930998006052,7.391033897814899,3.9769487377640345,194.26547734882877,28.419881874373843,197.00410139521415,27.47022706041796,217.423639168074,18.55889428665015,17.19095803251598,0.2254329932331249,191.5965494139772,48.01751983328055,79.36416747691207,54.91743666251561,100.16299335842622,33.23710858790719,36.99930948616086,0.3178483882863221
715,3,556.0,20260116105922409,3,是,是,91.0,base_info_20260116105922409.json,,29.3658678393389,3.683517390918576,31.56381881366505,0.1509891364780813,236.1552043312288,4.329535125204959,40.42832075249116,0.1164149119003698,101.748148602117,45.851206536707686,115.49442265051836,43.12105692648724,252.48617486067505,2.6877241415084745,251.2566780060564,2.8742206594541617,234.874658847592,4.307734902580663,124.30154964988056,47.535408239283285,118.23856009349424,53.68129679878741,241.59043596994312,3.103619351865686,251.93845816506985,2.545426090327883,15.329679224496118,0.1893181184326565,30.91421430403789,4.077403255130926,29.943331783327235,0.6174311941747324,46.310447133836895,0.6811091884122246
716,3,557.0,20260116105924411,3,是,是,113.0,base_info_20260116105924411.json,,28.786783918452045,1.453178174227015,29.10988958714937,13.650689425311567,166.31240403738136,37.595098904989015,102.98284476943223,57.72145875579154,106.13034896728016,29.494478809796373,105.81617740983576,30.708812413423452,25.3648483762558,0.3120381605739009,220.4386661540954,14.94355720720088,141.81926583625088,96.99709390066404,91.18404054436728,24.07955852539737,112.0006652158122,33.8624503124648,26.93792081833995,0.5805562106028324,18.062877906454805,3.498670866248218,17.969462801319608,1.318167459203558,31.52766430758227,0.3780224178042662,34.594805226719565,1.0195201767746251,39.38154772022934,1.7086411722051618
717,3,558.0,20260116105927075,3,是,是,88.0,base_info_20260116105927075.json,,,,,,,,,,,,,,,,,,,,,,,,,,,,,,,,,,,
718,3,559.0,20260116105929020,3,是,是,95.0,base_info_20260116105929020.json,,56.00127109104648,37.71207370819251,25.64940129741281,0.9103076862174184,171.1463442940657,37.68266272748841,173.05991916654634,36.66900272040538,69.50232127822493,0.0567574588847367,90.05859350251463,42.253917043206336,87.9552184320889,41.437958881814936,215.979866604612,29.269276146169005,11.4864443334333,6.019242768648185,194.48086462663895,33.69470110214185,76.6189420301579,43.19959775949036,80.97081953909894,49.26286288716052,13.675034912294796,0.2958542201239163,85.85215429355708,42.684421509627406,96.94124834357343,30.455195083105423,62.84630535220153,43.60829495667019,63.73575021550238,44.93899951523112
719,3,560.0,20260116105931609,3,是,是,55.0,base_info_20260116105931609.json,,,,,,,,,,,,,,,,,,,,,,,,,,,,,,,,,,,
720,3,561.0,20260116105934023,3,是,是,60.66666666666666,base_info_20260116105934023.json,,,,,,,,,,,,,,,,,,,,,,,,,,,,,,,,,,,
721,3,562.0,20260116105937639,3,是,是,56.0,base_info_20260116105937639.json,,,,,,,,,,,,,,,,,,,,,,,,,,,,,,,,,,,
722,3,563.0,20260116105943196,3,是,是,112.0,base_info_20260116105943196.json,,34.87695931456452,1.0386827662000713,34.11546656213646,1.296142285214863,40.18775503975467,0.3842750106841905,73.77902669607893,38.04759882116227,77.51517631643841,0.9210731442751232,67.59097800274101,1.0928201787081455,27.523778982184627,0.2911778162563335,189.13881367491288,1.0115640142759454,79.44328841938211,43.02261938555732,94.46957219576898,26.232599909417605,38.289130681632045,0.0957735444865736,29.43163048610438,0.0923529171524059,15.446285814634871,0.2208814927018639,17.480566502650728,0.2553996938697884,26.08881397482511,0.4537181467113124,36.81536653709416,0.3517849450901537,35.12193044567143,1.8709478161146669
723,3,564.0,20260116105945449,3,是,是,99.0,base_info_20260116105945449.json,,44.3859561055925,1.0647724588335925,29.80461016375739,2.525641727206154,174.58583328627654,39.99275761562161,213.72726210498945,19.880533963963657,65.92085815892838,0.085662213845871,56.94934747237526,0.322778583739473,202.2775040740797,47.2331227915702,204.3322722986776,24.563205818278444,40.82473691203891,21.270761874203508,208.2269091561333,17.660729587276215,95.090594975626,83.02997458588183,116.3557809463839,82.24684020621194,198.29906396383512,49.50747356678865,17.416605283454036,0.4791161542355603,26.63228238803236,1.1073315429469188,34.641518801065985,0.460632761591828,22.26340796136021,0.2343509717016107
724,3,565.0,20260116105948960,3,是,是,114.0,base_info_20260116105948960.json,,48.11662267991765,0.8389170140405979,32.06605355260871,0.7148504847745589,209.2669174120704,18.7005477178381,46.86298728588357,0.0370949118850042,64.8197393642857,0.8891645591291321,56.141556576306265,0.768661938494437,160.72466781861715,50.63549960422631,229.68613400708907,27.457897921464145,205.4248651782103,18.44949385903828,66.11557841070946,0.4321551148274158,96.17086492193398,59.67633799654309,39.71312588359517,24.20085645284556,137.6914102393815,86.42388219037065,37.41815061694129,28.0867955984293,195.89362779686493,47.871060497157735,175.58860864917688,48.24829085521151,26.21454150704392,0.5080172527717264
725,3,566.0,20260116105952081,3,是,是,115.66666666666669,base_info_20260116105952081.json,,152.05676452231134,33.33680470004541,18.86684812564321,0.3847199793887945,43.40945774982942,1.0310399652384858,66.90697166539282,31.342469398151778,72.18083870646926,0.825960087194384,189.697265470336,34.10932035100487,58.839668013435926,40.62134656376668,174.17711143580314,0.986189798773155,70.69492381291299,39.526007708350974,93.46285983332947,33.50632771129287,46.735692490542505,13.506764624547676,75.84730059205086,48.961753274175,77.29433886932743,68.17925631451817,130.43013860059332,42.41603940125175,105.4320690524007,40.60435127198342,86.71386110026548,72.50613317503914,109.91097230940775,80.43114660554588
726,3,567.0,20260116105954822,3,是,是,95.66666666666669,base_info_20260116105954822.json,,,,,,,,,,,,,,,,,,,,,,,,,,,,,,,,,,,
727,3,568.0,20260116105957908,3,是,是,200.0,base_info_20260116105957908.json,,53.45253060090263,0.2300400150558275,44.775957930857714,0.3295294631129559,117.59815624356284,96.6145468195547,231.39894293939915,22.09778181503617,210.6782844820161,4.33005245237094,244.46728261837748,4.527507658466477,198.29430196917505,72.06808343145701,204.0327912553599,16.160527480754883,186.6127200666846,92.6500941225062,21.36905725976912,24.653456971554768,79.08364366938874,110.4666909560749,134.8347069385952,98.71291542335274,123.9937691983817,52.52776109955527,76.38805452041937,37.43783365880085,28.815533242347414,0.128068185924098,40.36929065943641,0.2672910110581413,27.25451758793585,0.3436745942764194
728,3,569.0,20260116110000314,3,是,是,88.0,base_info_20260116110000314.json,,,,,,,,,,,,,,,,,,,,,,,,,,,,,,,,,,,
729,3,570.0,20260116110003678,3,是,是,139.0,base_info_20260116110003678.json,,42.43855306352774,0.3578818185947093,48.25973904975904,0.6566244335235449,277.45665699453133,5.766943222251677,278.59746615271905,5.185152968483598,66.4617521141356,0.174759303447016,67.36287855044222,0.2075618132154673,239.1067630500511,4.709478200804682,235.482509989953,5.081283596836097,2.0138875811895462,1.025777651722053,233.54042160619807,7.645482136523422,63.02565624670056,34.5349573307006,199.1100486242332,49.74061195895283,235.5906459138824,5.05446118296137,18.330123512228383,0.2436577832178793,30.93262380114612,0.1113743240068187,39.38226455453998,0.2561589113624035,26.37207481978844,0.2107982784416167
730,3,571.0,20260116110005326,3,是,是,62.0,base_info_20260116110005326.json,,,,,,,,,,,,,,,,,,,,,,,,,,,,,,,,,,,
731,3,572.0,20260116110009232,3,是,是,88.0,base_info_20260116110009232.json,,41.34911897729589,2.1739736575422124,26.91010627781041,2.4627929602523926,69.66340183603872,42.56503336670707,183.10206508872477,36.85657598798165,167.74892739128782,30.77668842926866,191.00898133179007,34.696556353067834,163.16672116165225,97.45929908292356,174.09894566504286,9.494765546096668,143.1860614688063,87.46647501077649,17.47700701279176,9.297099304537168,129.24985791456118,40.7044467239653,84.29798912223899,59.519667074597365,157.0662076246476,102.24847074886634,16.23515466396363,0.8023150179193564,55.07878923745562,18.8973266068269,46.12497834822622,13.957899880157097,23.82495073623863,0.2312723908811264
732,3,573.0,20260116110012087,3,是,是,173.0,base_info_20260116110012087.json,,39.94987094996312,1.319845991671898,23.16673232699852,0.2331393570866227,114.5011019176508,87.70671992651212,107.23414854836358,85.06326586953428,67.02004091377272,0.672077742022633,60.89427462962029,1.713261434365254,162.43560627483475,27.174479030903655,221.0777788324304,26.01346794577841,176.35980588292466,83.59950907085714,114.50474097417674,63.616190398571305,110.13321074936536,49.96590067484882,67.80993911084471,76.7664930382518,169.0510763313423,27.4246017754243,18.79144867231565,0.0797307259839273,26.28416654008508,0.1793043122029371,39.82503604268303,0.2526914786032539,34.3455759121826,1.157054018340309
733,3,574.0,20260116110016593,3,是,是,139.0,base_info_20260116110016593.json,,40.21671915830288,0.1849570220047436,22.31571368193843,0.3394739731747128,52.20213598449691,0.1971567862889435,127.16220830637003,56.3483471380712,73.15846310629107,0.055066993108978,63.69132985321604,0.0087845160156345,26.803947132767615,0.4615630322719687,193.4963417266849,0.2265398625663536,164.04239001084474,58.88130684284006,149.75950212940597,51.74860356324094,38.76968956976252,0.1091049159224211,36.62297987407039,0.2720995416828429,18.25787326684566,0.29434694112837,15.722494405966762,0.0406774858767136,26.150390861460053,0.2086973904018156,245.18701602081887,0.8190620659922537,243.4113582460926,0.8035567336062277
734,3,575.0,20260116110019805,3,是,是,126.0,base_info_20260116110019805.json,,34.969431643465946,0.5515134183204731,20.13079907414351,0.3999536458174906,33.464692540021545,1.7119056353116209,236.41477053244992,1.3142940183900318,74.31304387336183,0.3101140191232518,64.94805778284409,0.1515736222037272,26.70987788856729,0.3085931112932399,167.09428182921434,1.5240011826955049,249.3774568352783,5.14957969053074,247.61417063378804,1.804276826454542,33.397249053193526,0.416917369453263,31.2752102492086,0.1007426273430314,15.526033022688486,0.2716591392444232,16.702964806868255,0.1963556037148136,22.7133337082784,0.071326658368767,35.956128698274675,0.1012062261352739,29.67083908310396,0.2948304687410421
735,3,576.0,20260116110022392,3,是,是,85.0,base_info_20260116110022392.json,,41.60562915171175,0.6896110996621044,29.08833821955248,0.1638421488755481,184.0862695573396,46.36658888426478,230.53575961201796,9.081235962902865,208.9670607716931,7.719298887346464,233.02809451142605,8.823958160995941,95.18176410033118,107.4207855182378,213.25667180582025,33.12960416215018,48.15302163359698,38.28369188421175,4.697760797914011,2.571902012492493,232.53981058241456,10.593794763981922,100.15033020240502,101.27930121528344,100.84425435220383,108.3679370090197,171.95836692027504,111.60944065345672,103.48114154498978,59.38159438027624,75.13390581717461,39.2266347893959,24.98455077074226,1.1520830452098478
736,3,577.0,20260116110024627,3,是,是,87.0,base_info_20260116110024627.json,,,,,,,,,,,,,,,,,,,,,,,,,,,,,,,,,,,
737,3,578.0,20260116110026477,3,是,是,82.0,base_info_20260116110026477.json,,37.83137095333219,0.8695903061385009,29.87668674773883,0.8869852944799714,168.59670034189617,29.671293761037383,123.65725472208597,61.474558920018026,60.54166858370505,0.5607449445465157,54.20104629357181,0.3679587383130011,117.85112883301416,73.1290823260617,169.7099274111409,24.52543234085846,66.22069219519135,73.07591691858511,120.82501356112805,49.31193305892772,35.84957214891417,0.1933268969633968,118.08462728535376,77.41168210764275,116.20231553144052,74.34945417769616,14.163145112722772,0.6896517144819418,29.261901277813024,2.634994519885585,32.64441216771785,0.6836409134870449,24.772992167406453,2.1841914938100286
738,3,579.0,20260116110028449,3,是,是,79.0,base_info_20260116110028449.json,,,,,,,,,,,,,,,,,,,,,,,,,,,,,,,,,,,
739,3,580.0,20260116110030165,3,是,是,83.66666666666667,base_info_20260116110030165.json,,,,,,,,,,,,,,,,,,,,,,,,,,,,,,,,,,,
740,3,581.0,20260116110031873,3,是,是,62.0,base_info_20260116110031873.json,,,,,,,,,,,,,,,,,,,,,,,,,,,,,,,,,,,
741,3,582.0,20260116110033951,3,是,是,97.66666666666669,base_info_20260116110033951.json,,,,,,,,,,,,,,,,,,,,,,,,,,,,,,,,,,,
742,3,583.0,20260116110035573,3,是,是,90.0,base_info_20260116110035573.json,,,,,,,,,,,,,,,,,,,,,,,,,,,,,,,,,,,
743,3,584.0,20260116110037185,3,是,是,88.0,base_info_20260116110037185.json,,,,,,,,,,,,,,,,,,,,,,,,,,,,,,,,,,,
744,3,585.0,20260116110038813,3,是,是,146.0,base_info_20260116110038813.json,,,,,,,,,,,,,,,,,,,,,,,,,,,,,,,,,,,
745,3,586.0,20260116110040580,3,是,是,110.33333333333331,base_info_20260116110040580.json,,,,,,,,,,,,,,,,,,,,,,,,,,,,,,,,,,,
746,3,587.0,20260116110041960,3,是,是,116.0,base_info_20260116110041960.json,,,,,,,,,,,,,,,,,,,,,,,,,,,,,,,,,,,
747,3,588.0,20260116110043334,3,是,是,39.0,base_info_20260116110043334.json,,,,,,,,,,,,,,,,,,,,,,,,,,,,,,,,,,,
748,3,589.0,20260116110045025,3,是,是,142.0,base_info_20260116110045025.json,,73.32590583299522,48.13663831310854,21.48588207072199,0.2113509274262396,49.65077253444526,0.103727797302116,225.33505332595965,1.3513039828475897,78.29966323452156,0.0852738827921446,114.154033106755,49.63341285365374,89.54502665703951,125.03261764258258,208.09156082308397,13.001981751328488,257.5141000991289,1.3794553163699153,256.33208895552485,1.2523274930401764,220.4265683041065,19.870092124619763,84.6411469705457,86.2889658585808,47.65504437079768,21.14410376232914,126.77537527794986,92.32073548593864,241.1974471184047,12.361916811333844,40.05124062430499,2.8753624769878794,88.47777482157424,57.80057762350061
749,3,590.0,20260116110048179,3,是,是,92.0,base_info_20260116110048179.json,,55.17356828939453,4.560572544893192,43.99526932360936,6.435132168356532,208.35571938685464,19.128473059625787,209.1364828633756,18.68149544260266,86.82110976393994,29.14729899596553,119.52571132337896,36.24801952290943,106.08472438464425,51.12587523677523,230.0721439325604,22.22164272458579,5.962311293448046,3.218207332625871,103.40549059084088,45.01450388966579,62.907991501994495,41.46175858991449,52.92763729501496,26.38988751330513,113.63503412007908,55.66877108844737,17.33192566850154,1.4737379125622971,21.59844069085373,1.776613559382203,32.88870398253166,1.3627616460443113,22.048557235364424,0.147103852204927
750,3,591.0,20260116110052649,3,是,是,123.0,base_info_20260116110052649.json,,48.245214372965705,1.5568433101266823,31.994020119805203,1.4272807742968987,211.5148678689196,19.290896652900333,214.46056434146087,17.98201734137075,188.76860597975733,15.939628272982882,213.7830219969848,18.59170213795909,64.83392272807542,25.579411283457627,231.70650324022475,16.957600176198646,6.747895839668111,3.474991551453058,10.348526045660236,5.549614587888372,212.7474435350324,21.194630720753832,54.66583451533602,24.41833247629877,60.1902286528934,25.95364811409853,16.463863901579888,0.0819131581104122,26.28760430077593,0.484482116876466,36.670931406240975,0.3403180103430331,25.09586283005301,0.1743948995454282
751,3,592.0,20260116110055355,3,是,是,106.0,base_info_20260116110055355.json,,47.80581766484567,0.1371010109583644,32.13274181638773,0.1732090163497141,237.08651129747773,4.698548984734221,219.79511109836864,22.302648506539317,215.79239415964412,2.0456580297019977,243.9228007003062,2.476660206629292,125.09463607706375,39.976032063548665,261.3240452837601,3.511345729563516,19.946653952893644,24.966191453992646,23.05845727365867,24.31015732214077,250.0916586183856,2.4928918853220714,116.188828473505,39.23699868582187,128.81445812494883,40.17088565696151,18.045893560940726,0.5863872233477024,25.124505263082,0.8972999461267182,36.009849413609025,0.3661890468784582,24.066117808335463,0.4563322917535827
752,3,593.0,20260116110057205,3,是,是,88.0,base_info_20260116110057205.json,,32.974198684034576,1.0917744408827674,27.28471559776159,3.443236806023192,117.35082996584448,64.54217097844105,43.5852949645081,0.7431775963434286,87.90665304953177,30.88279637370737,83.53075106180084,35.770728217525615,24.17343073030248,0.220186827092033,171.91219710440842,15.18708012496272,117.22347064515844,59.46365307399886,92.12122442092073,35.390142309817456,61.68536810639793,39.2501232191364,24.936147881563368,0.4988009660746444,15.155403592572386,0.3975013864053267,15.59165170448528,0.4442542490745847,26.12747246371939,1.1747676270769545,37.52047009936846,0.4750353433382067,23.92134304550902,0.2795040356079257
753,3,594.0,20260116110059775,3,是,是,95.0,base_info_20260116110059775.json,,,,,,,,,,,,,,,,,,,,,,,,,,,,,,,,,,,
754,3,595.0,20260116110104097,3,是,是,125.0,base_info_20260116110104097.json,,43.32434089226496,3.0483505938824416,34.52214870814411,0.6883261687841703,244.5261845773433,8.08442651931619,43.212882986995226,0.1437863771439795,110.74554950290354,60.19906346644731,106.85262651702624,70.50672920877663,142.43336606665503,64.228350037034,244.90187247193955,5.58389059121312,236.8953157479691,8.007432690875486,123.86843368296536,67.77854725500308,127.44364054266455,73.05381251158514,131.06797714837305,60.50832204564007,137.16074473159256,64.60510658852193,16.887361529722412,0.2241733206585588,29.353522893469364,0.2648796873537294,35.06613056740312,0.2002349910459921,35.60402694375364,1.4657930644332258
755,3,596.0,20260116110106381,3,是,是,61.0,base_info_20260116110106381.json,,32.66551645045562,1.0061352316616918,22.089894906678808,0.7712472572143022,36.24790656997524,4.293074576358424,37.17243195125287,0.2626322401017582,62.9550131213817,0.608588493489116,51.6021486863051,0.300344638144993,20.58118994709029,0.4817639749633544,138.77523879693365,3.809484236521481,40.129086454403335,4.098273860684091,57.63693907768002,0.5184851225586001,47.80891242741303,19.647479529723668,52.239253295297225,20.13079996133395,13.320417609596314,0.398253081929608,12.580916481634564,0.3158983175945715,22.524988471780976,2.068362256854321,30.63114136159801,0.255169238278907,23.2627051290509,0.6497509341515914
756,3,597.0,20260116110108594,3,是,是,132.33333333333334,base_info_20260116110108594.json,,34.26152146763835,1.3917348057109646,149.34820501092054,35.83985505588157,11.098977066627713,5.904261095451843,177.6664048954211,37.03955545890071,111.79370138855434,56.8432218394367,123.2531378505646,63.895219736188906,76.2839224123985,43.773069869854254,203.8336416110632,25.89882737644364,175.36811804989728,37.95065410427182,130.47429487703397,63.36858130887078,93.37398993321564,74.82773080316358,55.056592257309255,36.50648037511204,65.89685506623758,46.10972422327559,17.63716653041116,0.8764324902020939,38.96585942125555,5.832789868138544,37.69325931100501,3.3245577590779622,49.73064382298205,0.2785647227881889
757,3,598.0,20260116110112134,3,是,是,62.0,base_info_20260116110112134.json,,,,,,,,,,,,,,,,,,,,,,,,,,,,,,,,,,,
758,3,599.0,20260116110114542,3,是,是,105.0,base_info_20260116110114542.json,,46.24170872102025,2.655024070289578,30.29364182810812,1.8685360899826613,180.8074891312398,38.85759671126807,180.4668559249204,36.82377346436519,157.57013754917662,33.64154721939276,187.66097794047235,38.46761795695594,200.84214134007985,47.6376308063507,229.50519501632428,31.95376723115304,13.271883293802205,7.02292583488784,19.15514617763136,10.145971213939912,53.145291171875385,60.77873938164654,49.67204199454829,59.10371311137664,200.0584558456873,49.48808004569148,15.92502306682247,0.3059461383877216,53.35986508056688,25.29424374357095,42.871745656655634,16.73904748262391,25.91089624545312,3.251840440368876
759,3,600.0,20260116110118326,3,是,是,92.0,base_info_20260116110118326.json,,37.69321245067888,3.153609507344178,31.271452125420534,1.1932699823104551,153.168864898412,82.44337132977061,231.1946135540779,11.764818450411228,207.31650144266916,9.369933858577674,216.7890376435036,20.036682871107125,201.275792351684,34.30551975178721,186.7104543947124,36.75458883110453,92.93669968413714,102.46167452873529,5.154165479670012,2.4134754205032314,2.1316505577133,1.1481049961691183,15.292362316661295,7.898875639107219,201.09112350188016,34.313004312687795,13.105419438216389,1.1816196086176507,22.87971752038001,1.6853598888411718,30.11734301343473,2.018746647309653,23.04942919802872,0.7032451519481043
760,3,601.0,20260116110122159,3,是,是,130.0,base_info_20260116110122159.json,,45.03738876156888,0.93382567358516,36.70655545739186,1.4816101468805951,179.25420507725195,39.415593948483895,184.5531920025038,36.56032640527418,162.0797330882652,30.090890221596915,183.92227594841245,33.31627089350698,160.0923233625057,51.914153095201215,199.3448950128884,25.11492275445428,14.639802386671311,7.662451620047864,22.02463140799645,11.740760548262248,176.00653331760944,37.340623424637386,169.52122372395016,41.15657389705724,170.68069732829068,45.65796841886641,20.11110452719988,3.4405168526094427,107.90362987060674,61.24119458880402,119.72434918294908,63.05614118745472,29.591383252425373,0.2908432908237001
761,3,602.0,20260116110124509,3,是,是,124.0,base_info_20260116110124509.json,,62.77978292751066,4.865688070397615,67.93231777283447,15.285267884243453,75.26100900188213,29.115177115043583,230.08979010436872,19.13479527418667,82.44900391703295,22.14811166969276,126.67916139562108,34.29807780176092,220.4352734029748,19.06781648795161,145.828915166141,18.912868447390856,167.18725539243437,55.36597827213148,105.99415971150272,67.89466978852417,125.7369670321774,42.68312803154944,102.786551662659,75.85070474073322,181.15727226296272,39.77115824162954,43.1909593766585,18.531712362156792,51.72350361110319,9.156827884197211,53.43404660726046,6.601994506087264,28.41598022479263,2.8581076505226326
762,3,603.0,20260116110126710,3,是,是,104.0,base_info_20260116110126710.json,,39.720286479527736,1.1007117205570804,31.31302928180868,1.5454449804103951,173.72591931257747,38.4969707222646,177.40462721209255,36.484048283760565,192.96461388905436,13.710188001403017,210.87596231658245,16.874278062081224,181.71025272419948,38.06961601556373,164.84288882083908,40.66702217535212,13.320431475728308,7.047731511742877,43.07875248157501,22.761406632882487,206.65962252999225,21.17155821340564,188.4532507067212,30.869737256899143,158.9758489686514,51.51499770829121,27.60065993643208,10.679489532852696,27.560490095047417,0.505202490376027,35.79676998288047,5.309518541716156,26.82908281221171,0.5558621617260654
763,3,604.0,20260116110131367,3,是,是,156.0,base_info_20260116110131367.json,,50.19778965261935,0.5773193822615611,44.08105805665687,0.1480564135153212,260.8323148348077,0.693404378606548,91.53127438417054,41.23879680586514,217.16640048958587,5.216651180118173,248.39036006718075,5.348932492828548,261.4442521071109,0.0689296234692055,258.5254637964373,0.653570043618759,184.6949449150609,49.588097218950494,179.12490182265526,46.21713468113649,116.13480779066656,98.06165205616068,123.06080116103448,100.7481222327312,259.3229104482838,0.0626734512474282,18.29493685624228,0.4313759884391284,29.65467484669351,1.072639611725109,39.362496156080624,0.6175073740190145,28.79121259676903,0.1355253860320776
764,3,605.0,20260116110134277,3,是,是,47.0,base_info_20260116110134277.json,,,,,,,,,,,,,,,,,,,,,,,,,,,,,,,,,,,
765,3,606.0,20260116110137638,3,是,是,152.0,base_info_20260116110137638.json,,46.77379933398419,4.80372707462829,54.98060348268714,7.699912441660139,222.15574465438564,21.9222793978555,224.22890858582613,20.780597447434516,78.2307123052172,1.9583788981852923,66.83609475245984,0.5081277273234452,155.4285229494305,88.51619630531225,137.91736796440577,55.10073855321684,7.178558371315248,3.8626827611568553,213.4151183385516,21.53742395296772,218.3591103874284,18.79474590468901,85.3647077427097,91.92842577938646,82.44284905388416,56.4049263118992,83.2529124061835,43.60293707206214,25.66319943200884,0.1058874751899226,40.6365861093561,0.2028577592588198,32.65766567723208,0.2473942101376922
766,3,607.0,20260116110140071,3,是,是,76.0,base_info_20260116110140071.json,,49.696014024492285,1.964132998514348,36.50664377429339,5.184717119741086,35.1521212000696,0.434990033415381,210.16584120597625,21.21851394269144,153.0497424115091,64.18435899935345,173.29309194392226,87.9700887875224,251.25670866237965,22.19207315966609,154.66131520719833,2.0604189321852995,207.61313580702304,19.072999444780933,63.33806184532969,81.9735040090319,93.73918297512644,58.30289471528767,146.9973898012339,56.861167238225136,249.09118506450957,23.62768461199351,14.11008324014936,0.1828604127789984,22.98768360921328,0.1650478960471184,31.46338202298358,0.7257696569973477,27.041778945385246,3.164637261149109
767,3,608.0,20260116110143311,3,是,是,149.0,base_info_20260116110143311.json,,50.6262894612838,0.1239074657878169,40.25766653782983,0.0993507594779986,250.45200140781915,2.7433689914549144,57.87761313513416,1.271322145202242,165.57363279936828,40.24339406071663,193.4987476787661,41.71421141240936,243.8425616024358,15.725323658717109,256.5603459424207,2.3434788570153584,218.55510885784588,1.380726298255097,168.3277312559841,40.544701253336896,128.6126250608783,52.3759471227626,171.99337219508345,79.41858561079744,244.2847593259634,15.74153728716306,17.291911892793532,0.2142136664965507,30.06342126050409,0.4774956728833677,39.365199891938985,0.0797463351780838,28.06059513570382,0.0
768,3,609.0,20260116110145749,3,是,是,71.0,base_info_20260116110145749.json,,41.75658108046156,0.2739218355925332,25.24904336635325,0.129689685196112,66.87257712682862,41.80666192224834,178.12979438755656,35.90580119428052,224.70812833176456,1.8106521482634157,253.01671250466083,1.8161280328834617,22.710622716932928,0.180243111919417,167.55043559025873,20.33855013354687,126.17967038102084,40.39264408178194,66.00138448117347,35.28810716209616,62.39480939314885,31.84085278414673,218.73687347727548,34.01216291521274,12.94347481843178,0.2994489011502044,14.860040634709156,0.2308730899543707,128.19836105142386,61.278802658788784,109.41116135628592,56.28915926838547,20.868100576705505,0.0970865753289026
769,3,610.0,20260116110152314,3,是,是,61.66666666666666,base_info_20260116110152314.json,,,,,,,,,,,,,,,,,,,,,,,,,,,,,,,,,,,
770,3,611.0,20260116110155655,3,是,是,101.0,base_info_20260116110155655.json,,45.804361595526224,0.4362219993909088,32.44981072045186,0.2556308121079356,236.81472407319507,4.7007505920212544,173.27828378031268,38.23868331690833,111.01822158905844,32.51782589183352,131.01843462851917,35.13086460929833,22.149111313271412,0.5218194494034835,247.93106263687525,4.407828752930219,65.64153447289915,35.10298525698541,61.17693104435754,47.74411138695663,129.57572226305808,37.14225478273771,22.49066314555656,0.1373392560974726,15.00501809438817,0.2640524953034238,15.257052790400286,0.1836367213698101,25.552204111404397,0.4735785008176542,35.167621697030995,0.3268235068888827,24.14425931052496,0.7797438188936544
771,3,612.0,20260116110200155,3,是,是,96.0,base_info_20260116110200155.json,,27.706478074304016,0.0857538147173568,20.23472544208499,0.4480805171463775,229.41573126086615,0.9946134756898664,146.24940831328163,76.36486412896593,65.93770428452733,0.1737064921477583,62.11585565431451,0.5897076432025362,24.64022801335237,0.9565412792108812,249.3367210003304,0.6451980888198613,105.67180606384078,106.79695352435436,164.29298976169483,73.94581896364593,34.420948244900046,0.579840432069127,23.468029323297525,1.310364752624084,16.928161748381452,2.589935704936003,15.349718921473404,0.1541522510725082,25.100722459316994,0.4925631372722598,34.26095087001543,0.6819488429967087,32.18098074593201,0.8844901564117936
772,3,613.0,20260116110202036,3,是,是,104.0,base_info_20260116110202036.json,,43.80358631094176,0.893906460120506,32.30608444642334,1.4659593920522895,170.4952111835431,41.60495152136877,176.6078566009306,38.904862799973245,113.28659735475208,42.57443808138788,126.07971339610668,54.37506709726929,187.39162875079103,35.94242948904764,193.4732233373476,28.69819495659144,12.842074179331542,6.603226683550131,67.99164060343081,35.88305796415468,117.94677976438344,62.47402429457615,180.67662520245912,34.84126286109023,181.1701248718323,40.05958217364376,15.684877131772646,1.2817403445062672,29.211172567658185,2.063448941198563,33.86093740637176,0.6978279882272347,27.63082122335595,0.3782559492529322
773,3,614.0,20260116110204425,3,是,是,86.0,base_info_20260116110204425.json,,,,,,,,,,,,,,,,,,,,,,,,,,,,,,,,,,,
774,3,615.0,20260116110207677,3,是,是,144.0,base_info_20260116110207677.json,,46.16941264462764,0.5317789277329039,38.730495036687216,0.3383467188224747,233.95511813973133,9.918786146966518,235.08310784899177,9.32768184698165,204.50640859041508,7.92904610658136,226.80796544803457,8.876499237623973,125.5474250034884,71.80493231934113,237.46262673938824,7.269699959961155,3.289404132231029,1.70765104081777,5.680727618860691,2.9582400648427902,225.8529362708065,9.037796143402554,120.53861304061554,68.56930625077987,123.06255316301728,75.85273637343093,17.360115584054302,0.0681000818680043,28.5112484341138,0.2140576299149381,38.11028110507738,0.1537755908895647,26.5623908969166,0.0272725492461192
775,3,616.0,20260116110210794,3,是,是,191.0,base_info_20260116110210794.json,,34.36158295820579,0.3814703732183863,40.16142158629575,0.1566734011386473,103.30236981719204,80.86727209522526,242.15579161534484,4.550117372380517,85.41279152047396,0.1749699456719252,78.12595166713044,0.4872892442993575,98.5962076466173,96.7465639986292,219.4023614953205,13.955952935622344,182.04283717900708,115.26703653183894,249.21241624941044,4.307907673969657,187.39788482233843,39.814040638331285,194.8340015204649,40.04390661155286,17.88187698999087,0.1818949504373013,88.5705571739186,100.81122862501238,92.6691354148052,80.42148798296694,51.73225283078676,12.927039828292536,44.08544643562174,8.57603198763462
776,3,617.0,20260116110220994,3,是,是,120.0,base_info_20260116110220994.json,,47.67344692316447,0.4213605602067883,39.59301581771841,0.4306878212782193,259.36771705688733,0.5760324038336868,201.2843050614269,53.78605386551769,172.0163107364657,74.85087952477905,189.35276842826065,90.3771731701599,259.49292414906535,0.4915175225431684,209.11587884507483,61.09866286225436,59.71205146206881,55.68741518788076,137.71131579302232,80.15528880468567,178.09196120047946,98.2277410303812,247.6948684613552,0.512906164703242,209.04386910734024,61.0407569467618,58.695143882206935,55.57873996087459,32.5812576537869,0.2487292374782601,38.411380475362215,0.037080875169396,26.08915771309564,0.252292754040679
777,3,618.0,20260116110223671,3,是,是,119.0,base_info_20260116110223671.json,,40.340554764668354,0.263936228327533,31.57101315424826,0.3814446733234767,226.63466390234728,9.72016246686442,45.65194770255207,0.1986640214749649,73.47374542590926,0.9176692882766232,63.88422564155383,0.4543016237165531,26.58997837207771,0.198164312212184,244.77575469459885,7.664876426217124,231.4046116619316,9.138282676541374,73.46164300762946,0.2141794019459204,35.74400422666485,0.2863058053554791,29.14003626177869,0.8373557136621117,14.280161685904863,0.0865024481519237,17.10718908340898,0.2567780477157467,153.9794290104248,81.96065914572506,134.4747824376661,71.02213684591231,34.83836068032681,0.1930401218461348
778,3,619.0,20260116110227269,3,是,是,180.0,base_info_20260116110227269.json,,52.67808762547969,0.1520297373202061,42.23406345044004,0.2684476825710512,251.50157606672403,2.7211524002522234,182.610692841616,37.6387597745227,216.57816667936083,1.3119616842181272,248.56962677295508,1.7891378615314049,250.94042790990125,7.248076130194361,261.36702226487955,2.748755769228037,71.69818009595035,41.00139652783562,73.28679999357155,40.54717229696733,244.2582626438958,3.4521135303006174,240.01538581943495,6.262461204757453,256.9604319686186,5.400727365503244,20.374876440850915,0.4715702037871761,156.83645027816337,30.907113359832582,151.24612894385692,28.611862239813583,28.06004895219118,0.1293927897185741
779,3,620.0,20260116110229999,3,是,是,79.0,base_info_20260116110229999.json,,,,,,,,,,,,,,,,,,,,,,,,,,,,,,,,,,,
780,3,621.0,20260116110232696,3,是,是,150.0,base_info_20260116110232696.json,,44.698858340855,0.9489538530845156,36.7098534976121,1.1497309790013204,173.541112824621,58.27377578488067,216.9597467396588,19.503147093650227,203.14641721441103,5.755905143738989,226.1939112808835,7.504801161286823,218.75126548338275,20.84836901883453,209.7097841616523,27.33736419543854,49.14226988367542,58.76272132373046,18.825512278626928,12.211880435634372,225.1214212002108,7.880358840650034,209.67890784381245,19.93072033660167,217.99715954843052,21.028676721385427,16.830741156891463,0.1155355037043117,53.070172210052185,20.70064050574264,51.76284016502506,16.222264979580455,28.10227236450273,0.1584795454100654
781,3,622.0,20260116110235205,3,是,是,107.0,base_info_20260116110235205.json,,43.79362398636397,1.0498540183698897,32.262812957878054,0.7863322191880407,220.08187508442788,10.914268894361248,224.88029143518528,9.479377986027362,62.68281647773787,0.2778264127459134,57.14521972433933,0.6527742761445846,25.10131042410405,0.469257224280875,248.5999324584122,11.476688939520717,7.700134967820674,6.124192643498784,213.79705169212855,8.301624913221247,196.0270413557671,18.32309531013371,227.39344343221475,19.16720073178042,14.90097336877711,0.6635928708963212,16.295620458636876,0.5088373489059362,98.61534926266113,44.799688564158814,84.67742560785535,41.462464929040095,23.646775713444768,0.5459260501954133
782,3,623.0,20260116110237429,3,是,是,88.0,base_info_20260116110237429.json,,,,,,,,,,,,,,,,,,,,,,,,,,,,,,,,,,,
783,3,624.0,20260116110239738,3,是,是,88.66666666666667,base_info_20260116110239738.json,,37.22263086487974,3.990056674135264,25.632329372270505,0.6443926424153998,34.952074507446866,0.1627902701638595,40.561915914176346,0.1735726423409551,69.28428812405885,1.2530722228784117,56.94961381707311,0.63485462858412,38.41716604851068,11.68677401926437,162.14936753782305,1.919082080145389,39.47038593168997,0.1009486795787571,66.46506827543743,0.6323234007150811,42.423307104158845,14.127110712653238,145.49454833843393,88.817115187955,174.73089483204097,112.8232092866252,153.7592131631309,87.16098239335227,129.87679255025046,59.76436880751686,35.64991489783626,8.60514144283417,35.06645339351695,11.113230637466495
784,3,625.0,20260116110245329,3,是,是,57.0,base_info_20260116110245329.json,,,,,,,,,,,,,,,,,,,,,,,,,,,,,,,,,,,
785,3,626.0,20260116110249402,3,是,是,118.0,base_info_20260116110249402.json,,31.07562704490503,0.519391560034706,174.2145202848505,74.55438773904496,60.45275143359901,76.49156357978364,200.07141467249457,70.41634163693433,232.77748688897088,2.9101217721571877,234.0388967105409,2.3008075346700485,157.0304360188692,93.92477200753709,238.9374096663784,3.132275398800301,258.4189160814053,4.86526695862525,256.9950169291811,5.621855073382308,234.098136715642,6.339632704083671,27.53643712809597,0.0800250653829559,13.64490002618096,0.3907876239512124,155.0543862814506,97.54019876850292,176.5010003582341,42.1247350387271,108.3448203350524,58.51514801909643,34.03856886779599,0.3414709444643974
786,3,627.0,20260116110252513,3,是,是,125.66666666666669,base_info_20260116110252513.json,,35.067284642071776,3.3324201801426088,33.75795584076758,5.185140918644087,211.75913223417592,36.52432518926481,115.34061180942366,42.88059566412116,190.33286565400803,25.060084421492345,196.7743929607068,33.69309817919142,26.57522611193195,0.2182251004891881,209.37661622089368,20.01867945229673,106.44541061802408,24.559149909518407,114.4042016615265,58.93663662543664,127.6700666730828,84.26332151627155,89.48286972905582,65.4087713300125,16.00150728446819,0.9272946467307206,18.60398573319229,0.8072657049706853,32.069771830309286,2.8506424257826826,38.94161191135187,2.145102768566607,31.48052458224755,5.592033840904252
787,3,628.0,20260116110256274,3,是,是,91.0,base_info_20260116110256274.json,,,,,,,,,,,,,,,,,,,,,,,,,,,,,,,,,,,
788,3,629.0,20260116110258961,3,是,是,158.33333333333334,base_info_20260116110258961.json,,,,,,,,,,,,,,,,,,,,,,,,,,,,,,,,,,,
789,3,630.0,20260116110303422,3,是,是,101.0,base_info_20260116110303422.json,,,,,,,,,,,,,,,,,,,,,,,,,,,,,,,,,,,
790,3,631.0,20260116110308007,3,是,是,91.0,base_info_20260116110308007.json,,44.15424575403129,0.956703918329651,27.81928423668928,1.1685083537412602,179.17078092890776,37.43115330536085,215.64086989377697,18.44982604114228,64.73721661472075,5.057117454808393,70.49758075179092,11.1129731565339,235.64123179424223,20.44349549226871,174.13273644021447,46.52723126256521,38.27204739932419,20.19651666803325,178.08441742925797,37.53553444690779,131.6879451793478,68.1246905536836,77.99102763584823,105.4552337860558,188.7890702304992,50.53905755078122,56.471359426728725,57.410221334938704,24.5220793921097,0.4775009460434367,34.348975285068995,0.2384422605023053,22.54867320594357,0.3281935604140889
791,3,632.0,20260116110310333,3,是,是,112.0,base_info_20260116110310333.json,,31.13649961394897,1.5354451721628477,29.61158235816234,3.0980439934951898,117.24146372665923,62.67169310527779,44.179261640192784,0.2993695964712516,69.07998335023042,0.7691987982120846,61.78732878392884,0.9536300171464878,24.152545471791587,0.3429930395835747,178.07477593560347,13.579251364490435,120.53097479356416,60.24934230627784,72.86308879815256,0.4996976183459147,35.56714463843591,0.44042011681777,27.23318595075577,0.7694862130443139,15.54365758986949,1.475161079275222,16.575672815470565,0.1511766869898438,37.63439572948615,19.800521791650315,43.46663879039488,10.59910854463036,34.725859290267074,1.3583855100650304
792,3,633.0,20260116110313138,3,是,是,113.0,base_info_20260116110313138.json,,,,,,,,,,,,,,,,,,,,,,,,,,,,,,,,,,,
793,3,634.0,20260116110315238,3,是,是,122.0,base_info_20260116110315238.json,,45.77984129813166,1.3829667622335788,33.38025604237042,2.1939545556146616,217.5550566893497,19.91887427695164,219.6785565821469,18.76492386860163,210.9335839250322,5.733225289995199,235.59932604915463,8.829634552631772,224.92844879646964,19.33954609520132,229.5160518873456,14.95195857415385,6.473949601486187,3.4860528340381185,20.75787250918456,11.086497691991209,56.863676342884,54.44231137953378,42.23873811256987,54.45492235732798,223.8572739716056,19.023102366061508,16.92135519194242,0.2386144653841017,26.977521792716217,0.5657636586782612,36.26564801517711,0.3011369287373155,25.58611868865818,0.1455211318529928
794,3,635.0,20260116110317478,3,是,是,92.0,base_info_20260116110317478.json,,44.16984179648082,0.5764207652652399,31.549453268439056,1.078563385955965,232.0618292260846,10.695966584850888,233.60236603709075,9.313255446198584,207.70813023331783,8.545426364877947,232.05812490718344,9.922588924717669,236.096612156886,12.446834342678269,243.43898480827255,8.680729378457105,3.331760280713807,2.040154735344425,4.543594355214514,2.496005608644857,230.72031787930572,10.06415212163558,230.45022898585705,9.646210724934352,239.96939339956964,10.170470651515014,14.608056000839618,0.567456763764128,26.91680335949673,1.9505616430201973,33.50074029243272,0.4690075413034865,24.653465376320643,0.3465003827987962
795,3,636.0,20260116110320244,3,是,是,89.0,base_info_20260116110320244.json,,,,,,,,,,,,,,,,,,,,,,,,,,,,,,,,,,,
796,3,637.0,20260116110322199,3,是,是,131.0,base_info_20260116110322199.json,,44.28486715947489,2.8373315539613024,38.240029229601234,2.2819578876608437,103.9563466254944,84.91699505605438,52.22327395169586,0.1217610211723024,144.34346934539113,56.41657340505826,157.0955996495533,62.633452797949055,195.362772740143,34.9110417320708,204.6335372998227,19.65173110526953,105.442467283097,76.86573996293787,162.59559740640793,60.17364534515735,148.0502456161058,71.2418501238495,188.6078267006221,31.982684992478625,196.01650360699276,33.695262453711905,15.797548501056704,0.3503315332748307,78.62838947778575,43.46414569994389,79.54532470792846,38.91298637735733,27.933358052625376,0.4766926000809729
797,3,638.0,20260116110328960,3,是,是,93.0,base_info_20260116110328960.json,,43.565948013814,0.954636709772412,28.65024369797818,1.651479763709093,68.20711316687039,41.42308497831391,122.18187771669471,58.68190000088836,161.22016573905913,31.675806793528587,184.9633294842017,34.92802969790264,189.43021949024023,42.68873226893257,174.3768554403996,8.51521342850891,147.8337484991034,30.174453586666303,87.45093080806713,89.2075174854293,9.6009165404524,5.165428807013988,8.050423193903443,4.086436509974437,187.50545227389645,43.98784827142368,15.252869149730488,0.1380446671727639,27.346860421407676,2.929710409939615,33.81783288661033,0.297958800645983,23.969334986261646,0.2246743483596102
798,3,639.0,20260116110332536,3,是,是,146.0,base_info_20260116110332536.json,,47.79816855095629,0.6413866813904961,35.53382782798542,1.834173042908625,200.2779967391756,41.817112004544335,230.40376042912357,10.961297454961317,193.8692211282902,12.77214875086475,224.71175489698803,14.339760451933149,253.36903277368413,10.098461362914064,239.1136980447906,25.596353282321576,34.09433993151285,42.66904185070862,10.623778735881196,5.8726942937746704,173.67727895256797,46.85194054369063,181.9520967797773,49.768054529388266,252.1248309057412,11.03973472610898,15.788511554697934,0.1097339287737808,42.7314606736439,1.180042514619077,36.16761933919771,0.557881973481309,26.960844857772912,0.6042876846392334
799,3,640.0,20260116110335497,3,是,是,90.0,base_info_20260116110335497.json,,39.19863651121389,0.5422614101865915,31.083907968097737,0.8473840714133944,213.4737950325141,19.766762124360746,42.3777860597676,0.2079685562851682,66.3835142915192,0.4232227415459769,57.43264218195896,0.0179629873672363,218.58022515125188,18.630042967739,224.4967125302637,15.67549550078502,209.33944377219916,19.699965416038825,69.51888156557487,0.2164877926418872,35.065045512562925,0.4395103230786679,208.7722649629816,19.81767694951393,217.6840332807559,20.051632033575224,15.069933466941244,0.0384527904649416,139.6938667887802,37.79623054206397,133.77745411492603,37.4061605854398,24.37676219571704,0.2577464592904824
800,3,641.0,20260116110338454,3,是,是,59.0,base_info_20260116110338454.json,,,,,,,,,,,,,,,,,,,,,,,,,,,,,,,,,,,
801,3,642.0,20260116110341015,3,是,是,104.0,base_info_20260116110341015.json,,46.225036343571055,1.0614251469005327,30.180402794301383,1.1829610653741078,173.30325096187303,38.90840938314003,178.03884479371467,36.60660532734306,115.41350942925315,42.88525883798936,132.56962157045197,54.87824200063743,145.79064637752316,40.17907592635309,203.40831181817603,30.09143393885049,12.899706253516124,6.873479045119471,67.23198469534834,35.94843013242356,74.69509865367736,35.191449882188785,68.97369796183877,43.44913746969786,141.5402573023582,40.25235360596147,15.629012679124878,0.4282844661516932,53.45880816007332,18.35671681190274,38.44174327914798,7.070819190209711,30.05943739194066,5.895124717009236
802,3,643.0,20260116110344038,3,是,是,116.0,base_info_20260116110344038.json,,44.083580327990056,0.6524622713126136,33.98633331334128,0.1933756088636344,240.1458369581248,4.840280053132131,204.19414140587784,47.98455456002203,85.89821154248244,28.13212311891613,97.49601774808566,34.710963871178336,24.649852514217184,0.1438843225457848,246.3209472794919,3.551586705281154,38.979070350273965,52.25346508568432,135.6261344823227,72.3023321210213,74.80047497196288,39.63006710536526,29.78522522377184,0.4980697335577934,15.565135240339757,0.1715063076663039,16.800028257572865,0.1583207737477769,25.609909802902997,0.3748872892858548,35.93668672385219,0.3135521572208912,24.7812747509158,0.1072189717577725
803,3,644.0,20260116110348335,3,是,是,121.0,base_info_20260116110348335.json,,48.07523807762768,0.9909084032439772,34.80479916857846,1.7841809579819776,96.32513685212508,80.91384180180587,43.40857306069655,0.4642270796474138,200.2139545208017,9.686995568406097,234.91466175179949,9.834929382841937,87.620724175641,51.165977677352025,203.578257062418,39.22376028789797,101.29888557877558,83.72335663676968,231.37807178858307,6.1988460787178425,9.067075600496995,5.137814448852558,171.37721518080147,66.1095322857418,85.71699140479954,55.23852319190383,16.519421976011966,0.1810947826641933,30.033323525566477,3.46104066616622,34.255209383442455,1.080203133900824,25.811105460187477,0.3052336725616427
804,3,645.0,20260116110353898,3,是,是,83.0,base_info_20260116110353898.json,,,,,,,,,,,,,,,,,,,,,,,,,,,,,,,,,,,
805,3,646.0,20260116110356615,3,是,是,105.0,base_info_20260116110356615.json,,,,,,,,,,,,,,,,,,,,,,,,,,,,,,,,,,,
806,3,647.0,20260116110359224,3,是,是,118.0,base_info_20260116110359224.json,,30.90131507489185,0.8826794937440967,40.21657738069128,0.8980551321339221,40.39663583660943,0.1846484989645331,46.60639897263314,0.098776869467839,69.38579127213119,0.1403861653246843,65.17682776773982,0.091869642141637,26.8113442760824,0.1093813023053294,187.0044986217912,0.1692386473053611,47.12587806531567,0.030058706372972,74.90426461835267,0.1864688353557809,36.416601991028045,0.269896264134128,29.640967682111064,0.1850508650316094,15.148512839295265,0.1247922986397024,17.273318774357474,0.1682813079484525,27.089560122909614,0.3837290335107096,36.01588842458849,0.6446889213090531,37.12647279671882,0.5984412975704808
807,3,648.0,20260116110402306,3,是,是,91.0,base_info_20260116110402306.json,,45.21135355830617,0.3852905570760507,31.005657845533744,0.1740204322474185,227.9802290556271,9.335137023780163,156.7589281240079,36.80168784349256,60.902688437423535,0.3871828674003582,57.28718455623862,1.0732741092611529,21.992611064121,0.1279672861038628,250.91758511090708,8.230483290104976,74.13878773580568,40.64862103154695,142.65164039368685,32.44361489149075,40.15181914631263,11.320169663070212,53.75455101889933,17.996640821879435,13.364991400583358,0.3361176293634625,15.656761956711303,0.3425654541372994,24.541563126139767,0.0383428631271912,33.3613478893634,0.1172803826009305,22.223099036394046,0.2879170469582696
808,3,649.0,20260116110405073,3,是,是,124.0,base_info_20260116110405073.json,,38.37225143846289,0.4580208862728359,33.752445058010984,1.0345345205949703,227.54286580857493,10.211793634291793,43.58829480917441,0.0622989995271457,73.75658219577959,0.7000289030849172,63.30700918898543,0.297628929850563,138.2994448435612,49.18619628979635,231.15670037051785,22.4148236096877,235.43583414283543,9.78463266398118,74.3045224794581,0.4491799713042904,172.28174142368673,44.92909960964799,79.90137578812609,42.695494540130845,240.16405881105456,18.057130320030744,102.68722660091248,46.38259725466283,109.87606382760656,47.93881156483165,38.02255048567809,2.4691520126562527,31.422538801798797,0.8197935673138704
809,3,650.0,20260116110407805,3,是,是,154.0,base_info_20260116110407805.json,,48.32874645754696,0.9029775961600364,40.22671371861022,0.4934974012787992,238.48562587605247,10.02537373601879,240.84474787323956,9.325108715273304,207.2422518110598,7.537876225146619,238.04246561519804,9.06281608626828,250.37996508227036,6.403883476976389,245.49113381548955,8.73635704055171,4.203482491568912,1.918964643669492,5.170067271609962,2.855903600672272,231.01691204196464,5.734239082650717,235.2480070391921,1.3786089691135712,247.4633420251468,6.779864967085708,17.058896060689175,0.4509053494792378,72.32113961317636,51.83125485628629,71.23962579338617,47.16276529185251,29.48713958617996,1.3062783254144268
810,3,651.0,20260116110411233,3,是,是,123.66666666666669,base_info_20260116110411233.json,,48.26904232454686,0.4954670429931277,32.98363004833024,0.7939004392174622,227.42227952374537,10.221896870794916,164.33430458275996,83.05407574251923,202.10502339511757,8.181892403048193,234.08379666977325,9.08176667322402,171.63483090288364,102.64417424861904,263.0695329393941,6.924679636265723,80.4869816045148,108.060068427747,81.843505815782,107.219470725324,210.2488137215314,21.966099526606094,51.20964806781137,21.113673310547423,16.1862751221388,0.1758429535401196,172.68802970047753,109.93411997678773,90.00413426057628,123.87796590857693,238.2262877038535,10.027223537999582,29.79871397278828,0.146379134012942
811,3,652.0,20260116110413837,3,是,是,91.0,base_info_20260116110413837.json,,,,,,,,,,,,,,,,,,,,,,,,,,,,,,,,,,,
812,3,653.0,20260116110416534,3,是,是,134.0,base_info_20260116110416534.json,,51.45855867925152,0.262317616686275,36.8054053079624,1.2126675186743938,242.67255446754572,5.37315686241103,243.1139660132725,5.147125880477527,212.3204465288486,3.690660366696278,247.0097182526766,4.192696865780959,261.722672100959,6.454213805174318,265.2793518374185,5.016189473967146,1.7043836523200546,0.8675004016929223,2.521017297836349,1.2736351198082156,248.66945900596303,4.231862560259478,247.8856352311602,4.627632134468113,262.508611803801,6.439591645497751,16.644656570695744,0.250944853044705,35.14965540664448,1.3863159833422352,37.688675462133766,0.1722558727728526,27.47397911571344,0.1086085543963162
813,3,654.0,20260116110419492,3,是,是,67.0,base_info_20260116110419492.json,,,,,,,,,,,,,,,,,,,,,,,,,,,,,,,,,,,
814,3,655.0,20260116110426097,3,是,是,93.0,base_info_20260116110426097.json,,44.64886140497211,0.2037948880297593,30.38873854397687,0.2726287906172704,242.01732301363373,4.822085615287395,243.14520219012223,4.227089824936369,202.15971838402857,21.476368898327014,225.8488094039769,21.666953505400315,249.4978263112295,4.420454805360703,249.10241448370485,4.584913791741548,1.836470115258927,0.935381924825823,18.101225103547996,22.17175292215552,121.84449461158889,81.0977351054809,138.06133266033,61.923579911557,248.834302346048,5.266667706205165,15.089511535192909,0.0994145667712427,26.15010299059044,0.284069675854096,33.890386424343376,0.2208425634441544,23.91813362284785,0.3121189974859662
815,3,656.0,20260116110428543,3,是,是,74.0,base_info_20260116110428543.json,,39.40353805179017,1.8972632734356347,26.978984964979716,0.3519688093503451,226.64854719167883,9.369557701878442,43.64648998403872,0.6802630318924714,207.4625107448408,8.368837119704004,227.5272117369084,8.835295521665655,114.89685951210548,57.72927621230432,238.58343830718,8.35029828003341,205.9870564573376,6.920081305193077,208.4592139522684,5.867417363751342,205.7326674655532,32.22671876944715,85.87223307976791,70.56258729346273,114.48697470770128,57.74507295045462,13.86781071114405,0.5595155024009818,61.96231131659596,50.179590475638655,61.67584833978852,44.462697295139805,23.862589755929417,0.7787014475196582
816,3,657.0,20260116110440963,3,是,是,147.0,base_info_20260116110440963.json,,29.82719327113857,0.0449895908905248,22.150384891273045,1.239087629929458,234.33416220786867,1.083336811400887,175.88812527449366,60.490739416574456,74.08572239166845,0.2288737399618167,66.0259940223131,0.1340196081207605,165.44310955126352,41.82767033858773,238.0166313124249,2.1682058870723546,61.61659067098488,63.71107914410497,184.79083271079017,54.54387126825221,38.00396357659839,0.1330911508431032,31.18878953240174,0.2353262615663066,15.626753023022175,0.234643722490362,164.77348615242607,41.00958597317051,149.3288758194257,40.664968455180855,36.82552205928469,0.4681959260366105,28.80646857173188,0.2638177551594803
817,3,658.0,20260116110443692,3,是,是,121.0,base_info_20260116110443692.json,,42.252419749039,1.12824650443302,33.08019641905126,1.600081847881072,209.88844283374516,19.033769772495337,212.34574888869108,17.446299232388284,121.78099642958502,33.04950375862233,143.02611908704077,35.75000449537044,143.0434976968015,39.60506635270428,238.6221663359776,12.440473126727936,6.483190978715927,3.5299538383134945,75.74004521578884,44.40616390755166,31.3888446803846,23.12744989564858,24.19317517198725,17.94151035571601,144.66458740432714,40.06668039644955,17.250151517212824,0.1523600920148935,50.89704154052921,19.297235165426837,44.06663685711845,10.766728853458384,34.05215064796493,0.4494846210197099
818,3,659.0,20260116110447063,3,是,是,142.0,base_info_20260116110447063.json,,86.30748064114634,68.79948095256714,36.40711142883251,0.2548883903893912,42.93851973613531,0.1756368307812587,47.32511105417857,0.1104282585731572,76.54581270982952,0.3669651546678948,115.01889291615772,67.30411722099312,248.6759269982525,1.768451236928524,193.6787512216516,0.9544441175971402,48.06845392663585,0.2728509094559702,77.52388646985713,0.2296121626624827,39.67546715066405,0.28662614060984,31.393900571938456,0.4687090103089594,16.41228534478907,0.1535304350996559,246.0016119576791,4.253539110354384,239.80437561524965,1.7763339132865077,41.73324751875071,0.6855952008545192,87.89136659577946,72.3564144282638
819,3,660.0,20260116110450201,3,是,是,107.0,base_info_20260116110450201.json,,29.87135614259477,2.6444316463834507,30.97066830070804,0.8398209753662211,130.63608821402127,65.45203613899683,214.79870683859957,17.538594528733515,70.74343277905479,0.507594804764249,60.88925266920611,1.3769653851580488,120.2475648404441,91.59657085300717,157.80427041966598,53.09370411170849,103.54255493018192,93.68926404710724,217.4344184027742,17.343231306144585,35.48792496077281,1.034571848273591,96.66635048433892,81.94613221960289,136.01897886593596,66.75858699394466,180.13942641830866,48.25390218549994,214.3583227548013,18.406178548271505,44.558728797862535,4.375383362423133,36.49435288991739,3.933295166832752
820,3,661.0,20260116110453203,3,是,是,42.0,base_info_20260116110453203.json,,,,,,,,,,,,,,,,,,,,,,,,,,,,,,,,,,,
821,3,662.0,20260116110458595,3,是,是,42.0,base_info_20260116110458595.json,,,,,,,,,,,,,,,,,,,,,,,,,,,,,,,,,,,
822,3,663.0,20260116110509667,3,是,是,86.33333333333333,base_info_20260116110509667.json,,39.90052839500233,1.675873873992522,25.22926882653492,3.0594606700512004,113.19935224307328,60.26812953469489,40.38854208718772,1.2369909521293605,108.5730271349738,50.249272754106464,120.65084951708737,51.226673768101264,132.49753102802865,84.1190218278043,183.29780765516227,21.68089866535553,104.97957205771752,50.30012816752647,110.97850777246474,49.91514737072449,118.33098042428011,53.01637201343059,122.62058365921284,80.99868794839873,125.14140488169532,88.01251905332772,16.56024877989295,0.9880754492102068,27.7055114791798,0.8354814715134485,31.196998041480477,0.161181500921263,25.89953593106461,0.1466577271799423
823,3,664.0,20260116110512660,3,是,是,107.0,base_info_20260116110512660.json,,48.863650705322186,1.7500535561564312,35.58996892131952,2.7847868091679207,165.0189128753108,88.6828917772283,229.5006686680787,9.511530815029118,97.69099275235595,49.05362806711348,109.6871723774368,63.50773679740394,130.73470847664362,72.58700763257039,225.9320177401954,37.85192792759033,79.90110357959502,108.39324966077636,146.35602923188975,74.28684696806205,71.32696386833533,50.94997025633306,89.33161379316904,97.66900142558818,249.60603931181672,10.781806254738466,119.84758556634632,61.20764127235685,109.48992063879184,60.78833226229344,33.76589902532245,0.2138382971074265,24.70846470839422,4.1023203976182695e-15
824,3,665.0,20260116110515040,3,是,是,207.0,base_info_20260116110515040.json,,52.952750315407485,1.8982670311416736,45.04499634915752,1.6466967309689216,184.1307797057337,39.54291814590994,121.11563851585632,56.397332139408384,165.43248545226174,26.451025141592797,195.29845266570248,30.956329081652548,198.99866872724715,47.62901200431153,221.3302371674099,20.26705141452316,81.09648693949498,71.39793661659114,98.03734389804822,68.41443388363297,183.62541122575095,36.25871011623159,181.81190712546652,49.05192977968516,202.08010512328397,46.70428196027983,20.66787422653128,0.1405903022505318,69.56073002058416,53.15159579221312,74.50564232258799,44.58824292679156,30.799862038634327,0.3616762159010923
825,3,666.0,20260116110521964,3,是,是,70.0,base_info_20260116110521964.json,,,,,,,,,,,,,,,,,,,,,,,,,,,,,,,,,,,
826,3,667.0,20260116110525132,3,是,是,89.0,base_info_20260116110525132.json,,207.62170385594183,7.10308790770012,212.7581514759841,3.8138758016055374,243.95343203806544,4.55463756103445,238.0237818568976,4.590603546677247,61.67245394909632,0.2293645074593022,229.23394043674395,7.663508239522087,24.73707249584897,0.1732333369798214,163.23833272560807,0.278396194883772,37.10739123171795,0.2247653357172688,62.35313497450215,0.1800728958860157,234.73964149790731,4.206972635615064,242.00942649043816,4.247984400901516,13.13468968052734,0.4202016566537176,14.560610357473797,0.3318407999430367,36.97730437313169,6.512848871050105,28.2850936440106,1.8369320082759448,209.5608641492288,14.51839605873546
827,3,668.0,20260116110527579,3,是,是,90.0,base_info_20260116110527579.json,,,,,,,,,,,,,,,,,,,,,,,,,,,,,,,,,,,
828,3,669.0,20260116110530057,3,是,是,81.0,base_info_20260116110530057.json,,39.03163422637172,2.4736427880059,24.010170556969275,2.318776397424222,45.119042414001946,15.626894543130987,127.04188309588444,72.08709499979427,156.38014801109432,41.99995694818891,177.46872837342525,41.18220333137579,21.732390221934924,1.2765455679522535,141.34919464458346,2.634081263699742,109.24763400214,48.8827357258815,122.07410216641408,37.50276322414265,112.842580851123,76.8824038365254,125.99568997607746,77.46851554564319,32.98378588448831,19.53917980065996,35.865323613131835,19.632241214907992,21.81509767337846,1.3521856693518075,28.101253833672363,0.7981938355088773,27.26548185528712,0.5172048361234486
829,3,670.0,20260116110532698,3,是,是,131.0,base_info_20260116110532698.json,,50.93436103237887,0.9112576222235323,33.938461562045006,0.4574586600043532,235.8107970907785,4.648005889208066,57.16740016682089,5.042217266135505,64.59665815650762,0.8633722338195753,68.23588927239037,3.091179897199785,24.97628024232704,0.598913251777155,261.04124569336005,6.308420416468489,202.024136299934,13.519895685298284,62.72005051118129,2.754049685902204,207.50906569760548,13.14852986710429,254.3740519108725,4.430905978844192,14.075825358010446,1.1174767154803007,16.84066853155387,0.2641095391620248,37.32092268878322,6.795112123260152,37.98853344516058,2.446371129234362,24.52888687738061,0.135730298776287
830,3,671.0,20260116110534893,3,是,是,90.0,base_info_20260116110534893.json,,41.677648083790295,0.6259904924963137,29.411570920069803,0.9082577278274746,37.85308920130334,0.4748346306060833,214.59988762053493,18.599240508857992,192.09701888679385,16.28158345994461,215.92167882952535,17.364074685464097,222.34397835414885,20.916278405483396,164.33490350989294,2.0922993420214,215.1636999940132,20.37648584112989,8.6156944962171,4.630871760443442,36.14815797242544,19.855635236609704,31.14401348014565,16.920924118847875,218.33698573950343,23.141576812470745,15.667149523304616,0.6172522075785735,26.592046642811624,0.3815803721157394,31.75444529251961,0.0347030422028476,26.155192105989855,0.1076954676469297
831,3,672.0,20260116110537866,3,是,是,76.0,base_info_20260116110537866.json,,42.70373350646202,0.4381486650990902,26.37035991582344,0.3807084054157359,35.71261832077872,0.1473410556681194,238.01549817399368,4.53733881486811,210.87079667650315,8.147408401996733,240.78311646152636,8.301240315696514,220.8000349859262,59.192613937096766,148.10908376542912,3.404791637377107,233.61797563296537,4.127910954274147,8.393129168030407,4.532158232555528,207.4451727461052,74.74464587050551,158.83730688235437,68.75514239385521,175.24439613003923,111.6358180208518,63.18314479741749,63.71324386288551,21.808511573895107,0.8510881924922292,30.852596398088263,0.7003428666782877,23.02210167674748,0.2937241136864553
832,3,673.0,20260116110540995,3,是,是,101.0,base_info_20260116110540995.json,,40.733735282357344,0.0099619186758652,29.955158054121693,0.0080151046688379,231.7309896364821,4.61160581361639,127.3511291478125,79.24164940487702,65.9201900305056,5.675336729966655,61.40541596179806,6.6938849428596425,241.9940506817958,35.39567375748063,91.90884432578817,50.059183586730896,121.64375190482282,97.78281658893276,125.52762617283284,46.73330470118986,45.61358895101538,17.88256457586418,38.4472890366664,10.5941283919516,149.71753822075553,57.6348812541768,92.57037301220537,50.26150117054854,157.75294891549314,100.46020174401528,101.04576619475527,44.266465681942265,94.8113479062717,38.52619637276576
833,3,674.0,20260116110543718,3,是,是,53.0,base_info_20260116110543718.json,,35.15538251326958,1.2060033730580422,28.258318974150612,0.0786199791521461,235.35909092743728,4.65609076453581,236.31372851103072,2.0165377061887924,125.8750180467134,65.71178947822591,141.96458721863794,65.61547594552414,36.64680011768376,16.296863658382005,239.31811580709973,4.708171715023635,3.768978214718255,0.9887203255041584,99.52603765730764,70.42909908380875,139.86261763540543,69.11167159508118,36.54299436460961,16.096649889907816,36.04794243157196,21.72587445043309,12.88629508138923,0.9179893358275832,20.07286345727421,0.2582511251478787,26.321283213947893,0.2466845051809041,22.09359116133258,0.2036984193385702
834,3,675.0,20260116110546473,3,是,是,82.0,base_info_20260116110546473.json,,34.5357562648939,0.090194235079264,28.90656091237699,0.1388722981401046,225.21492671595263,9.448213875042253,40.39508168706295,0.192021811415614,67.97029381209977,0.5198058751564192,58.671577203643785,0.3166961447800253,98.68880776510032,105.95093740459062,249.28714112730648,9.046662571702225,229.43133186738245,9.377890266436411,64.06853905577914,0.3525604018799056,235.96517959726668,9.65091475435736,246.92322054090263,10.614045367642795,13.600073725825428,0.1905099512834479,92.27768175462226,110.42393695310626,128.1543460235506,77.34669489705583,64.36218593251276,40.461611502466695,32.519120828259666,0.2379810436948668
835,3,676.0,20260116110549534,3,是,是,88.0,base_info_20260116110549534.json,,38.98112863104861,0.4111885256159239,30.75012811279583,0.5353148189057244,167.94286084844325,91.88775931440956,43.776270521954245,0.3590242454374702,65.5991315696581,0.8833220361345471,59.26927113998524,0.610570888870476,240.76722096340015,8.723445449686517,219.5199020352595,37.665590758034384,168.89424389735782,89.27027548620417,64.82641601957066,0.242035220753794,35.49979767088757,0.2302062034700254,231.0747300131379,9.696556786142953,238.79044657132556,9.74123878965056,17.290885533334475,0.182455784591018,23.918770706466887,0.218361096290022,33.342486531556574,0.3660913001538903,26.12130325125688,0.5569369114735622
836,3,677.0,20260116110553110,3,是,是,108.0,base_info_20260116110553110.json,,31.11419219417793,2.3650462633540474,30.99919903242653,0.7163050578976888,38.001170183306776,0.2450053799978007,166.80925293151995,88.19059382225836,72.14249273407775,0.181472894643168,64.18459413313577,2.7002793047535705,222.96863770315807,16.356135078144064,175.37450378544597,0.2323825977710773,175.3439199758349,93.2215370794584,174.29741552162355,74.10720148498389,35.26208656777836,0.1948553093129199,27.808010199955863,2.062368679978265,18.52513942613301,3.2456217149266715,232.34308092087053,10.25216982782216,219.3720700193417,13.424934090404015,38.358054236748295,0.1566935067288961,34.267840623656184,4.933447315545543
837,3,678.0,20260116110555097,3,是,是,104.0,base_info_20260116110555097.json,,34.017333837504026,0.6121540438760766,29.265108770240047,0.0915300548527428,34.38188074001736,0.4134724785328861,43.14593117291758,0.1276288154645257,211.8888643881802,4.68763933353213,231.7676349891618,4.63577527375435,28.187270076821324,0.1498337498614773,165.2534888465523,4.3219876015489405,41.71633444231865,0.0004222411096088,242.01185826426988,4.676608726406029,237.5272182369176,5.222027933417116,36.69340247280973,0.4739255269508428,71.36123165177271,53.81694105611962,69.64632155953215,53.57416952674381,265.7631086472488,1.844922764130328,233.37216900484108,4.681930577728767,46.72409745588136,0.4146028126901299
838,3,679.0,20260116110557323,3,是,是,117.0,base_info_20260116110557323.json,,32.38132569337139,1.8438344997347973,36.40981032624921,1.3801053823639788,173.01566856361578,38.68787364194933,213.7191750935343,17.126510918600307,69.3589131917527,2.1005797792506398,60.85768408008326,2.60948908804218,120.45328667051342,85.8330742686144,197.91827046892823,26.39408560463492,42.06445980814164,22.4677005779655,209.042627262372,20.866815950237417,39.96173227632892,5.114638806008817,96.79900150874956,91.9755971861925,120.41851412037018,87.30200878432872,15.530332240548534,0.1577613867622531,22.63641361816964,0.4820901540047337,33.67380933253164,0.8361733240115485,34.05445629140457,1.777811333963882
839,3,680.0,20260116110558510,3,是,是,48.333333333333336,base_info_20260116110558510.json,,,,,,,,,,,,,,,,,,,,,,,,,,,,,,,,,,,
840,3,681.0,20260116110559807,3,是,是,104.0,base_info_20260116110559807.json,,41.82965709884746,1.4054631495189902,32.70953736087869,0.9221254557833878,81.33594311652539,40.08958919029404,208.58989323670585,18.61427873093489,123.81085597648251,44.27686313341502,141.09286072453165,50.79667232847074,24.099146366023945,0.3771388858710122,171.15662278409044,11.934207450364577,137.10054069880997,39.38806712281734,72.64355334929157,38.83892848925342,143.90309969147026,55.13095049444792,22.43134103815028,0.1735068653253751,14.670636120712652,0.73319723764084,16.32724855646223,0.296042419533169,203.22493125367623,30.603344931978963,191.84659007875447,29.715350238160603,25.743478423052405,0.2431525568087221
841,3,682.0,20260116110602317,3,是,是,160.0,base_info_20260116110602317.json,,36.93861609191425,1.718442249036788,35.13001867075995,1.9485504047510305,209.2901542277949,21.23604527775836,48.04323221031476,0.3941209771722947,77.2592962347977,1.879867011710203,71.82645971862297,0.3500345499473825,114.27992044677318,65.49863837854204,225.91057142858608,15.742358621538704,208.39655083587795,22.06740316799516,79.64790375629134,0.8940903828722858,39.197557077274006,0.2931460700621758,29.476277089567063,0.3648219482891696,16.465139048855416,1.4704837761445428,113.43124375268506,71.96492087560797,81.78188603573436,34.998367485182946,89.54214444801408,27.01424846347148,39.0345299036008,1.2024658991751185
842,3,683.0,20260116110604669,3,是,是,39.333333333333336,base_info_20260116110604669.json,,,,,,,,,,,,,,,,,,,,,,,,,,,,,,,,,,,
843,3,684.0,20260116110605909,3,是,是,102.0,base_info_20260116110605909.json,,,,,,,,,,,,,,,,,,,,,,,,,,,,,,,,,,,
844,3,685.0,20260116110607766,3,是,是,95.0,base_info_20260116110607766.json,,,,,,,,,,,,,,,,,,,,,,,,,,,,,,,,,,,
845,3,686.0,20260116110610723,3,是,是,62.0,base_info_20260116110610723.json,,38.83387365171553,0.4144725634892304,25.70460815210076,0.3740306881915015,99.280854448468,91.4924301698005,235.10852022512552,4.525898067223809,91.60254570240036,53.87964204288857,98.02078671466268,62.227538869837176,205.8934440192937,55.37223990978649,182.201270961319,42.95708749223666,160.94767283299703,108.47801882487538,158.4998224398047,81.2343072670821,89.7646128698396,70.29135700889888,197.9899490846335,55.70740634565439,206.5095662671669,55.26813884384365,12.48877234144138,0.2681072160452207,24.47620185622009,0.2790287808718515,32.49651737634406,1.742069001917294,26.39662597040072,1.243372233989855
846,3,687.0,20260116110614308,3,是,是,80.0,base_info_20260116110614308.json,,,,,,,,,,,,,,,,,,,,,,,,,,,,,,,,,,,
847,3,688.0,20260116110616713,3,是,是,65.0,base_info_20260116110616713.json,,,,,,,,,,,,,,,,,,,,,,,,,,,,,,,,,,,
848,3,689.0,20260116110619169,3,是,是,59.0,base_info_20260116110619169.json,,37.6462419130818,0.0370210193215458,26.101899204520663,0.1053268683934321,32.640023471452224,0.4450091026725362,236.35571348074723,2.521636050637111,144.62518937385877,22.52878630133244,163.70965714189003,23.09692780585587,132.09795518506937,66.72262945685854,144.45497873663098,0.3226752009734668,238.85920739165712,4.162795639598698,75.18854455947475,24.1593347133908,104.88000628782142,65.50818132445293,125.6973086886158,51.58041748111258,134.44452632381362,67.30823142797978,13.120631976208388,0.3431932991939843,20.278266514870733,0.1260038653525851,29.89287425138853,0.2902470489582436,21.135944955015955,0.3284696704280758
849,3,690.0,20260116110622357,3,是,是,91.0,base_info_20260116110622357.json,,,,,,,,,,,,,,,,,,,,,,,,,,,,,,,,,,,
850,3,691.0,20260116110626148,3,是,是,62.0,base_info_20260116110626148.json,,,,,,,,,,,,,,,,,,,,,,,,,,,,,,,,,,,
851,3,692.0,20260116110630952,3,是,是,89.0,base_info_20260116110630952.json,,,,,,,,,,,,,,,,,,,,,,,,,,,,,,,,,,,
852,3,693.0,20260116110634570,3,是,是,163.0,base_info_20260116110634570.json,,50.89212192677271,0.542937811424015,39.19669018825951,1.1758788038778265,174.50067523866497,90.4870431133072,247.4543288431497,4.586868547239293,197.672794835909,27.421585307369423,229.2722767990914,27.59879375829643,203.51192604111,42.35246953679519,238.9491889345064,25.22735571138286,90.58615319000708,118.72380333166322,19.38326589053349,25.84988583216642,58.944658761382215,19.916000143488333,65.29035540004999,44.947327921053045,204.1807100918128,43.10403171878817,18.28770513709934,0.0517965972576495,38.20761529901426,0.5359664285859499,39.08833747131383,0.95971403149065,27.96242667892002,0.5323057520259116
853,3,694.0,20260116110640119,3,是,是,70.0,base_info_20260116110640119.json,,,,,,,,,,,,,,,,,,,,,,,,,,,,,,,,,,,
854,3,695.0,20260116110643796,3,是,是,95.0,base_info_20260116110643796.json,,42.13830257454506,0.9240574437919226,27.24000806487117,1.3901256224535965,38.20288785242349,0.2837836443098411,178.62906452460308,36.0612480808736,191.4974864915721,16.969126321898536,217.84534281391032,19.01959157256383,198.2436119199316,45.696566792159,160.36376035901807,5.092435616541698,173.958467372374,36.07591243771802,35.872589515924346,19.160958009026587,227.47800884962712,20.814848948236104,183.64738041987744,44.47450295177068,181.85025355616096,55.171174434338525,22.606184866496164,6.656439621658994,38.39969063314694,7.233974075116715,35.52252750808073,4.325575258969465,24.70953117848224,0.223166820275115
855,3,696.0,20260116110646895,3,是,是,106.0,base_info_20260116110646895.json,,33.13601953601774,0.1409580810571334,34.281230585759175,0.1185054706892418,167.2067388695471,90.46069193520424,109.27195381112686,81.51105418645557,72.13007076088887,0.2734932934338854,64.33961538072337,0.4733079811317998,26.44074409197644,0.1479992974766458,212.8448600889618,21.354360344883773,81.98938106517475,80.98792502998052,121.16214203415063,66.7043120533023,36.26339808893764,0.2324591101273272,31.53600552517776,0.7493319337451618,15.395479446963028,0.12189975275802,16.361325550251195,0.0356289738889326,26.14339951555866,0.6212973993583765,36.66615064072434,0.1231686686491986,31.770902235049608,0.237219821332275
856,3,697.0,20260116110649596,3,是,是,71.0,base_info_20260116110649596.json,,,,,,,,,,,,,,,,,,,,,,,,,,,,,,,,,,,
857,3,698.0,20260116110651992,3,是,是,69.0,base_info_20260116110651992.json,,,,,,,,,,,,,,,,,,,,,,,,,,,,,,,,,,,
858,3,699.0,20260116110654490,3,是,是,69.0,base_info_20260116110654490.json,,,,,,,,,,,,,,,,,,,,,,,,,,,,,,,,,,,
859,3,700.0,20260116110659803,3,是,是,125.0,base_info_20260116110659803.json,,,,,,,,,,,,,,,,,,,,,,,,,,,,,,,,,,,
860,3,701.0,20260116110703612,3,是,是,138.0,base_info_20260116110703612.json,,,,,,,,,,,,,,,,,,,,,,,,,,,,,,,,,,,
861,3,702.0,20260116110705896,3,是,是,123.0,base_info_20260116110705896.json,,36.44215695784615,2.371035579151185,20.518613843171146,0.0390037684562915,72.64605230718668,32.49573145703181,49.1069799290583,0.2242997366084816,72.6434353848328,1.430750379612863,63.28044226628782,0.9545017014792638,25.78252899726763,0.3304064087808717,163.80500423543984,2.142578525605982,87.24056642607485,39.010061992483365,71.2170810923185,0.4123475130837381,34.42938620329613,0.6383158317252525,28.59195778912012,0.1894855662241129,39.49382448726272,21.57094387823114,38.31639858481373,20.181949815936814,49.13174849965521,32.92714798743605,48.45360776832342,16.221494397242058,30.853035673457956,0.2516680763437501
862,3,703.0,20260116110709525,3,是,是,144.0,base_info_20260116110709525.json,,48.95285873250361,0.3280489306655427,42.18284522389269,0.4695674148358711,219.8205254344626,52.096332520464166,255.152650571439,2.580253533944211,218.4608413595997,1.4839227536167183,246.45034365973672,1.92793435636496,253.05262087079188,1.7785049085330398,229.78411402525373,30.100053581165103,36.54470383447822,50.83855446319898,1.526914502647476,0.8708459616887458,83.41015443318439,111.21518776089864,84.89598431213987,111.49873138204713,251.08543780695297,1.3038717156257953,17.4492982448354,0.0802565699648478,86.89787758324123,48.28468896007142,87.18508842845354,43.956309770858496,26.761659178655236,0.2580515055992313
863,3,704.0,20260116110715999,3,是,是,74.0,base_info_20260116110715999.json,,,,,,,,,,,,,,,,,,,,,,,,,,,,,,,,,,,
864,3,705.0,20260116110719631,3,是,是,70.0,base_info_20260116110719631.json,,,,,,,,,,,,,,,,,,,,,,,,,,,,,,,,,,,
865,3,706.0,20260116110721912,3,是,是,78.0,base_info_20260116110721912.json,,34.59363453889776,1.266663891714722,27.3790238362206,1.2161315141746465,170.97878515689445,37.72753429580005,172.6098007575484,36.744373782452655,76.18798293297876,27.4937640546522,79.73351158418882,32.548726513923114,73.12653020112678,41.36195255420312,196.5039766102817,30.6001552661165,11.84536384493129,6.33199194380945,129.04406940179777,70.46469127066082,61.01075170488874,26.406123926413414,38.46681678439097,12.859362906739229,30.655200412379724,25.160049686577832,52.370942693512326,51.15652330857096,55.77050717769525,40.98628912696045,28.80321690245365,0.2115939141754997,31.56654482984989,0.5530976835263405
866,3,707.0,20260116110724648,3,是,是,70.0,base_info_20260116110724648.json,,,,,,,,,,,,,,,,,,,,,,,,,,,,,,,,,,,
867,3,708.0,20260116110726985,3,是,是,84.33333333333333,base_info_20260116110726985.json,,,,,,,,,,,,,,,,,,,,,,,,,,,,,,,,,,,
868,3,709.0,20260116110729904,3,是,是,90.0,base_info_20260116110729904.json,,,,,,,,,,,,,,,,,,,,,,,,,,,,,,,,,,,
869,3,710.0,20260116110732148,3,是,是,92.0,base_info_20260116110732148.json,,,,,,,,,,,,,,,,,,,,,,,,,,,,,,,,,,,
870,3,711.0,20260116110734532,3,是,是,110.0,base_info_20260116110734532.json,,27.34152136310385,1.1109270093919004,31.197140053322567,0.5099129250970315,211.12106324340084,21.18516788790867,172.4770281182236,41.05671051146592,70.49374316937464,1.458256804201791,68.93590408400354,0.7151678578865853,2.892262537162472,1.0758343518619151,233.56546212761344,15.461901575459713,63.08675062072481,28.69634077369056,182.4355740484293,37.34716903337132,106.47672098880726,83.35126386953634,143.6168642505852,100.54977993889251,244.53159337652943,10.418313273334403,242.09525739217432,11.140134227724245,232.54198852059932,9.779395012855154,35.43780359232406,0.3223905270451669,46.11325461540566,0.5874750893466195
871,3,712.0,20260116110736980,3,是,是,108.0,base_info_20260116110736980.json,,,,,,,,,,,,,,,,,,,,,,,,,,,,,,,,,,,
872,3,713.0,20260116110739514,3,是,是,98.0,base_info_20260116110739514.json,,46.88360588339915,0.698126205773887,31.16418365946807,0.8142255694227478,175.77880156050142,36.94266661269943,181.12544486719756,34.60813967523534,132.38830922275946,57.25392002585175,152.2267698532197,68.9966078716755,198.20626628197792,39.5466479775626,206.25588025156867,32.17816806524851,12.79980324778929,6.637221217583905,70.40023343327461,66.95588544545727,143.19107579871303,74.50063197901704,183.0733103926224,36.69031486180205,191.20656727389184,43.60875457352192,16.988452572928768,1.4909342790225857,55.699450037934014,20.23306600446612,54.51794984719728,20.251261182148315,23.89771567910707,0.0834923575942152
873,3,714.0,20260116110742204,3,是,是,72.0,base_info_20260116110742204.json,,,,,,,,,,,,,,,,,,,,,,,,,,,,,,,,,,,
874,3,715.0,20260116110744933,3,是,是,62.0,base_info_20260116110744933.json,,,,,,,,,,,,,,,,,,,,,,,,,,,,,,,,,,,
875,3,716.0,20260116110747566,3,是,是,101.0,base_info_20260116110747566.json,,40.42563919293926,0.8498387512418325,26.89474830866269,1.883379145519762,41.9925890739103,0.4605624659809648,172.60430796561408,71.68430474608483,191.3037714404828,16.61882854091234,212.078124097464,18.207709076079997,232.4090139579972,14.17446341691567,171.6917740229882,1.1890748292723814,181.47422767410924,70.23546849402418,46.28477756393048,57.09811763351067,210.005643718844,19.94810432710644,223.9496215292517,12.24064878200522,232.2310157201873,13.85004032535794,14.728260710989694,0.3388094206653192,29.47176116933637,1.7656045974470602,33.676201381739965,0.3980420749672899,27.435629507365707,0.2757613409788952
876,3,717.0,20260116110751035,3,是,是,73.0,base_info_20260116110751035.json,,39.214382451921296,2.267373456819833,38.71458746447893,3.2390962299255897,41.48462786619385,11.546849024984846,45.53542741337179,0.4237940845423646,160.54755902625485,72.44160372727663,177.6131873052052,87.8271145668044,241.4171565237621,4.305919739857389,153.26067847109027,4.711146371375623,41.22915351203048,2.7721280878553856,166.6347957523089,77.22018409278141,125.0404861993536,96.38658019221477,46.112940600507976,63.483919410687975,240.97444978447209,4.31004181588387,14.422831101580355,0.0631840264260446,24.07387117003273,0.1446927456666675,30.81580986964319,0.0520233078739082,25.82617303254329,0.2755271699765255
877,3,718.0,20260116110754386,3,是,是,123.0,base_info_20260116110754386.json,,31.22423950780666,0.1496744586317891,28.61606910999399,5.427135128899825,136.47286500834582,67.86001147876775,45.341173884329294,1.8385617740200253,72.43381689835373,0.1682861801387368,64.31507932190185,0.133430253781435,61.537460505168646,86.0416930547617,177.1886702428428,56.65430970954822,150.2489834558015,75.17121839703304,72.96115035458973,0.0427448007737789,251.00041160673243,1.3476127208039994,62.97843314507322,86.62096153608954,132.99775341118462,49.578032622156805,194.0699669702369,52.50224081672317,234.172836533981,1.8387414027803173,34.36315238406592,0.0624341192448774,28.75596226703495,0.269274703087246
878,3,719.0,20260116110758664,3,是,是,89.66666666666667,base_info_20260116110758664.json,,34.9484540965584,1.2921838841639308,33.25031561423061,1.2163821625236493,221.6534225649325,20.99635323556324,46.45764622069356,0.109779152435454,198.62958042450717,16.557700986308713,206.79295923946208,16.212919366199085,211.06395248929476,18.86596002242719,214.76594127757983,14.911459762993452,213.9188239840905,20.918268938053316,219.42469615968145,17.922326594120655,194.98894749303736,17.75965643187448,194.59627950042773,17.981313694868177,208.6932872128308,19.000396972553705,15.131333442746202,0.1973276580628114,27.006060473384945,0.1312163063037411,31.548353333849136,0.5009853136472944,26.41466383712192,0.7634206850601405
879,3,720.0,20260116110802264,3,是,是,60.0,base_info_20260116110802264.json,,,,,,,,,,,,,,,,,,,,,,,,,,,,,,,,,,,
880,3,721.0,20260116110807719,3,是,是,105.0,base_info_20260116110807719.json,,47.65754306532535,0.101707480761704,35.30704599528884,0.0641483700431069,247.94187558874583,2.631418390744144,248.14236003431083,2.524008197862912,117.03844255999024,73.57507797014217,123.43638219063692,89.18374675956288,104.50994001450432,42.24916793648228,259.5647131441572,1.9508581240318963,0.8121367771830744,0.4325213422371418,156.99736954214174,110.6391882810219,107.8525202108773,99.32750774802987,57.258577400001705,31.374656068528328,65.99345817843337,33.34334542273283,100.04124267590464,67.50832086162677,91.44420191173435,53.38235814023594,36.65681250108542,0.3911082554356627,28.01333145459408,0.0850520696374617
881,3,722.0,20260116110811629,3,是,是,110.0,base_info_20260116110811629.json,,59.09310225130857,31.614493057096382,31.19275020933389,0.934782865324801,38.942141822368086,0.2378226100348784,43.715706821876665,0.1360876551986571,72.02438753370164,0.2023610644958726,96.17511511177736,28.831281123828703,116.89515542992542,71.25824121234183,173.18162022635514,0.9371463491610416,40.579562770457336,0.2191708226093651,71.15271737355219,0.2835276842851279,210.77629476033653,19.42715807815564,216.0607170682998,24.534203329126616,16.818197834446476,0.7518377476906111,115.79988341024112,76.06981593732962,78.17775952197155,69.32357105206226,49.84221812813166,19.220563506032857,66.2763894975318,32.97415252344006
882,3,723.0,20260116110815402,3,是,是,98.0,base_info_20260116110815402.json,,46.28235287758224,0.3491752079480691,33.55789667648724,0.4944376229016953,242.59593556771884,2.1301356205529984,242.7880933608773,2.03704840287386,150.64137877450875,59.3695196209204,165.9330602782163,76.05649310357455,38.5845237307278,23.554855460374995,254.68961119240507,1.6570955618430248,0.7591872529172964,0.3659940490245219,94.65520183561644,102.50911212471848,158.4383386004425,87.3110267270455,36.31739100424721,18.938681203603583,34.316121621046854,26.53358260669224,15.200183747204674,0.164569178734806,55.11449076155157,24.07557048368752,53.76189539732864,18.9797312540292,23.77279923449068,0.2189376977830798
883,3,724.0,20260116110818428,3,是,是,92.0,base_info_20260116110818428.json,,,,,,,,,,,,,,,,,,,,,,,,,,,,,,,,,,,
884,3,725.0,20260116110821083,3,是,是,105.0,base_info_20260116110821083.json,,,,,,,,,,,,,,,,,,,,,,,,,,,,,,,,,,,
885,3,726.0,20260116110823991,3,是,是,72.0,base_info_20260116110823991.json,,,,,,,,,,,,,,,,,,,,,,,,,,,,,,,,,,,
886,3,727.0,20260116110826471,3,是,是,99.0,base_info_20260116110826471.json,,44.89405483726724,0.6041996059658642,30.413303235852226,0.6649379681554776,101.76038760067142,90.84230541942424,122.63680202842144,60.43270250731947,152.26398745714835,39.198637362939735,179.0604577462909,40.1657328409893,24.83419596742038,0.1867748584376736,198.21890207691936,43.218377746617485,73.21522221645132,43.90454035589355,110.4022745207567,41.26107110023669,179.95709694495065,44.77805517484112,26.05697172806504,1.612361890462662,14.48970050944311,0.304638473490162,16.352536949815818,0.4602285533916762,35.75979985644548,7.889770376455818,34.6364604386921,2.3443655804178327,27.07231751372402,0.3837135902667131
887,3,728.0,20260116110828810,3,是,是,126.0,base_info_20260116110828810.json,,48.003216791958245,1.5802085442803726,31.14621562508957,2.4853727655037985,86.50693772135138,63.28889684259168,172.32110344303473,36.8061752810808,113.27898391889312,38.395701427816775,129.3455659901507,53.187452007049686,228.40695864233692,23.24574676885957,197.28546342464625,14.683559601131106,119.0628713682829,84.55540281436386,112.43800553356311,45.92012524452832,120.0046240406918,64.81503688480905,212.6419169080881,24.560015850434784,234.74701517114636,20.979516961183545,18.598050208122213,0.5519327498825891,54.07367994847619,17.588568419563916,54.36199216508992,17.89855500654795,26.06881261971519,0.3073503588279943
888,3,729.0,20260116110831446,3,是,是,71.0,base_info_20260116110831446.json,,,,,,,,,,,,,,,,,,,,,,,,,,,,,,,,,,,
889,3,730.0,20260116110833980,3,是,是,107.0,base_info_20260116110833980.json,,59.07612326462273,7.410841767082655,51.478623588986494,10.050949664354546,40.31407076178163,0.2688116794615393,158.59103663417577,79.9312551456871,190.5726813844804,16.87219871381299,240.1321819107826,7.568533435896277,60.92716840451408,57.094490719568746,169.83424535449558,2.3986105626023795,158.43992550941513,79.8920738313873,94.50524762323649,98.12172873310892,237.680276791967,12.37958325180116,214.82045556000296,21.299822833998288,226.9596174762485,22.310220279027703,183.3738108048076,49.18336292017845,163.38864353516166,46.68072730605584,33.849964741848844,0.3888202620517305,24.169818562073647,0.1922064940700277
890,3,731.0,20260116110836442,3,是,是,74.33333333333333,base_info_20260116110836442.json,,,,,,,,,,,,,,,,,,,,,,,,,,,,,,,,,,,
891,3,732.0,20260116110838893,3,是,是,90.0,base_info_20260116110838893.json,,42.61020135453654,0.9650859895682646,29.705549895789854,1.6629521943151049,175.7446304540824,38.25049190970618,124.4926004328042,47.44890074646358,61.96652325867664,0.9567192456037156,57.63681014202759,0.6169188073553591,107.08916846837762,38.99200619182453,190.2687343625755,30.18288915307241,100.00381684564756,37.46132278635836,116.28127982865122,44.08885731671568,33.923345560564655,1.624837862464384,66.22968125995384,41.88893841636264,75.98486442421262,47.76976105464749,181.53595213810465,39.57187216292577,172.88710949648768,40.33483107217088,34.957552910425484,1.8176454837642064,25.873143592947372,0.2398069681681065
892,3,733.0,20260116110841165,3,是,是,72.0,base_info_20260116110841165.json,,,,,,,,,,,,,,,,,,,,,,,,,,,,,,,,,,,
893,3,734.0,20260116110845012,3,是,是,128.0,base_info_20260116110845012.json,,42.95306537285379,0.5535614015724545,42.0711472218977,0.1706526853283708,43.82634763110699,0.2641262589745802,53.8888461259709,0.2008868112772149,226.26176866000452,1.5593298408044576,250.1110674770614,2.424016469781016,250.52644031981444,4.52411827116098,188.8561050829273,0.5622657827338949,50.235384584367374,0.1935736000146206,248.09874540515452,1.5982435895328075,160.98401805716853,113.1214846250028,161.22024903798945,113.25040777842752,248.74835227068425,2.633271845457664,17.258578813887052,0.1445322920337469,48.77073630053328,20.79463861324864,53.077704974418914,17.771205466697637,31.056259137584007,0.4258317530381805
894,3,735.0,20260116110848771,3,是,是,95.66666666666669,base_info_20260116110848771.json,,33.24738352870767,0.2803475987109894,29.98853030012087,0.7144786516428787,212.8723584141586,20.41936593033445,214.69915602962436,19.447015035711797,69.40650950944392,0.2390146846304874,61.4024237599401,0.3903105978139446,59.82026739126503,48.94773897327542,203.311351196522,26.53157281537538,6.244362819545747,3.301612048283464,208.2961925772196,19.20272340982052,34.685339867272525,1.0316404675261444,28.65111963584452,1.353596349068015,21.945258271762388,8.640743590317934,43.2740160658912,37.95109600173628,55.76752141338548,40.51061325924338,33.520561600843884,0.1935697486405908,33.25023311019876,0.2890674116532773
895,3,736.0,20260116110852629,3,是,是,136.0,base_info_20260116110852629.json,,36.482788456785485,0.8737995365144269,34.88934427585291,0.8557864844083061,224.8342323848731,6.616146666653634,46.2830146015101,0.0186389461174037,76.23950759786372,0.1505289711286375,63.54739363880526,0.0334810188370657,173.06527445818506,26.82765723586954,235.9976014905437,4.917171527965393,227.73103028434275,6.604539413784069,78.739205569542,0.3496052101748689,137.61439621526662,70.72578898678435,103.13333675587435,76.3221952666021,92.49134806377084,108.54392283471483,163.9489797145172,37.04435350689784,127.02151635074352,72.94194438565214,66.0967570505379,36.0895505116604,33.30787045899404,1.1261675844860488
896,3,737.0,20260116110855565,3,是,是,127.0,base_info_20260116110855565.json,,,,,,,,,,,,,,,,,,,,,,,,,,,,,,,,,,,
897,3,738.0,20260116110859554,3,是,是,135.0,base_info_20260116110859554.json,,45.22184351335947,0.9068548255371156,37.68744924420037,1.022948857938147,221.28699950088733,20.94962823078005,125.37072267510318,35.27026210848437,211.72026717224404,7.804997032582192,233.57332487668097,9.778747279097685,218.48644148671272,36.96233275321926,222.23494714440093,14.611441184281508,102.65324391959048,35.90265699765292,125.38532889550576,35.64677808402263,225.179026680904,10.343054474705644,232.33763745770852,5.982918803004671,239.5526242028601,6.015291542441899,33.48874031276465,23.793265585558583,40.363180831058166,17.38745751848721,36.97919100354955,0.272624697569905,27.19537151861836,0.0546636835665102
898,3,739.0,20260116110901951,3,是,是,121.66666666666669,base_info_20260116110901951.json,,43.841211253980966,2.885149383520621,30.640902176460543,2.475704790843691,145.73112535343492,75.7758591938235,66.90712458933942,30.134577397397678,63.657847778930375,0.8692876228165004,56.75389634938495,1.211799390172514,120.19895103152344,72.3380358523194,174.30026928191378,24.275154699963245,106.4268824871562,49.142296455000285,78.79254616652496,19.46083041436105,35.496406728947754,1.406227178773004,107.49745792353296,65.58261705376546,83.64847992752523,63.74396460872521,39.67751288141071,21.58386312538235,48.56376090053865,14.41732966706935,46.39490068658416,12.41097883286407,25.877352111487717,0.2969783881029734
899,3,740.0,20260116110904695,3,是,是,61.0,base_info_20260116110904695.json,,,,,,,,,,,,,,,,,,,,,,,,,,,,,,,,,,,
900,3,741.0,20260116110906979,3,是,是,103.0,base_info_20260116110906979.json,,43.04166945196306,0.7937208673077809,30.51431456240333,0.6792376635214867,211.163123298179,19.46786311795433,78.53279447463026,42.22368000429152,64.06029744829172,0.1675904899407974,59.62024515054958,0.1238508401935224,23.60989870469388,0.3540696774699376,227.6337537278982,16.18741337166741,152.36577391056642,40.745690513741856,83.82837234451218,27.60358779945513,39.98307151202842,0.8736074378698402,24.01330223202243,0.3721387916332307,14.98765485888508,0.6783868033078669,15.81713180901222,0.127993243915789,26.988117757162755,0.1257128807386311,34.4264804741836,0.5208792171110003,26.360207137159037,0.1594693242752506
901,3,742.0,20260116110909166,3,是,是,107.0,base_info_20260116110909166.json,,,,,,,,,,,,,,,,,,,,,,,,,,,,,,,,,,,
902,3,743.0,20260116110911428,3,是,是,104.0,base_info_20260116110911428.json,,41.359794261585954,1.1916554449067862,27.80772849168457,3.409393411479556,172.0737541634264,41.02350178342361,175.4246659830944,39.24013555020614,161.9004630986132,30.516030731987478,176.7684333866772,34.86075501781414,27.7896442250339,7.254312700965061,203.64111206713548,22.59747816422075,11.928793589531333,6.344909254073318,20.37263555401969,10.859428348530338,173.35406113396854,37.52712234017542,25.771169417282767,1.0843481318383852,14.69538274018376,0.5976697049592163,25.96645420895572,8.212373462434497,24.26314769590512,1.5358761926660842,34.99861981466125,0.3307181565670266,24.56553321946187,0.2222411091937772
903,3,744.0,20260116110914064,3,是,是,129.0,base_info_20260116110914064.json,,38.97772541047914,0.4662554182223574,34.73287196132713,0.0070547042174089,105.51655567160202,89.6040864105867,46.00034433734999,0.4527301517132365,75.57996313549808,0.3009232425566769,65.4258011937794,0.3785710099416339,25.89637522173256,0.7664085668757918,206.6756425092184,24.67329593868533,108.49788607110288,89.42735274069784,76.8680173918609,0.392651311592522,223.361606308277,10.567836415314686,224.95508654261383,16.303795669064016,18.049400951952133,2.29215146000643,16.141465668634694,0.3746490980736079,64.08252776914158,50.07943209386437,52.41090635614808,21.82607662652919,39.72812181974356,9.05487254457262
904,3,745.0,20260116110917448,3,是,是,190.66666666666663,base_info_20260116110917448.json,,,,,,,,,,,,,,,,,,,,,,,,,,,,,,,,,,,
905,3,746.0,20260116110920995,3,是,是,87.0,base_info_20260116110920995.json,,34.785109591743286,0.6486067606010592,26.69980281015908,1.1423383809654115,173.07931064973968,38.950282618163925,41.53008569670803,0.0963889539639709,68.68458377101835,0.3660196127454169,58.66785211648278,0.1348533536208384,23.136915571190094,0.1883773273494723,164.73760674122818,39.34372977324176,174.40449547637365,38.7362886820773,66.74737323610636,0.1779706820110668,33.67873281425311,0.3788934804645721,24.508190886878108,0.5337177042462106,38.77403998959225,18.366630845374782,39.7966240851102,19.659011570522765,27.247776420375725,0.4081518372777605,45.06865248418941,12.201297648176403,46.113669184228335,14.790075975893275
906,3,747.0,20260116110923382,3,是,是,81.0,base_info_20260116110923382.json,,31.51943312339576,0.4295121222364528,28.126693087191036,1.2857182548588482,34.39754718782815,0.2623627419504204,42.65598616305916,0.1157219862738991,65.89753282449571,0.1792974875844706,59.45241779345802,0.2667818779086674,24.47060000761311,0.3022567423051568,161.52280283728783,0.3791499585863275,42.16496394689396,0.1752789923409634,65.07742524703403,0.0774683931176326,33.78085626384773,0.2306646400859682,24.47452755907936,0.1595761168447657,13.711355674296543,0.1659652876493874,15.928286744436724,0.1017597681767504,26.01293775600088,0.4759807749658519,36.483792843487954,0.6944525513132155,24.23892585668169,0.0508427526556551
907,3,748.0,20260116110925884,3,是,是,100.0,base_info_20260116110925884.json,,,,,,,,,,,,,,,,,,,,,,,,,,,,,,,,,,,
908,3,749.0,20260116110928722,3,是,是,77.0,base_info_20260116110928722.json,,,,,,,,,,,,,,,,,,,,,,,,,,,,,,,,,,,
909,3,750.0,20260116110930972,3,是,是,67.0,base_info_20260116110930972.json,,36.805886585286295,0.5210064304203236,26.10316981400661,0.8490739313160199,112.68193932115577,61.25601892600473,122.88227815086375,33.60899573336196,59.56722157848213,0.5064727200023508,50.26434704275963,0.2321003672450257,91.86615533137426,55.43671116728787,181.4199912375956,25.613964269353676,93.39073461154386,38.11450096551981,129.0896857144449,31.20673276524014,33.06264666942725,0.5880000381307647,144.46304038000977,88.0075158975733,148.38533062611347,96.35823335533378,76.99488265000497,38.94506455538082,102.56964699781877,46.6896747502995,165.85374196979578,57.383695607560966,26.53049007686326,0.2082926045089575
910,3,751.0,20260116110933292,3,是,是,125.0,base_info_20260116110933292.json,,62.93529541688921,31.97157504072261,28.0427054740414,5.294585928617942,127.26254127502224,39.80364895187048,174.07279035956194,40.93554591392648,71.37999206174511,1.6470327469910468,91.1936217303018,26.046583633807654,84.9500874179566,53.80325587943417,121.47535468458518,32.441057323088856,55.740123074311335,54.32289359630408,170.26040137442746,39.74318918942792,34.26140027084943,1.1346536667984437,46.25183370535356,14.940107980627252,117.7215684366426,56.87627348363994,73.98601445935086,32.646104195290285,49.383455980197006,29.08907836891938,75.78491953921876,40.45120687224163,67.63511926777689,32.65813855143424
911,3,752.0,20260116110936003,3,是,是,112.0,base_info_20260116110936003.json,,31.30849687565444,2.160471034839748,28.666791181279365,0.9459783039409108,179.20084869582965,43.98621604403972,204.98585985526552,20.286580079416414,73.88992331402211,0.1145153587306327,62.73614404718021,1.4367035494456184,150.42084376171167,105.03296523385156,206.31170214314903,34.12043729097945,28.80686092070424,25.84402033930352,219.72154913470672,17.9966215081661,170.39605942695232,28.56457300379207,130.53088893255392,64.96827949977096,100.98694149892049,98.91863831955816,212.0990567011249,28.863460257671115,65.94423889741917,50.5865010155287,137.46111183686364,41.50829271574987,31.19898755203993,0.3937005881223898
912,3,753.0,20260116110944675,3,是,是,75.0,base_info_20260116110944675.json,,,,,,,,,,,,,,,,,,,,,,,,,,,,,,,,,,,
913,3,754.0,20260116110946908,3,是,是,88.0,base_info_20260116110946908.json,,,,,,,,,,,,,,,,,,,,,,,,,,,,,,,,,,,
914,3,755.0,20260116110949909,3,是,是,90.0,base_info_20260116110949909.json,,,,,,,,,,,,,,,,,,,,,,,,,,,,,,,,,,,
915,3,756.0,20260116110955246,3,是,是,108.0,base_info_20260116110955246.json,,36.9566724672128,1.913199664191947,36.084363478354256,0.7627042593364974,93.3151377391913,74.57087594236184,205.02148904231376,45.32423395739635,165.7841742106802,24.772633051660183,178.64582986017717,23.20478574764543,136.13057519047345,79.66728934613556,182.77912367608005,5.654765188185422,149.54596876351368,103.38152393694544,30.97712028678514,11.950106179612556,148.79856186049795,25.820580449040545,30.11890346392872,1.2987932961472473,25.492656644567983,7.762121504346264,149.29335185842044,96.43627898155444,156.2283784393133,88.52820461371999,31.821437679401168,0.0811105477564345,25.53030676778692,0.3857916951701349
916,3,757.0,20260116110957564,3,是,是,65.0,base_info_20260116110957564.json,,,,,,,,,,,,,,,,,,,,,,,,,,,,,,,,,,,
917,3,758.0,20260116111000215,3,是,是,67.0,base_info_20260116111000215.json,,,,,,,,,,,,,,,,,,,,,,,,,,,,,,,,,,,
918,3,759.0,20260116111005508,3,是,是,136.0,base_info_20260116111005508.json,,179.04949504399323,33.99970815304454,40.34534644597559,0.1801524636834507,255.0429430435654,2.8770549794224616,116.52184520798336,98.6505693535199,220.9131758329621,2.4536903056157,42.66074759413166,33.34037216181701,169.3622984951878,100.91466244895902,240.80015945299547,2.094241516658554,172.37176595137365,121.3477040880496,173.08415265872964,121.49243286098208,141.63236455843705,74.7449809060766,74.939113357739,49.53388691536147,166.63466129099285,106.13504683664482,15.883541455775458,0.000711887568905,24.462898109823783,0.2747546462114754,40.82756028557683,0.2841926249986237,178.36167785124022,34.08877512696925
919,3,760.0,20260116111008417,3,是,是,80.0,base_info_20260116111008417.json,,,,,,,,,,,,,,,,,,,,,,,,,,,,,,,,,,,
920,3,761.0,20260116111013400,3,是,是,95.0,base_info_20260116111013400.json,,43.63634061312275,0.0488376216812201,34.73340041507032,0.3035789649525401,254.55071909362127,2.706609052973374,257.2727165346296,1.2532266150024705,118.4251609373755,77.85324889060854,122.81018953287789,90.41685824340678,251.24539145290387,0.7951832391924315,247.7261841896473,2.535392129389102,2.804665150362082,1.4967075527969336,156.81144083908228,110.69987588408146,131.36326267004048,61.67870682560885,171.08665948957858,38.93753670162461,249.67995181392777,1.298780407556032,15.191810469315095,0.4763152132752589,28.492973114546896,1.6662818873632754,35.74592509208016,0.9016589480493762,24.297248430881893,0.1028234955778027
921,3,762.0,20260116111018063,3,是,是,139.0,base_info_20260116111018063.json,,42.30657148905029,0.5561049364779904,50.947390098777866,1.1835652115265705,287.4917824209832,1.635221941287904,287.7549148658508,1.4977426961521187,64.59426981197856,0.7212352832059615,65.66863440900347,0.2182017991457367,242.9216998466095,1.807981252154398,238.81407776608265,1.1967528814480206,0.4597413034018321,0.2401894203322895,230.51552361385112,1.4382454989416429,41.59315098775691,0.3735126551229455,239.80304280911173,2.131668470714196,238.7233536704412,1.250549570482412,18.48901767266648,0.2785490232937012,33.05134569903,2.940883607345171,43.48441333691022,3.898861478564613,22.31471188326071,0.2032231409431091
922,3,763.0,20260116111020929,3,是,是,62.0,base_info_20260116111020929.json,,,,,,,,,,,,,,,,,,,,,,,,,,,,,,,,,,,
923,3,764.0,20260116111025177,3,是,是,107.0,base_info_20260116111025177.json,,48.30163429291878,0.2378212714208438,32.795036829747964,0.2302252110885807,241.1565928038649,1.2677134595056967,241.19865250219905,1.2451675949311536,61.77739630589944,1.8980045518160904,68.65512664815306,10.006917525177933,193.0894339160888,117.94737873790892,278.14619861444686,1.9980712028151075,0.4432989900594862,0.2363513986587434,207.8444729686069,19.905837272438102,65.26077676696305,15.552587252403196,183.76823221859368,111.24357164869568,189.72774113357252,123.81895466960376,15.936463524865792,0.2665215653437605,203.61645222046204,54.78515850456122,181.1593030542493,54.25218156311833,27.469872698456253,0.1795873662608128
924,3,765.0,20260116111028391,3,是,是,70.0,base_info_20260116111028391.json,,,,,,,,,,,,,,,,,,,,,,,,,,,,,,,,,,,
925,3,766.0,20260116111031620,3,是,是,128.0,base_info_20260116111031620.json,,50.4626156282476,0.2186497949459658,37.568649430693945,0.1388356881050433,245.5491866983021,2.1274823766607738,200.08110695477697,53.353166139198734,72.30868995879638,0.0741799969764528,64.0110495912235,0.2115472069590833,25.96018425805265,0.8378354981282398,257.3111682478121,2.099783282866977,47.918072021206825,57.07616708485266,194.0014739829745,50.27644089953045,37.3230248750592,0.7758828893048522,25.631069837189887,2.986792336828308,18.1518068883252,0.9182483756858514,17.01434115728282,0.2191427892790441,27.086462350020607,0.5319607628581532,36.89381731604572,0.1988148988290641,25.250318561565525,0.1106373610810253
926,3,767.0,20260116111033972,3,是,是,95.0,base_info_20260116111033972.json,,,,,,,,,,,,,,,,,,,,,,,,,,,,,,,,,,,
927,3,768.0,20260116111038212,3,是,是,137.0,base_info_20260116111038212.json,,37.541953931286045,0.383186236885873,37.46027431963388,0.4499551081470738,43.50141195488384,0.2778138115884921,241.74997668329985,4.831802715775457,75.89538586819295,0.4473681469750185,64.32919798009455,0.2057850465088222,241.07895702155213,5.431691847745848,196.13387304484328,0.1990768800444587,257.48952343801216,4.734063311910186,235.3722481029976,5.014039819583923,240.808355086896,2.0992944904669453,248.36401502906065,2.6575292426738555,16.46309138091159,0.12510570681105,240.4191704793731,4.901557582977857,155.8850704019915,40.22147294112867,70.37817330824748,36.85017898121299,34.31130840477603,0.0055487050072861
928,3,769.0,20260116111041207,3,是,是,111.66666666666669,base_info_20260116111041207.json,,35.69917397921114,0.2584529639046407,42.85784445699283,0.1351270859293064,278.29450091405096,1.815421218252858,278.9460889788923,1.071215429013444,67.37300420880597,0.3953177441636332,61.7914129295659,0.4091006871472508,104.18107362678036,55.93620283596324,235.71384494391,1.416091370866408,1.5476942012790171,0.853941046581114,249.58513357416328,1.0297058275863828,35.897375067873675,0.7125990285946652,28.849540391272217,0.5786075939456564,15.91918584542095,0.2013776174374483,97.79943922961776,59.09212050554732,94.76473373993473,50.523868211700766,55.59257781492703,22.279552928123756,75.29812368441883,27.35928683498036
929,3,770.0,20260116111043521,3,是,是,85.0,base_info_20260116111043521.json,,,,,,,,,,,,,,,,,,,,,,,,,,,,,,,,,,,
930,3,771.0,20260116111046434,3,是,是,99.0,base_info_20260116111046434.json,,,,,,,,,,,,,,,,,,,,,,,,,,,,,,,,,,,
931,3,772.0,20260116111048484,3,是,是,86.0,base_info_20260116111048484.json,,,,,,,,,,,,,,,,,,,,,,,,,,,,,,,,,,,
932,3,773.0,20260116111050568,3,是,是,82.0,base_info_20260116111050568.json,,,,,,,,,,,,,,,,,,,,,,,,,,,,,,,,,,,
933,3,774.0,20260116111052623,3,是,是,76.0,base_info_20260116111052623.json,,,,,,,,,,,,,,,,,,,,,,,,,,,,,,,,,,,
934,3,775.0,20260116111055140,3,是,是,84.0,base_info_20260116111055140.json,,,,,,,,,,,,,,,,,,,,,,,,,,,,,,,,,,,
935,3,776.0,20260116111057927,3,是,是,231.0,base_info_20260116111057927.json,,53.88291469207732,0.7926094402104779,67.90991489791348,41.064465364464816,152.25375963986934,49.80056687673098,156.29816381105863,51.77661134326449,199.2795810573917,13.676980055809178,229.5845043656395,15.589630210195487,184.20819275097716,93.7250384521845,230.6385496243498,13.550321516563413,8.28098968943481,4.452797198994489,13.788874378474024,7.384398755609739,6.323630918452154,3.3418553765587835,61.44237089087494,71.10964410683872,177.52559447666928,97.14959925711403,21.73357677217436,0.0497164143816343,118.72021924547558,78.11183804439426,118.37214940474416,76.30500368352193,39.502846381228494,0.2150146182969374
936,3,777.0,20260116111100607,3,是,是,75.0,base_info_20260116111100607.json,,,,,,,,,,,,,,,,,,,,,,,,,,,,,,,,,,,
937,3,778.0,20260116111102969,3,是,是,78.66666666666667,base_info_20260116111102969.json,,,,,,,,,,,,,,,,,,,,,,,,,,,,,,,,,,,
938,3,779.0,20260116111109793,3,是,是,87.33333333333333,base_info_20260116111109793.json,,,,,,,,,,,,,,,,,,,,,,,,,,,,,,,,,,,
939,3,780.0,20260116111112219,3,是,是,139.0,base_info_20260116111112219.json,,30.332191261868115,0.6176145623426404,35.02769634422622,0.1895288529941247,227.64717678866205,9.86564082542235,228.33314811602975,9.507511655630468,73.34009630395735,2.0770812722557683,66.28073339506797,1.809488973556885,26.59136900638498,3.871486365190684,244.6892613795711,7.23291314583419,3.3904404822066048,1.747572354843487,222.32543682251813,13.90532046213626,67.80453190335703,44.36503681526741,67.29140133361902,48.39510536248861,23.28351225415516,9.065698987489098,26.791284178855392,6.926518330047846,24.805516574539325,1.345290135895132,39.303017390824174,0.2512987600870423,35.11940769828374,0.7498435153943696
940,3,781.0,20260116111115609,3,是,是,50.0,base_info_20260116111115609.json,,,,,,,,,,,,,,,,,,,,,,,,,,,,,,,,,,,
941,3,782.0,20260116111118426,3,是,是,58.0,base_info_20260116111118426.json,,,,,,,,,,,,,,,,,,,,,,,,,,,,,,,,,,,
942,3,783.0,20260116111913942,3,是,是,172.0,base_info_20260116111913942.json,,50.55784614452299,0.1844467394661612,44.70061352459214,0.4705546615434781,112.00209390274236,50.19215572873208,244.4101051231972,4.135975303921325,195.30424152343696,20.270208451251037,226.6857974902774,20.722030284965182,251.2674653400929,4.479573165846097,200.97914926987983,8.469314542716658,152.86020983586712,69.46436035181068,13.98320198176753,16.910386086204674,226.3673423383985,22.13449133154484,238.2167603984091,4.965323707278733,251.1423805748265,4.719055328444036,19.08423066313038,0.0657781201981131,217.5978434995097,22.441685423812423,206.3925807984633,22.31926038241391,28.210969367545545,0.0450481462778526
943,3,784.0,20260116111919901,3,是,是,69.0,base_info_20260116111919901.json,,,,,,,,,,,,,,,,,,,,,,,,,,,,,,,,,,,
944,3,785.0,20260116111924333,3,是,是,179.0,base_info_20260116111924333.json,,32.301316864406616,0.7595127942282409,170.74465047167027,48.476154160469946,203.66375251337055,53.97445776781503,207.6913693322712,47.27304609621492,83.8421852300708,0.2176890287549754,77.32059006137824,2.8341983426223663,165.1692416183528,97.3352725198768,191.8749515602616,4.171727006129915,49.35288062732076,0.3617335604013293,82.07784452517707,0.1206123102791165,245.4082909047736,4.86810236942642,107.58266549556484,116.70360385996942,154.16922461527716,97.3584803659229,18.980100604910103,2.4205178939319016,111.4148105632293,48.69865036180656,76.45689729604798,42.61264850432301,34.49576714985256,2.0986853359986823
945,3,786.0,20260116111928546,3,是,是,174.0,base_info_20260116111928546.json,,27.32210628008117,0.3752722479737144,30.655611416118276,2.8258789961669097,166.2218837330924,86.3990013849383,47.65216198831374,0.3846356748379657,83.92678219249738,0.4595003247410679,78.17178754566362,0.2967327484527576,29.54956640604757,0.1042820812486378,246.40795765631975,36.30994499874692,171.0710957428727,86.56309697097313,80.31877356328822,0.189489021351391,209.68869229396665,58.76354831806172,234.67648421730743,58.94777617086061,15.787792342074995,0.0766254847355883,17.07438711018929,0.1497791821073401,97.6489191160628,48.42600966105272,66.88813385964276,31.380119843951803,36.75370855835326,0.4191264170008557
946,3,787.0,20260116111943470,3,是,是,132.0,base_info_20260116111943470.json,,44.21471126504758,2.7799825708473485,33.6502710627039,0.4530898802810579,218.2937676101352,7.199761907940103,208.79876110173757,19.05820222804079,184.2737814880269,16.445977746554117,205.3590360126132,22.299428878439382,232.3943486871708,20.34409054112795,247.35581709360576,8.426396232153452,23.10106250360452,17.476956014985603,31.19870249523265,13.333823235409607,210.34319147012124,22.964327192871465,212.00583503564133,22.659013029669325,233.9453059167106,21.432329851319142,17.168490162346757,0.3443908869815197,125.68697926252185,58.97253677800517,113.35825564473804,58.35256563911162,27.018480447474985,1.256216219878345
947,3,788.0,20260116111948927,3,是,是,212.0,base_info_20260116111948927.json,,69.43925263464006,32.203166897261454,67.95870709307081,36.78929260646581,71.01631506399141,37.19702900868113,47.40064249746681,2.5862551299016925,119.58396216071296,28.22459445103439,79.49183137570024,0.5663716595031125,66.74544688333287,51.735796902168026,211.47073737559643,6.65744225117727,70.98505485202061,37.98852335301885,92.70456714976638,5.867128367488055,246.1515795012848,3.448689289200816,265.6335302014026,3.155733047038005,16.862935555118103,0.074220968930504,59.82748620187135,56.419725077692426,37.65275877523052,4.572625939008803,46.95431799426965,8.608040386740345,37.1014047418706,0.6648836094823637
948,3,789.0,20260116111953431,3,是,是,133.66666666666666,base_info_20260116111953431.json,,,,,,,,,,,,,,,,,,,,,,,,,,,,,,,,,,,
949,3,790.0,20260116111956230,3,是,是,110.0,base_info_20260116111956230.json,,37.94498325299986,1.7331370978913625,35.094765609695315,2.2447896360907085,109.04864260766426,84.26577957201887,45.387673651493394,0.286184504984837,73.43914781652389,0.3431421941303362,63.63291963703063,0.9031497080057078,26.41394762231663,0.3167548952043876,194.5816490234752,32.95005553172253,113.68999039631342,82.26775081945296,71.4731888910604,0.2545661057686751,235.06337062179628,4.7489719388673,244.96313537923325,6.134458153770932,13.310806211696814,0.2796748123287353,17.783480859117702,0.2105307434297437,28.133944593335315,1.0474219284382291,35.22617283531551,0.4687314616016612,31.690508901719056,1.1658380552109442
950,3,791.0,20260116112000010,3,是,是,97.0,base_info_20260116112000010.json,,,,,,,,,,,,,,,,,,,,,,,,,,,,,,,,,,,
951,3,792.0,20260116112002356,3,是,是,176.0,base_info_20260116112002356.json,,63.53622301451357,50.33692722569511,42.80903392993074,0.6530449704919729,233.67951278088023,10.531741578011044,169.65478741141004,85.02155344608109,79.65773696626071,0.151979555168901,105.84833309867236,43.690550611214334,230.17743799049936,9.90270322139776,231.7348560005852,8.793332844054563,86.78781076450527,116.0964824839444,176.17605635522614,65.67800770466052,222.94292154215805,9.943283375856646,17.602875074289642,6.323066861410529,230.89803635174755,10.87202345208629,19.16133646569781,0.5203168693374477,28.12491820817997,0.1946372429413327,84.77871263038115,37.663629566305865,77.33914262272522,31.925928555518876
952,3,793.0,20260116112005227,3,是,是,119.0,base_info_20260116112005227.json,,33.9385548748895,0.5873258982186407,33.9120544525038,0.4699763651866039,39.835517790477184,0.4806564453937112,117.08921082484494,94.56072121107673,221.9975745587625,1.136108079396726,238.3830575361776,1.648193112849465,27.92253438081308,0.1204302146538919,186.81622567081013,0.5859871810839569,120.09787271263052,101.99627060056216,166.10213705155937,116.99102621013378,51.36085281370152,69.66899517046622,195.53338641063297,68.54203910278393,15.73008567775534,0.247877676491077,16.77273461611111,0.1273678571455946,78.01436890093751,35.36184321330791,78.13441333940717,32.16468307840454,31.95861116733773,0.2775740765619541
953,3,794.0,20260116112008338,3,是,是,152.0,base_info_20260116112008338.json,,31.94350824805376,0.2593848651767238,38.13001718425295,0.0517136216580611,40.02236825626852,0.4392368220977035,244.57076355442453,2.199022231661664,78.93731955387248,0.3925781385200419,70.77905511423722,0.2728174938254105,43.70427918242658,30.79652933007368,185.7248721756904,4.9447261098824375,256.5794022076844,2.156816026205624,242.18012902406733,2.0886445765632824,242.13153939783533,2.1131450561061342,75.35797891306369,80.8478523141026,161.28163790592578,62.97746186797215,145.58121787850112,61.22824595060403,120.69369482581284,81.93383547369348,96.74353200819712,84.31052898303552,90.71011466647876,81.59769834553863
954,3,795.0,20260116112012067,3,是,是,74.0,base_info_20260116112012067.json,,30.27760284827465,1.7655523464707266,15.75663824213156,1.605151260411432,39.29991272644359,2.877299628479319,47.73485202149686,2.964688324201469,66.35649513976192,0.3471038695660273,58.29171829553848,1.298115584993564,86.83584073353232,89.09436577539152,150.08750198082362,0.629008344300335,43.274711196309134,0.1216271982812513,56.467439967109385,0.2146580806214571,32.02229395695696,0.2375414581987321,23.45891236822377,0.1401345981571652,12.591993895492536,0.1536618462590382,81.394365688805,92.4466853260841,81.29704774851797,72.16151186417042,30.04703945055032,3.082028352213793,31.02585506454448,2.3863478923695256
955,3,796.0,20260116112015354,3,是,是,125.0,base_info_20260116112015354.json,,31.562156807041504,0.1793634374446101,39.57583129618116,2.7950665815513385,197.08072318107483,48.38079113025991,45.94117189560425,0.1103726369490464,70.82719333370719,1.063718840048676,64.08641814631544,0.4919688861738537,28.184616884356203,0.3960189036679963,195.16950072061704,24.099199594117287,201.23971021452795,49.18322782206353,76.83873654185375,1.3363604911890512,38.24274029007503,0.9752054884368724,31.19236198999032,0.1298459055873621,14.993512218164106,0.284844686369849,18.375785330935624,0.4987860092692121,27.86962039120317,0.2221920857169139,37.00273950077731,0.6905707506866401,32.253967299925,2.3895128310336475
956,3,797.0,20260116112018735,3,是,是,72.0,base_info_20260116112018735.json,,,,,,,,,,,,,,,,,,,,,,,,,,,,,,,,,,,
957,3,798.0,20260116112021474,3,是,是,109.0,base_info_20260116112021474.json,,,,,,,,,,,,,,,,,,,,,,,,,,,,,,,,,,,
958,3,799.0,20260116112024637,3,是,是,143.0,base_info_20260116112024637.json,,49.68383312731651,0.5348715318069707,41.597328304945954,0.8402149764052927,175.65424810736587,93.23202892095864,209.19098649696275,52.95992555258336,126.27957214486628,55.78441364872598,152.1960560587153,59.39231742287831,251.83954897704825,3.012755359487794,229.4821269140992,27.01423214926041,50.20408808009852,63.533411995863375,133.4052237141636,16.914115095945622,144.49760218778565,63.01238183285221,239.8015232362624,2.082726701005837,251.3667067971497,2.095496776138048,17.358565640827127,0.3455828168169251,29.60772043200177,1.9256182801358304,37.63809318098794,0.6224655847599951,26.122245763524287,0.4240709399874726
959,3,800.0,20260116112027575,3,是,是,144.0,base_info_20260116112027575.json,,48.77355463534261,0.7070716885475176,39.45928120637964,0.0961128174221357,246.40541669662025,2.25917873555026,195.5006550980912,29.4995176390892,167.95520486940725,66.6229590179625,184.7760078594752,85.30973423730804,255.73284861525204,2.2088671543488707,255.683782547812,1.707159827225693,52.75191083903744,28.48510112699109,72.57460843892763,54.70437621621511,94.69025223222974,108.23311582897192,157.19734656035135,110.6517691386858,254.44926262542285,2.296358854219624,16.769706294399047,0.127930342573707,232.44355395225048,21.94041046847589,220.3656868628489,21.637397055420927,27.87793561027758,0.2150648729537596
960,3,801.0,20260116112030170,3,是,是,176.0,base_info_20260116112030170.json,,51.166756869657945,0.6190975313392988,42.293811728404,0.9665785465376252,155.62876378432438,77.16455728546872,241.6243900257122,8.392272993128147,139.46746138949166,49.32899388542797,156.28146640583066,65.47075078653974,211.36985713365803,26.849455833697625,201.7077289267086,15.356413231767748,105.0769634010017,108.412822755657,101.22198580452846,89.57746643941466,83.49923412233801,90.24449639048638,16.9962116554878,9.36081582444055,188.2851917395437,38.89704750268005,30.31377543613688,8.881864770727633,37.332902056128376,0.5104235309912479,41.74287436746241,0.3840481623571015,28.69382336083417,0.5916831103182459
961,3,802.0,20260116112032869,3,是,是,91.0,base_info_20260116112032869.json,,37.41983156709592,0.2088806218481927,31.498984379804146,0.7907083899071499,224.6199746207168,10.5587487369453,43.39162137314699,0.4977614392109626,63.86847730353119,0.1178553565778807,55.55825176336172,0.3561932420688767,238.9603370541209,7.001376572220184,229.23623554863136,12.246530994834432,226.88984769093423,9.626562906887273,66.8411648189865,0.2966094837463633,35.09256261335407,0.5070669640805722,230.98240234453036,6.996767908395556,229.8833773621216,11.975558652755849,17.879557872759577,2.537891401642641,33.32609386582332,8.188374031512595,34.667288412651764,3.090145505792424,27.496248241388876,0.4568069355179178
962,3,803.0,20260116112035744,3,是,是,135.0,base_info_20260116112035744.json,,31.533249262079725,4.336417635304383,37.334360293092615,0.0613041195026852,229.79159022642705,9.952558911932629,231.1440831242172,8.654399496675307,161.24122564157912,61.88269873121109,164.00657864576718,60.09616953454203,173.11809118808517,79.42088429774425,195.9605931741885,53.98990475239246,3.3785344623824094,2.032869896422961,74.45620993457217,100.70557297422204,165.45679595090712,91.7733462960652,218.7064748871284,15.235712130554628,190.51889490722988,52.33807923088276,104.36741072811309,66.08527833135629,69.87499799206897,59.76619157001638,184.3360847582324,46.41280982621609,160.3232074057471,42.56638458622983
963,3,804.0,20260116112038040,3,是,是,85.0,base_info_20260116112038040.json,,31.29594231903346,4.314457295675177,25.04679831861257,1.2477167788516734,33.91180336147075,0.2661433903897428,38.9794923769118,0.2612069558076383,68.60924146926423,0.2511426728190993,57.4039989261361,1.3053028380473015,231.21525044223517,18.74023489073101,146.53591714283243,3.839602911619629,41.38604056374764,0.2612614427802809,60.89705612558311,0.151272858836876,30.52792878452034,0.6646738093484158,26.636156659314317,1.4983291803467278,23.751731936429163,8.710975464549431,211.94275650037403,29.44111683723404,213.6432135290644,21.36207933081343,31.235840749577186,0.582505450839829,28.333398857105838,2.682643753185902
964,3,805.0,20260116112040773,3,是,是,105.0,base_info_20260116112040773.json,,,,,,,,,,,,,,,,,,,,,,,,,,,,,,,,,,,
965,3,806.0,20260116112043709,3,是,是,83.0,base_info_20260116112043709.json,,,,,,,,,,,,,,,,,,,,,,,,,,,,,,,,,,,
966,3,807.0,20260116112046934,3,是,是,76.0,base_info_20260116112046934.json,,36.49253147978413,0.9955413567969464,25.20858487627046,1.4288086713324817,46.46031489866589,16.916582650854,174.6553086799511,41.98280349977042,195.0138351772375,16.27638285158407,216.78494128979517,18.305362688697457,249.694965880608,8.937430535587316,151.96878567882493,0.7136766187305359,153.94739106601585,69.53162021283975,47.47188004190911,52.17779863102056,73.2638733211274,39.17444928678199,90.11815048684764,47.88852403514002,247.9262864173272,9.053375915034453,13.689806060116783,0.2558672026656365,24.2870432035436,0.689379933952337,30.571530620750725,0.2881180130769603,22.582332913531918,0.1677061016547608
967,3,808.0,20260116112049506,3,是,是,131.0,base_info_20260116112049506.json,,46.104939293593056,1.751591792425111,33.638473283103764,1.627981317282263,175.7469706486137,37.74032543597888,213.18316742115948,18.3438072152516,190.51218578516745,14.257621070841395,215.45917840415305,17.834178787740065,227.62115981696343,19.245474193186187,215.53437847384623,20.900914343680988,39.573874091875176,20.864525411984506,10.682761641232894,5.682533115829859,17.246121971545282,8.947351641241774,16.422585823715526,6.371664501402615,226.3944036768412,19.27584639416785,16.747188757221654,0.2811603372058676,93.51268707418149,79.77945387622074,89.43441382352523,72.96390625475394,25.743259142791107,0.1885336310472195
968,3,809.0,20260116112052085,3,是,是,129.0,base_info_20260116112052085.json,,38.013115210957125,7.268318022255203,36.47947768705087,1.2689743181843305,39.08291096296269,0.0440232917053397,213.09098668847483,18.979178644193524,72.48092537972678,0.750857534462986,72.48109890211707,8.431867734090956,162.36023006578412,71.11326167188831,185.4517231010853,0.2883506623037862,226.00104138401323,18.864989024312493,209.3683612480689,19.082678253436598,39.16802434531761,1.718388008253758,143.8108374621443,75.99790421135835,162.91678988338995,72.58298188629175,19.0207462367342,0.174190745632242,35.400323970912304,6.0944674079222985,34.63612727834249,0.9079393868011926,39.04837588621533,8.656445655401127
969,3,810.0,20260116112055359,3,是,是,147.0,base_info_20260116112055359.json,,48.75645802454094,0.3804197630009472,40.0761364205211,0.1262138828564867,245.68607403335173,1.294826391884898,181.5484743215564,90.72037550332958,152.99834487444176,61.48469656410122,178.75972965520057,68.95035820458374,80.4638669646354,45.70959727942275,263.1739612520053,0.8592851049062977,80.5479801967019,113.13334771023656,153.63214070353197,85.08438817477047,177.3524673632803,74.65916516971825,69.56485300482278,39.87626924821989,76.50985819117356,49.137782954891335,16.71824547305944,0.2864480386336394,85.95931089167527,81.68338285178322,87.96991200284715,68.73396114120331,27.25983007444623,0.4810175132529026
970,3,811.0,20260116112057889,3,是,是,101.0,base_info_20260116112057889.json,,36.6815840582764,1.0309281790563,26.55122844252294,4.893449169027368,216.93051751782156,11.042836397169486,43.89273892175268,1.9295194778874656,69.75235457903663,1.3236079123595976,59.10797392404674,0.5838228011559675,155.07136658815136,67.90205245776454,252.89184459722512,7.180575311764015,228.54882523445823,9.355985634443035,67.25671638261524,0.2653394738183923,32.88851680588897,0.1937385268608353,149.52353109956675,67.68039323567228,158.25083009530445,69.34112702033872,16.189505732767163,0.1793744868017094,23.52144916429806,0.2346643720104308,33.90563476638958,0.3682034279531698,28.56657151040932,0.1009995248090947
971,3,812.0,20260116112100542,3,是,是,158.0,base_info_20260116112100542.json,,47.8729436496692,1.0081312349820415,43.24024198494048,0.9042094032935284,198.95526528083192,14.779055672746196,217.02428199216163,18.792538101382707,184.41576898920303,15.46684107618379,212.4837113365495,17.538249303421726,199.800117430224,30.31219135379124,219.62581935534055,10.23373344226316,22.03446727751452,9.426409935682312,11.368541851286755,6.076761962757867,156.74793199558886,53.72880930064363,154.66145694927013,53.922140186892975,220.0400822744647,20.28068765565345,27.077340946586464,7.409977540914913,79.59321973260343,68.81500040634958,95.0808435030098,76.52568650594074,27.35426359210349,0.080052624115396
972,3,813.0,20260116112103679,3,是,是,102.0,base_info_20260116112103679.json,,28.309699735688756,0.2334082299911447,46.84068376119951,40.73112027350808,186.08045010414327,35.25453151476544,75.63870287579196,41.91772520397638,71.79485640834599,0.1032633143030703,63.85651907469892,0.0488569675588677,176.06262634852456,36.98323739253896,221.7808048973386,41.23615802187576,169.74914614663712,89.48776028007957,66.50589212032364,0.0947348035672285,31.779464107697816,0.5214321497558796,151.72702712757385,54.29972707850295,165.25525254076385,51.980635198523366,85.61594007046267,98.50227139054198,86.432742749777,88.0258705569949,33.96950388867379,1.0113604716666391,30.56627286338778,3.4786147236261087
973,3,814.0,20260116112106127,3,是,是,101.0,base_info_20260116112106127.json,,45.53303225283222,0.9948600510155332,30.20136264054492,0.5257707002527395,224.34021587022835,10.135256416336102,226.54495602751504,8.973858272114567,68.68388964357608,0.1682611466349612,58.03632643982931,0.3828249246194121,244.7440836337049,10.875835784099625,204.36668717115583,56.39120481607405,3.7404444728670314,1.955115695154668,227.10281066282727,7.898969980280403,36.20173161644755,0.4281037860441442,233.7960989317133,9.86414922397102,200.2890712246519,54.65821078767328,54.644765045617625,55.543912119912015,87.29870842082215,84.39952367000784,86.44645439057592,73.56146510195452,23.81443055133323,0.3479533832234783
974,3,815.0,20260116112108446,3,是,是,131.0,base_info_20260116112108446.json,,36.97751209188852,2.104461110737219,19.027196008878228,0.3280316070986173,92.27122060017068,71.72329653502382,49.54732190324355,0.461254060965491,74.72072661803935,1.9806034965774268,64.8750088335067,1.0398712425376582,27.91935712389609,0.6951653172290274,202.5520032424939,34.561804725722894,109.00751323073062,76.95422196660604,71.99551111182491,0.7878914602785556,33.020907850815405,0.4440678296431944,41.23833246312324,6.974829836309774,14.779603035387009,0.2845189886055568,18.737360165215247,0.7244321579327426,23.466495786786087,0.6611257752871079,153.82584433619388,80.70932810993588,135.65526116969588,76.209880040465
975,3,816.0,20260116112111193,3,是,是,160.0,base_info_20260116112111193.json,,56.13104595732687,34.4098574381993,32.12680089667905,8.232828723077587,140.92543390610936,61.63920931076829,111.80724602136308,71.90305031439517,79.55636842490365,0.6402076327316943,94.66998007615835,34.93078445553039,8.21009728065591,4.393892865294323,220.38548992409832,19.92354337910746,72.06056819064612,80.11495438816392,145.50727354065268,56.75294601589314,180.70222619161223,35.761619498010035,11.19591993415144,6.152822602733862,189.197017009849,40.7410925528124,192.35277744583263,39.29988113668819,169.86750816234994,42.93964593732066,38.00926424516987,0.6069954395075122,64.22778892845002,42.30799062608721
976,3,817.0,20260116112114350,3,是,是,165.0,base_info_20260116112114350.json,,131.2426028737241,23.91758828482193,37.71247315097611,0.7504374827145641,42.57873898208405,0.0776369696648388,48.00260548354177,0.2120687559710711,148.11569903837,51.01232509139496,109.28859047395788,57.83863422245004,195.60277353557285,29.806872086821965,198.9905652316185,0.2328655250177677,48.92792814209852,0.3138714433979307,171.123096106414,65.95801445993061,152.4319734073106,81.8047772315466,209.65383510368136,19.251921060662514,217.7327472040362,19.446173440993288,28.337596689790683,8.243185319014017,199.09490904062952,28.23231399089866,163.71478581075178,44.05627234489511,110.41017616260876,60.86508586005658
977,3,818.0,20260116112117466,3,是,是,134.0,base_info_20260116112117466.json,,81.80535186488363,71.81981670686024,26.20809023243954,3.312282971001164,206.04461553458563,8.657098661143786,206.5120310919872,8.396938853199712,78.40366415746372,1.458033394632752,121.00016128456872,73.40135135607086,218.5350746514022,20.577790891867807,248.50880350415943,6.218425972415663,2.976370425676997,1.653144873479437,230.54941824879052,8.98595165015996,74.93576078106298,37.11178657607829,149.77809978183484,41.55017043319242,222.17330923213248,20.198136676433016,16.961983746075063,0.1028434977390387,24.523431755046555,0.038345726913052,39.5716173011084,0.3871190366703967,89.99292569487271,81.11370330695571
978,3,819.0,20260116112119943,3,是,是,111.0,base_info_20260116112119943.json,,,,,,,,,,,,,,,,,,,,,,,,,,,,,,,,,,,
979,3,820.0,20260116112122206,3,是,是,99.0,base_info_20260116112122206.json,,38.751047138553936,0.4757373809624252,31.374952668303347,0.0998690579269882,37.912744949402985,0.2763568412206943,44.17604013136887,0.1629721577107716,68.65833364002837,0.1287155612281864,61.25779824901145,0.6200754142264606,135.66794434487156,39.28522597076815,171.0597817282926,0.799918097470465,42.18327433403122,0.0740623887925629,70.39732705528073,0.1913488882038017,230.60768770603863,4.261629787627337,243.06997168941632,4.334434388585523,14.726925988801222,0.3845725538450182,134.20477639090095,39.19884818096372,119.18759235337778,39.14041148157427,38.65400922263431,0.1989024873007318,26.0107881586619,0.3787669540929888
980,3,821.0,20260116112124602,3,是,是,137.0,base_info_20260116112124602.json,,31.902527818096853,4.023295240383206,22.176791307049943,0.6882147214562437,65.29582375776637,27.686252787638253,47.917567109314376,0.3973756109734211,77.45541019442642,0.4141290969595311,68.96146417042979,1.1672225041603916,198.02526561729755,52.21547939149583,177.96644907184836,11.256067032222711,73.11106307857828,36.20420871715807,75.06460853962419,0.5400650571462813,35.165428220179585,0.0923117029370155,192.45124628783444,50.74610116604289,139.16527287209064,34.08129228943983,69.45214595328673,43.647860854440886,25.03797440244636,0.3739567895069632,43.7207555057968,0.1389105434688982,31.741270393422518,1.8028252737266135
981,3,822.0,20260116112127005,3,是,是,108.0,base_info_20260116112127005.json,,62.10361976271398,29.841591965011823,30.086474143612367,0.9476383440690456,142.30741961173803,74.87265680246276,43.81322735290444,0.3279574937344739,72.13615170622417,0.2793907691596026,98.07293950754756,25.331346943852296,39.84866661465974,12.361399304723284,190.1922070340485,18.24003501862373,148.46285229504872,73.31272509404592,69.74004745463846,0.2368189591447454,193.86481920534968,27.632658305518465,168.34396554996965,46.48024736151169,23.11344204114607,7.254539708128813,20.204109701821118,4.320372173421975,146.0392036413989,56.78398880688184,137.02477834726156,53.671902885092926,79.21502736016483,29.697856691661453
982,3,823.0,20260116112129226,3,是,是,108.0,base_info_20260116112129226.json,,174.63238544895492,16.61006239892791,26.97365061199148,7.86652632526357,197.45344245891792,20.23342847243073,40.96175147636018,1.04347338603295,80.25379357370991,2.5673860461555096,227.05966969940607,17.229524276820673,167.17094995136213,62.73367648472471,238.00444106279303,24.37932693157852,204.6868351362477,20.93583714067196,68.5341346460852,0.8173013400213606,135.75960347145704,72.55797771196644,154.69306551909264,81.46307939245948,26.43277508225865,9.474106992226504,144.64009604722335,74.50363954911413,82.98292608214118,44.40258920654606,216.23424191077493,20.609504309056238,218.73335340683948,19.546669542210307
983,3,824.0,20260116112131738,3,是,是,134.0,base_info_20260116112131738.json,,27.287475616120677,1.9551508741479235,35.86048311648016,0.6846031977811265,150.78553195113068,80.98919829015371,55.49066854358969,11.827364277042882,73.30539192870565,1.2391464174798097,66.33312915024362,0.6958418569927556,200.6830132351565,20.28036753601397,212.02445405635996,22.53841153382159,167.37588096676043,63.08783544141853,78.9656198993728,5.318166755236309,211.27057210284204,18.168255892114804,7.88588717221306,3.4444314719498994,227.45970927717607,14.222015971191434,34.97171294707466,23.26929582296819,35.78827905105629,11.244258027875937,36.43086896052306,0.2463942673837575,35.2650580894048,1.079372842505797
984,3,825.0,20260116112134081,3,是,是,125.0,base_info_20260116112134081.json,,73.83543738662398,58.942744933077726,28.974403651412175,0.4558734811810607,39.82304272809328,0.4565169604334572,45.06668306848613,0.1060657687966377,77.84742717424074,0.1352818068453403,111.53864953035809,60.20667201467488,230.5906039785375,21.577782778652978,172.87708088444947,0.3359983204891599,44.34163025176517,0.2613530690667848,70.50705648559399,0.1874665093460836,33.15850961929332,0.0167059468281765,211.7882830382515,18.96329288962548,233.68500850992535,21.27129356105725,16.835359764041023,0.0895043267689102,30.76835086695114,0.4011983485266691,35.24360494018072,0.4389637901953991,77.8198145955884,68.84679057232854
985,3,826.0,20260116112136155,3,是,是,89.0,base_info_20260116112136155.json,,37.12861471458654,0.5002095447289683,24.05098301590761,8.106718222555523,137.500337683313,52.8883334566751,52.73390412571343,10.444999321192642,64.11067827858271,0.7322224859597544,58.133913451112,0.5353158383739113,104.37001883374894,46.1116261566307,212.45129901479947,25.156346725211105,171.44431922973908,36.26624029969876,58.83666059467057,0.5866913930874482,35.99367689566099,0.6338721896323183,117.87883286876792,43.23618349837785,128.6057556920489,42.482493562290784,125.22761663183512,88.3503280402789,77.61024312558446,32.55887211807235,60.78349100200367,46.08353092674148,34.498659198735766,0.3455507501763525
986,3,827.0,20260116112140957,3,是,是,97.0,base_info_20260116112140957.json,,,,,,,,,,,,,,,,,,,,,,,,,,,,,,,,,,,
987,3,828.0,20260116112144766,3,是,是,161.0,base_info_20260116112144766.json,,37.08090930157636,8.605147065070819,37.39408724348101,0.88736927940496,162.96963371877132,84.99180160207383,167.9894242172442,84.73951396736243,80.0551623330568,0.1460160412282042,80.23544231695162,7.712184139635573,35.57242385742544,10.11870537855538,223.1889383575896,17.08777098879613,163.31698929115385,111.25028873849897,177.52092232491245,68.1520685503339,109.83970968981022,37.16097147451595,89.21285731223476,22.85430348845428,92.04681488550494,106.9278164040576,76.50834164668429,82.83875519585739,108.79001213739788,67.30300675646933,78.11780151005644,52.47906145519213,75.68385280305837,24.3050171160014
988,3,829.0,20260116112147325,3,是,是,104.0,base_info_20260116112147325.json,,35.15830281762428,0.7292558165876846,32.50990267009926,0.3274708443768923,36.293347950411,0.0953659189646645,85.98667963668133,60.04921172158407,70.50567592096495,0.2580591642345817,61.73124975843757,0.2997306729757946,230.75881567786803,9.48556528343531,169.8016961693969,0.2663796320854775,90.17114180945426,63.50290192241806,101.39424784136598,47.18731223858019,34.44291301267067,0.1902639353532083,26.49812424956707,0.22610280538109,13.50383047761678,0.0621413545213889,231.9885642817065,9.5006636780785,223.39940153078297,10.351177590399114,37.79721776684023,0.0282763570261737,31.040371917853168,0.7394079631097937
989,3,830.0,20260116112149691,3,是,是,102.0,base_info_20260116112149691.json,,,,,,,,,,,,,,,,,,,,,,,,,,,,,,,,,,,
990,3,831.0,20260116112151970,3,是,是,233.0,base_info_20260116112151970.json,,37.48608604055707,0.4601028150198177,34.84278475118024,2.4349693456189403,45.91935456743972,1.0831060245740076,192.95485213321308,35.90511712078743,180.96068405630655,29.99382536849185,185.1784630008513,28.472381380732585,193.6753159179561,46.71295912936943,206.1193584235212,4.00184650290339,211.07078741496596,36.39250604137314,39.24806891681708,18.98715576868593,101.8858096915542,58.32913922626816,117.2864231465326,29.859439575294783,185.7702330811748,47.11819293352893,20.59568935885264,0.1742715408370063,50.98376119257974,15.577791559781122,65.03042406665776,16.637937321880884,29.395742796388475,1.071207776893557
991,3,832.0,20260116112154363,3,是,是,70.0,base_info_20260116112154363.json,,,,,,,,,,,,,,,,,,,,,,,,,,,,,,,,,,,
992,3,833.0,20260116112156656,3,是,是,94.0,base_info_20260116112156656.json,,41.936132405386864,1.961176296248834,29.477821670742102,0.705647775829373,224.0114933366564,8.189377769578167,204.501304520064,18.812932951945093,155.0273542847451,39.58326852383392,178.89423451973062,41.37439998330876,234.9616734636627,19.598819369589467,259.7563691800433,7.836835846719613,20.386444998333516,11.178042428456235,35.28781597770774,37.46594405670604,157.59745027167332,51.070197807883176,183.32357430519,41.26785630597824,234.88413617705385,21.60795774892097,14.550004982167051,0.0639993329669278,26.286281949410743,1.489262658814258,33.62130320899711,0.5012337459033348,24.06358199781636,0.3706992399205266
993,3,834.0,20260116112158626,3,是,是,77.0,base_info_20260116112158626.json,,37.632836434746544,1.256820535113173,24.06758919855148,1.2724188767412474,34.12211938009195,0.2994247051049399,205.2689276504162,20.1484396681131,156.9985523188928,33.276756818686245,178.30779699524524,35.65479995497519,200.5060135293077,41.49604448680748,151.71893979434518,0.2970923725764502,204.5510976931596,17.646137063670796,34.14756610446764,17.749470928450222,183.31545487689317,40.90442797596118,177.05245312317365,48.18564108559321,203.3285600553542,41.52371179699513,14.204424898620568,0.3259367591477078,34.263281886464945,2.38843562946781,27.81226959947092,0.4716224463315609,23.045365990717016,0.3734353965549936
994,3,835.0,20260116112201090,3,是,是,108.0,base_info_20260116112201090.json,,31.60356639894714,0.5208282307918334,28.83484755696324,1.985326353176068,112.5722136173221,57.21991516303015,115.7488829023766,57.71438645108527,81.39544753800553,24.264669250147666,83.59717267245695,24.422285492183708,65.73859789263945,34.279795249310595,183.5075001295561,20.60788170110318,27.066181680664897,14.39098073819962,124.03232578500952,34.86761972078769,55.882145010583336,29.06824656743001,30.660073119232127,5.862708309371658,12.501383473405534,0.788845512769281,62.94010973297494,37.751607365704885,63.32396402659448,35.446192216932474,34.67889998919063,1.9644478561596388,33.93135534672502,1.7262063230203464
995,3,836.0,20260116112203942,3,是,是,123.0,base_info_20260116112203942.json,,40.040044889645095,0.1979086294610475,31.5530427997434,0.1272769971643899,39.93137249291427,0.160008573722343,44.96142894259193,0.3722868417479016,73.87946917174483,0.7511218212003011,64.28320950103755,0.5581477794206487,250.0789804054172,10.221879899339235,176.6027068526179,0.3696109866462763,44.485243169160434,0.1953397635709013,70.59181259673407,0.3951062576294227,33.483927183540914,0.395571342181808,227.77755403038904,14.51931980770986,251.153869331648,10.183084351657994,17.920367395956294,0.0625567923947151,26.533757547809937,1.9559154418047384,41.005605312268,2.0135176140557847,31.49363909748528,0.2248723553710575
996,3,837.0,20260116112206607,3,是,是,89.0,base_info_20260116112206607.json,,37.290173120833,0.428155537980866,182.9642826347293,17.830649840740584,169.3461180684637,45.38004650318766,208.5941316874665,18.932832186589543,66.90901072130991,0.8936824533535461,58.27409427023633,0.427713217234892,59.19521602327648,51.28074418744126,161.53861101398866,10.461460092200122,69.4053823227262,39.16159261170652,59.478161132594245,0.3197934235828619,32.86669499760007,0.3878482858916181,56.97948362750923,47.70452623461826,51.589053830683575,56.02070902631858,14.896392518777054,0.5173535931193864,21.093702456595025,0.6625060892102425,32.640922521781256,0.1656224112312191,25.576602588891348,0.4126676675148379
997,3,838.0,20260116112208971,3,是,是,66.0,base_info_20260116112208971.json,,,,,,,,,,,,,,,,,,,,,,,,,,,,,,,,,,,
998,3,839.0,20260116112211588,3,是,是,180.0,base_info_20260116112211588.json,,37.87232456015455,0.3480576300843649,40.796242434524906,1.4201378360961672,218.6079199739586,19.97531273542384,221.2253146624701,18.864903597227748,191.00220962707195,14.904315278635847,193.9655364572758,15.77153009846176,221.21153778241612,19.613702274667897,228.3379978303683,14.489354459902591,7.909036508221408,4.093710816617587,11.964718133292571,6.386109987081071,82.5699493084157,39.066824648334325,83.23839265575741,38.72680178086362,220.39624949895165,19.91998548092701,16.329694574786174,0.2004791987596111,37.6376797167745,1.3230700901009556,35.393116581385904,0.1529673349603276,26.96769557735548,0.487264806241678
999,3,840.0,20260116112214748,3,是,是,160.0,base_info_20260116112214748.json,,31.045928164917147,0.2718706239388678,39.40931748513916,3.988227721883286,212.49784587800931,25.30803846683692,116.59310115477663,78.48315852605025,71.94063512635582,0.2970193894219282,78.7070788756079,0.240294602277225,168.57759827019396,41.59000054814285,236.9558919694025,5.168697008318232,166.80388815694906,110.77831684704508,129.83523088813448,69.1117909192086,40.047479532065246,0.1211401989388856,166.97750637925284,39.73217706675332,171.32676520913594,40.27350977266166,18.12499264239709,0.1481849989599408,22.01394583068142,0.305361911909067,40.92902401909491,0.4725853980226833,57.451774593557566,0.6742314487459713
1000,3,841.0,20260116112217384,3,是,是,94.0,base_info_20260116112217384.json,,,,,,,,,,,,,,,,,,,,,,,,,,,,,,,,,,,
1001,3,842.0,20260116112219615,3,是,是,62.0,base_info_20260116112219615.json,,,,,,,,,,,,,,,,,,,,,,,,,,,,,,,,,,,
1002,3,843.0,20260116112222028,3,是,是,86.0,base_info_20260116112222028.json,,,,,,,,,,,,,,,,,,,,,,,,,,,,,,,,,,,
1003,3,844.0,20260116112224756,3,是,是,84.0,base_info_20260116112224756.json,,24.160464736041728,0.8640153866351659,25.62058138239109,2.269501122545328,195.44232885447937,20.545668364250407,199.04076863522255,19.192097406719228,202.10619466532455,8.242163877556152,222.2927854767531,9.071389382548793,155.5825330501618,84.54080190816835,208.30304749828284,27.87405172191516,4.511645300911886,1.976180724333473,4.805641060803013,2.62171212237878,233.69055609513623,9.37380491937468,37.02638487663237,15.137053536810871,13.04661576026276,4.718317463080495,149.74638694724442,82.16355508977378,166.56761226181553,62.71339529584879,42.29975747845039,15.672790496361504,55.38509539614671,10.695124659532231
1004,3,845.0,20260116112227971,3,是,是,131.0,base_info_20260116112227971.json,,50.05742451163805,2.2074032222062114,45.34804025191856,2.9690064157364886,229.49191086924728,9.761367152109308,230.4967952929633,9.230517116099042,178.78345835955452,20.94889998425403,211.16424291846403,20.513140347212826,228.07299819374492,14.410482719044568,239.29793475461267,7.746195736952196,3.504282733428525,1.8403020062230375,18.93097634644725,18.517040976066628,212.73287623985016,21.44708658123098,227.99675523556323,9.991146596558654,236.8780207342436,9.697559931774665,18.36996436304432,2.042794164235809,29.75776699867469,1.9749667247254497,37.5007878573912,0.8355917757703489,28.540187495703304,0.3233174842366375
1005,3,846.0,20260116112230540,3,是,是,102.33333333333331,base_info_20260116112230540.json,,,,,,,,,,,,,,,,,,,,,,,,,,,,,,,,,,,
1006,3,847.0,20260116112403330,3,是,是,152.0,base_info_20260116112403330.json,,66.38388359844373,35.9740592618823,34.37418273978426,1.6298042571016689,47.58551237528368,0.7555646951775961,49.15033073161175,0.36224163488256,80.38783057883195,0.5631007290536746,108.24523842009518,30.55159765462264,144.68373387287883,83.05687191165876,201.75425779288025,1.7008390311099997,51.73747224579751,0.4195030441767901,82.20924059993287,0.6684220764824781,40.39200125498788,0.3310693330228924,33.701436276299255,0.8459936725776238,16.594780493231465,1.4488328781538395,140.87842391089484,89.21504027424872,146.35338460488296,52.75836641533532,99.85271574796452,36.03568503847321,102.76025351033256,65.80597115191844
1007,3,848.0,20260116112407746,3,是,是,116.0,base_info_20260116112407746.json,,32.93074820432016,1.7788850051629828,31.81394377156666,2.597707911696317,80.42183824469802,46.78914388505948,192.2452262229989,51.27090739031477,81.41002180693977,16.1842685718312,75.40908552346254,23.41194564795921,197.49813762986128,52.95506942752928,142.73359953882115,19.014280896304808,130.1815244697586,36.06307221613732,161.5187671244117,62.33524048498126,100.01347601809871,45.11363323398511,130.72248796559407,20.139442676871116,126.41240063590924,80.13820413801025,90.66665074973132,49.85367743553711,24.85591657664229,0.2417399115603882,42.72218046806171,0.6302904897041273,32.215437563226494,1.365117216916176
1008,3,849.0,20260116112410961,3,是,是,100.0,base_info_20260116112410961.json,,46.30185033030091,0.3168885928420744,32.24499431511001,0.7972679598683107,38.631072829648666,0.1755387931042296,112.70820114796334,89.88228864137379,158.42256039080692,62.09213079513196,176.40947885304067,82.03573825078499,106.52181247287372,98.10185969301928,172.699159214324,0.7073969006690897,113.71236629325358,88.32403309573421,221.8293212367946,19.708657131691112,91.61593197770657,32.12224609381654,140.56159898257036,40.57632994712963,260.7980613577234,9.910441591588972,158.21210842470995,101.4840250646118,152.80211445575426,91.9705049720392,33.272403116932686,0.2795453939264467,24.697244259003917,0.2891933592314923
1009,3,850.0,20260116112413736,3,是,是,182.0,base_info_20260116112413736.json,,32.48592113407153,0.1984683444401704,48.18833082405917,0.3754045053220337,250.71869813171804,10.417841441137885,262.1011601984408,4.363802711618374,121.4100576911145,40.42910449749349,117.0310577510249,46.94460870455607,251.96295149661145,9.863606088800164,250.8992253326443,7.223656000227638,11.748846062600697,6.248166598674612,129.68167834930537,69.59312660244107,130.45663301553145,69.4592241254556,10.080826220996356,5.114649567295306,247.41178481242727,9.500038989187836,18.97824089198866,0.2818672435636211,41.48278600382898,0.1412081321504232,35.67554848921819,0.1729157957744541,27.503262442439095,0.1428546786104622
1010,3,851.0,20260116112417574,3,是,是,69.0,base_info_20260116112417574.json,,31.749791114398487,0.5312934580938332,34.78353279263431,0.7410468273484715,245.1085424969748,9.89563096422811,219.2878371817139,23.382889987145504,56.87448224936077,0.0403353232691062,56.91625988087751,0.8564395827593402,184.25014081153645,49.120243630949645,227.13000929287384,8.006736379790254,26.5414474627206,13.915654305889598,197.84686861525867,23.070093344411077,33.44301034103241,0.2076750217559106,181.65712990993765,49.04274318120827,184.90249544647855,49.4558334758986,13.769216541847271,0.0868758095313255,24.544421248441875,0.0943562486578064,29.47018412039148,0.2568709398868381,25.89574439113891,0.7194605332866054
1011,3,852.0,20260116112420677,3,是,是,81.0,base_info_20260116112420677.json,,138.95704845367283,22.60232894438299,28.874547662495345,0.8350292418455684,85.25351392580036,70.28038480370367,236.9676952356281,4.590763560709949,208.6528371684564,6.876945835146186,70.67547080078708,19.482028865651277,251.61186894761408,10.00922460666098,180.3264525716496,29.92742590953158,175.43598448915066,85.34930675954496,5.500380111086941,2.6850209317245555,240.54601511697885,8.686267066849759,237.23654808272155,11.026728647458071,252.9286161194294,10.647884238474004,15.50576664753646,0.0460905338485881,41.99355987593666,24.483059235836222,41.17685834808672,16.30903438948655,170.0417591779307,22.263790186162517
1012,3,853.0,20260116112423808,3,是,是,121.0,base_info_20260116112423808.json,,43.83017433510077,0.795846311048825,37.7456066026198,0.645983196632053,225.3260103302485,9.502966470045546,49.28022771447036,0.4366205768397704,198.20133100652467,8.367641395626805,225.36568173939057,9.807035740965198,245.4819976747385,8.11521247105663,244.83120112498432,9.692231387657676,222.7775403372451,9.42823688864516,225.4809381573419,8.769785948316782,220.75111244217075,9.746887445173677,224.6511834058729,7.1485282382565565,246.0625191165606,9.102472061287823,15.62863633902378,0.4484373176591478,24.70020189122489,0.140275118405449,36.43481013495313,0.670567924917323,26.84077500025201,0.3391066616578989
1013,3,854.0,20260116112427581,3,是,是,208.33333333333331,base_info_20260116112427581.json,,68.61359693984896,13.769454750955653,37.22240728479879,0.5215678748822882,110.971623782415,92.01530370217723,233.82090536613052,5.134286505287139,135.51753272801457,46.9505437332005,135.73968784865474,73.51289314154548,35.42842414860437,3.133391309005714,142.52145908441153,68.55717002655273,144.94970632697755,102.06693328003335,80.68210339561459,54.99847194687728,132.69848159416674,41.47668599745062,225.05129986010704,94.93423931009586,235.71547558394613,26.53489729613924,253.8535933519155,28.939255980563487,306.9105952135315,3.047622418813384,272.49875821919017,2.7097678792554425,72.14313989236528,53.32308386760463
1014,3,855.0,20260116112430056,3,是,是,73.0,base_info_20260116112430056.json,,40.257266960524944,0.7702937423863205,26.918830642418,0.1916319221791009,221.5723331784341,9.101405681917749,43.12896163700676,0.3547356719619873,202.1219410029199,9.32716898464046,226.90964323607943,9.317576527916106,266.4907747504807,2.731784756258063,260.3697999756802,7.389825759090611,222.1392208382448,9.072288314332775,222.58325588798428,9.358440025666468,237.75859534696423,17.014313060078962,249.9227316896294,10.342345652982226,269.6552470838349,2.754608416231212,14.143466823800535,0.1797856731362904,22.392758221444893,0.6876360189653853,32.2917882283801,0.2709875012605243,23.71984335334712,0.5045505029806845
1015,3,856.0,20260116112432780,3,是,是,109.0,base_info_20260116112432780.json,,39.980648868590414,0.7387781333307858,75.27330632900755,31.145747075844813,84.2407443591706,6.010306944372869,84.54508129916597,34.864093138060376,75.05050249360572,0.5227931216080298,62.80052271535232,0.1367447327108318,88.45517735039948,15.469199345342249,168.80434608473783,2.1527498533606746,65.12898939345,23.295840523444017,73.88568214075094,5.84734366851558,115.43845755151278,71.11281158976168,108.11343714784591,36.55749961907268,66.98699851222692,24.6355403357096,55.06558937751986,55.07387791661582,75.9758009578389,48.029680701286566,63.20471814147056,32.04524699204238,28.62049688636356,0.1914852688706706
1016,3,857.0,20260116112435875,3,是,是,88.0,base_info_20260116112435875.json,,,,,,,,,,,,,,,,,,,,,,,,,,,,,,,,,,,
1017,3,858.0,20260116112438560,3,是,是,99.0,base_info_20260116112438560.json,,43.332625983235765,0.5478925449388555,33.990304819002525,0.4236904839109431,37.75576381186789,0.2855522341981511,107.98042854190908,89.51409386201885,68.66570916984968,0.4362188954020348,56.00219948429778,0.1760627525432858,118.55562863133824,58.41924736578103,174.28296585608942,0.8727630659512036,107.52898031597148,92.32434751185322,123.63256320980337,77.92890826160914,38.93043384389248,0.1186664795427877,109.65062083184657,59.50209415438093,118.00017904003182,59.56045558819787,16.59237480916029,0.2333932747741546,27.021844629923887,0.3973911115296475,34.83814561664523,0.1216827966598815,24.36215474989947,0.160809362166476
1018,3,859.0,20260116112441234,3,是,是,73.0,base_info_20260116112441234.json,,40.30909075231016,1.5265231554288254,29.367477867529008,0.1330745325696817,232.03950139937453,4.110210466842548,167.3041187814624,87.80394184844624,208.1826893316137,4.175124674010778,231.9980150651776,6.71977085341365,258.1315371092325,4.617200167879196,261.6934167662215,3.352601274231695,79.76006948264894,110.10349202553584,79.94532646423691,109.25335838490132,246.306625176882,4.239711876540436,245.64820848399825,4.574266828934332,258.7188663926582,4.668054353210424,13.713872758759214,0.1483771886658258,30.22744748288348,0.1139049096256729,30.810443313487824,0.0904117447609098,25.23033158577552,0.4789238354930511
1019,3,860.0,20260116112443486,3,是,是,108.0,base_info_20260116112443486.json,,40.895813528610354,1.7216528313956732,28.95544957091108,2.8689911842557767,39.11537089056411,0.4860223250663503,46.94263537053066,0.076884212739294,145.3495311343,55.72592814855077,156.42178258824768,70.1678626903118,181.81451905561943,39.14341439969127,176.8941396209614,1.1556265761435365,47.20423711875646,0.1908664422295367,162.31256198963194,66.8517188003881,152.78286536375245,85.93376770229291,174.15981494798578,41.02639080595051,187.37785017845644,40.660001168157024,16.84847410834732,0.786099121060709,80.1439349320329,43.70472740870549,76.6872415275257,37.465026400027895,26.88607051974144,0.4753445760435036
1020,3,861.0,20260116112446260,3,是,是,120.66666666666669,base_info_20260116112446260.json,,39.34122093089557,1.267535498077395,40.09156056752321,2.017842846854544,225.0188212665502,21.44815393703497,227.829538235529,19.956838270207815,200.584153185328,13.82745663836877,215.9807290805643,17.049273419011346,57.58610494547141,46.54315703353399,208.454207676654,15.587521188547806,6.368689855256924,3.34400156435942,11.689808782022068,6.157420423690947,164.21474932697856,75.07447384603226,90.11477933723506,45.20413007891305,51.58249430603546,49.81864052724647,16.364767142158815,0.2346394430727018,26.96537881105344,0.1965229237674538,35.275618670587285,0.3762352264631267,27.20832071065921,0.4546411074695958
1021,3,862.0,20260116112448697,3,是,是,71.33333333333333,base_info_20260116112448697.json,,37.103580081860606,0.2669468584604085,22.246271429386223,0.7918791940913323,33.01484209703136,0.0796121955293949,39.28295227421567,0.2378091124020128,68.35205156765367,0.0997271798934277,55.721307525411646,0.4109356657797811,75.95197541792386,43.44856702399252,152.03030093559792,0.2361441510905377,41.582870236835646,0.1277086576223372,58.7290091167118,0.078959983481839,32.0783244519717,0.2477188372330913,66.11890751902035,40.44294359189854,71.63585864969475,48.89909068684187,57.79205016952616,60.23890950522725,59.77956550877847,38.14687616751243,30.620159166531057,0.3813170158890103,23.329272757420775,0.1633381726229057
1022,3,863.0,20260116112450841,3,是,是,134.0,base_info_20260116112450841.json,,41.74903219234494,0.934070014274889,38.09637543190262,1.5841683133943556,177.88453154825132,40.1983163990734,183.14939034726504,37.2825331232104,160.62110366109118,30.59676872103811,179.4351022904779,33.520284131024056,172.49018273945612,43.31628301603162,194.8428552003416,23.03379078167243,13.877579197163996,7.386866004356826,22.27216602601856,11.78854477477261,157.19728710772256,36.33689694323906,153.8319381323635,43.55030681913318,170.74078681433932,43.443071918448645,16.738450947389982,0.1145119717769473,87.7365584770053,33.48055966557564,89.67691253648324,34.23439272905576,27.046584674202027,0.3245389572540031
1023,3,864.0,20260116112453315,3,是,是,89.0,base_info_20260116112453315.json,,36.13186414812088,1.6727857384996037,33.83991884935989,0.6887481882177076,173.9611361318473,38.93884127545324,177.13216514275845,37.42106019160275,156.47379943013553,32.554705456773014,171.52340473902984,36.21719885644665,178.20978932522925,38.34162190349418,199.03414749582063,22.2922088083769,11.624484510545525,6.11395591807152,19.343236583346886,10.348744675163443,174.97480348403133,34.587692067756485,166.93300224465585,39.25910124801737,175.13934923075934,38.78360826572708,15.659055345519748,0.1729818130966857,214.8378394853113,18.84980551985436,205.24337561292853,18.78170510278862,28.516012174523865,1.3090897363050036
1024,3,865.0,20260116112456813,3,是,是,169.0,base_info_20260116112456813.json,,24.808105333634742,0.3345569919355349,25.66169576360032,0.8302696191646695,185.82492139231385,17.56351500182404,187.5830982703334,16.597721671920542,103.32498934529968,34.256868767320846,100.98946865414024,34.69446871227852,95.36546609816736,86.66803788097339,222.87768916287155,14.00586353320627,6.408681015717232,3.446971586297386,154.53664699603357,96.18492818912696,60.92602078891568,37.79692294237584,108.14830072104262,65.77545036813855,229.0542915919657,11.021552835851471,141.00149135474953,87.55235777459224,133.31488754053044,73.63573177869416,34.49602346461475,1.4945588494019098,34.937953062207804,1.9497431333126571
1025,3,866.0,20260116112500667,3,是,是,128.0,base_info_20260116112500667.json,,30.87257601750804,3.626272620594869,37.8652362543743,0.2608908829833327,39.30731398921871,0.3824705064881487,45.16625511047484,0.3130233436778831,72.42452522609271,0.7958305259861043,65.91035189012312,1.0002776346217683,172.88294581755034,41.12178456260427,182.563140679521,0.111977816233257,47.5004921272787,0.302374016764831,73.84500202057764,0.538431477237322,220.27004395572703,8.820777021784764,57.29522407232344,43.94632257232882,174.57257055850994,41.6335739985925,17.63649833169109,0.1835746968623136,49.61729024067939,16.46658535652143,46.07708474478949,12.70267951979566,35.16249875961336,2.7376411501561875
1026,3,867.0,20260116112508054,3,是,是,129.0,base_info_20260116112508054.json,,,,,,,,,,,,,,,,,,,,,,,,,,,,,,,,,,,
1027,3,868.0,20260116112600253,3,是,是,97.0,base_info_20260116112600253.json,,36.42036744359024,0.8879034486265642,31.83285524616429,1.414214441047399,100.82478895070724,70.10770964442449,125.40993489347952,80.86038795246812,69.40755313334564,0.4736839215547659,62.464263426597405,1.409010660133292,107.34220547628094,44.190528844158514,179.2759970755575,25.10481990558733,141.60590732806952,82.2740447687317,133.64662333395964,79.63473978223146,33.79789233859017,1.725288407442117,55.86292487887084,48.10894334394258,61.80347260696436,42.26601777594008,58.58988152097883,57.809781907469045,36.27460921669689,26.7428451236444,68.99894877416709,38.70859612550969,36.88687773116164,2.671266766444278
1028,3,869.0,20260116112603318,3,是,是,125.0,base_info_20260116112603318.json,,51.15495321683642,31.74364441037939,38.82936860859633,4.177535014033569,63.3652779552724,35.78329302525761,77.07941171881293,37.19847656804932,70.4012119578879,0.3325645821442931,84.91845899729506,25.14037505855339,65.25885921078721,35.49233705013128,187.4189892226898,17.773869734952136,48.147967001557866,16.815580406594894,89.16345363375211,27.984967139854398,69.55957919402567,42.95238669664965,87.16272141787886,41.84636047851627,66.34485658792185,44.015288646303205,66.20526975999404,25.61465692723625,26.98150310399426,2.5769548558315867,37.01225053896064,0.6008099918218832,54.41553796512155,22.668846762522318
1029,3,870.0,20260116112606602,3,是,是,79.0,base_info_20260116112606602.json,,,,,,,,,,,,,,,,,,,,,,,,,,,,,,,,,,,
1030,3,871.0,20260116112609243,3,是,是,96.0,base_info_20260116112609243.json,,44.20859336512323,0.8918766920215063,30.348583371201244,0.100241796589286,210.3503313400176,18.322494884713667,237.38536974820204,3.6382181356344745,203.83308413169885,8.181460974236087,232.2679071626937,9.226652390022725,254.31649915225648,9.633994001764735,246.6212729333503,14.174291995318288,27.581858162771265,15.01467368552733,9.969517637678686,5.059558804394479,239.7669260976365,9.402024137109084,237.967076462932,10.646300387587647,254.6029022922264,10.200364700963876,14.57107022290868,0.2341374721507745,29.217806628349383,3.2744381078374465,32.42288559369543,0.0381621192255475,24.490338416883034,0.5244915626623002
1031,3,872.0,20260116112612303,3,是,是,108.0,base_info_20260116112612303.json,,37.78509684398941,3.357136582300872,36.89951366454924,4.884763216212677,36.77942998796124,0.109261463840525,168.77114158798264,44.25515025412849,69.69138924838741,3.725225548411093,63.47792227443762,8.952047890095944,177.94677414313892,40.04289351333693,178.86980358424526,0.4819272077650017,178.08026405781007,44.08132444929722,158.9651722801168,36.417460251867205,39.26646125681506,4.116099915357156,175.1961327160787,39.941927745715965,183.26119253786547,39.44005173192121,16.51856198342733,0.2915695970724075,22.569370629501197,0.2941530977441981,35.254838155870736,0.098467380982644,43.5825752704613,17.31596923089163
1032,3,873.0,20260116112615648,3,是,是,115.0,base_info_20260116112615648.json,,113.6740706753452,38.59359267439346,33.65516657596884,1.1316949954398998,210.7693218721156,20.099826528224614,45.78578373385659,0.0919367918915731,72.40815484464831,0.4493463248423678,142.92653185648808,34.67772060241132,27.12125529306168,0.0818026418900306,221.52030870464708,14.771047451467265,215.74342254117764,19.526735391264527,73.9137391653304,0.5167650240575541,43.60265814993184,8.753880125326756,42.88387800587922,9.828539711651812,14.249221784394562,0.2768008882982655,17.342629898527974,0.3710670028986512,24.44187091013393,0.1878528377188799,37.53356531486276,0.0303541952795508,128.92499002112947,36.79564503896009
1033,3,874.0,20260116112621913,3,是,是,129.0,base_info_20260116112621913.json,,31.483605534491875,0.3721353794807109,35.59104508382895,1.206642936371349,39.493786965859606,0.2351280350863043,238.24692715452989,9.204213885302376,176.49179829931833,25.10206089401596,183.2985792289521,26.36190606153532,262.1253235767619,9.915988880339343,182.035455628002,0.6187349292282915,237.7017086841981,9.272508275246684,36.65225454873447,19.822762723681752,141.0139232357548,93.57972971160304,165.82738815278205,106.58955180855476,259.61669746476895,10.930047398507694,16.343899936904567,0.4012260102250454,37.26678852506296,0.1002161578939473,33.19918413949332,0.3197896345612142,24.656229330510488,0.1902754290864591
1034,3,875.0,20260116112624372,3,是,是,128.0,base_info_20260116112624372.json,,47.97199871593305,1.1889228791436468,31.166933226225584,1.0854682742112751,208.26426294570112,16.816266571359296,206.0113416443417,18.26437234367664,153.4288185277668,31.71591065869132,182.37432864709103,34.8454091750971,198.70521338522167,50.456838177613584,238.2879971305928,25.47810491726117,6.955702169770693,3.778577546756065,36.43600992506631,19.164170511134945,69.2526642303973,44.60670259272166,89.02212718258089,43.59676784954038,175.52127482606366,83.59683032676276,35.354631993888226,25.852334780599,59.26396478834727,19.61307146423755,44.5362530393852,11.68106346390726,23.9207907910352,0.0413396723544086
1035,3,876.0,20260116112626707,3,是,是,108.66666666666669,base_info_20260116112626707.json,,31.82547895431652,0.3488973547355962,31.63028491044016,0.7252660201906895,144.38649797055325,75.14453290826205,207.5712527056229,18.71686962380538,64.53801643928658,2.746036195474935,52.20258173726523,2.1475625890201244,84.8396304316356,44.11611778768364,210.82078168820544,31.074022836332475,78.45062902089289,76.72177999710749,192.17401183864763,27.962251361643386,31.872791535075248,3.892380815632792,33.128340643614926,12.365096614590156,14.509256580134355,0.5103667164745397,85.24047423376614,48.20959833773882,58.18454731853907,44.686565832518966,29.76162650366372,0.6853352704713706,25.0864378215346,0.5124875667057027
1036,3,877.0,20260116112629171,3,是,是,103.0,base_info_20260116112629171.json,,38.21639709584651,1.3575161085637777,35.093068519251894,2.267547866329989,105.64232696944016,48.597664575911566,94.63715045981614,68.47336593127693,65.88538318960974,1.439214298417112,57.55964890411325,1.2607879809102351,77.15780031178726,80.1048486558539,174.101417952084,9.741576775798844,156.98259216852725,32.52166933096416,107.6176236516895,50.39494988458892,32.94604266405478,1.2377264483684214,109.80164579423084,63.60708312355893,110.84491720394546,71.8593617852053,53.18732306429786,51.37823407227745,23.94571572199041,7.165660666692926,64.90026738508394,44.35532919003096,24.568828090349133,0.2168719269253551
1037,3,878.0,20260116112632359,3,是,是,93.0,base_info_20260116112632359.json,,31.990853233750503,1.5819560536233097,34.82092096658116,0.665258049981504,64.8752979773175,40.81426578141232,214.21180489223735,18.565615916585536,66.4173577399874,0.5169135967263777,59.92251741968317,2.424025626284889,94.53334106419432,59.4340899007138,169.42306581533614,1.7936057275034674,180.72403046142176,78.80809656276784,207.7123602217738,18.149424854237527,34.45257722842354,4.70553516981753,152.7887429648611,76.57435967094158,154.1974120031965,98.79393627304653,67.42965166908532,45.75316393290091,82.78094355775924,32.2423511529062,109.73521441924248,61.41874371101916,32.332001332610325,4.18804065474371
1038,3,879.0,20260116112634762,3,是,是,157.33333333333334,base_info_20260116112634762.json,,41.39963736495192,1.659041568993587,34.07477303183509,3.4612295123197536,116.57509587863244,57.54128321215214,177.44240550473128,37.172908115824335,141.21885946098368,48.73681994817348,151.84011827966768,61.32551812535155,95.4034633005348,48.20087014557557,195.57688307350745,11.91738828554098,81.70727264863099,44.28285283966304,53.56577042765664,55.6831752255956,113.2913814000439,59.592827625274325,60.455693436462944,25.411659862297768,92.36791714326928,52.87907047745118,17.3693755056066,0.1220145681934235,65.96951527213415,46.674788829468646,66.50375725604805,43.43848404426016,29.92314647743157,0.6489012458417843
1039,3,880.0,20260116112637286,3,是,是,89.0,base_info_20260116112637286.json,,33.3150488572058,2.046235206658757,28.4487306615428,2.0469409623424197,35.8490230955628,0.4996776217240831,44.40899944556843,1.21600876213735,65.76605561515954,0.8302188192597915,56.99851845781368,0.9241450191488404,24.682710879272676,0.6664198649480173,164.54724107300845,1.2088311921178356,45.4102865270313,0.5398950109537677,66.96008166768762,1.281134185561874,34.73189418999826,0.9126975058970264,23.49907503295892,0.3371125578525277,15.896064556246634,1.4553037403154208,15.679300685436942,0.6651130559306853,26.902426052207343,1.394642797826482,35.1482558289867,0.6170245220528343,21.908116325666416,0.4358019928039551
1040,3,881.0,20260116112639789,3,是,是,98.0,base_info_20260116112639789.json,,48.86008410770307,0.8641857514081346,29.796208074088884,0.4724854558875359,106.33182322484788,59.71435092993912,211.74796833408013,16.348655408003545,184.01394145474168,18.561730910072143,217.7221892577685,17.568562628618057,64.15351171494612,56.66683862113341,194.7543205240487,25.20496972302869,121.69007896661456,88.98304068001924,9.989134839841023,5.220654807740358,213.5569358666012,22.549077344003624,66.8267533424452,42.83904816143517,56.58115260229209,59.77599939829529,15.53166388623059,0.3841401473120322,64.65911703142122,55.14965030306859,65.07046620273029,43.04288902767208,25.5830889636635,0.123626923205435
1041,3,882.0,20260116112643009,3,是,是,131.0,base_info_20260116112643009.json,,46.82182985003999,2.369667298189233,30.025487490680412,1.831168930858656,211.56748134744865,18.20406338158988,212.2191835681664,17.83936035861436,205.56837182388836,6.685773744421052,239.10558186283745,9.955069383294324,27.79673931274241,0.0568178748535891,231.0910709372074,28.18571300803111,7.039747713111734,3.670492993325582,17.404417675606197,9.293137708652148,99.69598462347592,41.54338133726914,164.6813284201342,39.39744793440549,34.78043166662628,24.067933766255617,38.37425463744393,25.83935101008864,171.0523882832781,49.87192168073367,90.43180921462158,72.9703031987546,109.1701532915756,59.0773595456433
1042,3,883.0,20260116112645995,3,是,是,176.66666666666666,base_info_20260116112645995.json,,31.14621391296599,0.5082332352013595,176.29975267240832,17.324525914038848,209.00945403644516,18.26753777295759,139.80487715044026,96.36632669516932,81.81043433540815,1.076179110874946,74.46949058245565,0.9642076671779468,258.854459392414,11.159742573930153,192.6729705021263,0.9405981113282816,103.47743709748768,77.65065500980108,127.88356794337432,70.75286220552974,44.72264490342666,4.795018801009747,210.0462659583786,19.33575750003577,261.20787164508965,12.16896460277886,16.583049186934915,0.1273232611838305,136.8462200184074,74.45196457055859,102.552742841569,52.818015656498666,30.636071850409223,0.7114426044491972
1043,3,884.0,20260116112648536,3,是,是,163.66666666666666,base_info_20260116112648536.json,,49.17562551677708,7.087920969336583,53.556022741881975,12.647995242501697,190.10070037382005,44.417146830702855,198.11380981650757,40.032341167509216,75.3591910319591,2.5760419839861544,72.85889612188141,0.2206101286567164,169.77386334401274,38.20284740889469,188.19363794309095,20.16370066110755,15.954455849756792,8.520119631402753,172.206590286459,37.38424162998412,141.72421979668746,36.31726016717789,48.56087793270812,49.86580543437422,168.19606200216086,37.68105715311803,17.51673693388963,0.2050616286606127,31.558604099200775,0.3529167706714165,34.34035215458184,0.7828720415630994,29.515094445435903,1.4277057147809682
1044,3,885.0,20260116112651364,3,是,是,72.0,base_info_20260116112651364.json,,,,,,,,,,,,,,,,,,,,,,,,,,,,,,,,,,,
1045,3,886.0,20260116112653595,3,是,是,113.0,base_info_20260116112653595.json,,46.39956798389928,1.5464695046629695,26.773936091015084,2.344141165267487,39.2860484413689,0.3359368508757962,207.49010632968384,20.412921416153917,157.1121131934187,61.21830199758248,175.4963121378042,81.29292033215057,57.31279472956254,21.75761512694477,173.44914161224133,16.734045148964146,208.2529597301781,18.66092622936628,69.15015400703352,89.19557358537273,164.2494622542387,93.69810341860266,28.700537392172155,9.526138992730369,122.24277802799908,61.678023875780816,142.33881268700705,77.63066602069453,28.54707067716622,0.6122321665815269,36.08951062035373,0.6829603370373196,25.64312762621716,0.5229304363476309
1046,3,887.0,20260116112656227,3,是,是,84.0,base_info_20260116112656227.json,,,,,,,,,,,,,,,,,,,,,,,,,,,,,,,,,,,
1047,3,888.0,20260116112658858,3,是,是,130.0,base_info_20260116112658858.json,,34.77399775753855,6.960251853640112,22.973057493997704,1.3044499440875024,114.45594044993663,54.15297484327677,51.29934853851998,0.7189508858845417,74.07564249016762,0.1334786340990435,76.65165426998986,8.895470547456926,122.45497445755208,40.67240577903592,203.4126199749129,17.734285552462392,132.67354810840126,61.54989475847164,73.08920348498064,0.3878346847101034,43.63802167475351,0.5941397790695909,48.691252026260905,28.524431411627,50.64415772443008,32.800607978309266,114.71946539734915,72.35489219693768,108.80444127834905,68.55061413250026,36.84311950792796,0.3925655475506622,47.49573779612839,17.68393019263117
1048,3,889.0,20260116112701706,3,是,是,119.66666666666669,base_info_20260116112701706.json,,36.46305722464337,2.0052151216362044,202.24194330340023,5.789342600463506,1.7828675447735314,0.9600052902435784,214.93927025013545,16.406463625922516,67.80230895085087,4.541349086077789,58.84185032089568,2.1688033381212537,30.316524463978624,5.330334547666095,246.50881115407148,11.370659324845926,214.73088462597627,16.51956314810032,64.92797217204321,2.936986464901276,217.51044094352653,20.800474292941228,233.9732556545746,20.760456085754825,24.932050994466334,8.082012409602152,22.363474477902717,7.498718806088148,22.535813348564783,0.3075501850911249,92.83241792039246,76.30198530472433,78.25845191022223,68.80975679680313
1049,3,890.0,20260116112704358,3,是,是,105.0,base_info_20260116112704358.json,,42.719614120094086,1.9471568819598872,31.29960313612807,4.936970389467309,47.07090590805846,11.783997529904962,51.0154655751837,10.030875526108066,74.88608506448594,1.3156670283351513,60.61275733719409,0.1667886884949623,183.83126062623955,54.1512093580062,172.83246764223486,0.2486731450396152,45.546488303958654,0.1464990771817329,69.53979767469623,0.3580189681560194,34.36860488082693,0.0962739915434926,176.7256410251786,54.503756240718886,183.7177212919824,54.73785163861186,18.429072216922037,0.0797566647659202,24.59497658428952,0.2973422451060961,38.87567687495754,3.6409982477780582,30.475447054807983,1.6006860808748846
1050,3,891.0,20260116112714970,3,是,是,323.0,base_info_20260116112714970.json,,23.12941110781521,0.721611205072697,55.72705854385845,2.394092643248164,51.47618896343855,0.6424742668570832,202.95433594281835,46.29819423838418,89.16111911607527,0.4006916083628964,92.73149401354982,0.5204972177362152,153.82937169757224,100.1855330093843,238.35014756120816,1.0022087715481596,211.79036322087515,46.98100320303991,201.9788598835379,40.36939883510063,112.5230698153186,53.56715556415816,74.20694412230047,40.59970739947168,168.79475763828415,106.18446240630144,176.65820783252934,95.29292157605218,152.5410142559451,83.76511309318602,38.633159050868606,0.2427409853014527,59.43777833677137,0.4215726779684253
1051,3,892.0,20260116112719479,3,是,是,75.0,base_info_20260116112719479.json,,38.761010398057394,0.079155679422543,25.66695795244968,0.2093354894486685,57.52272461792382,34.928170458055554,39.46797327582812,0.2807934338887805,66.47159373838328,0.0648162276438961,55.38922216861914,0.3735495839574834,120.25685702523836,88.69653577067204,159.6739289204496,10.414204314504731,62.51686931785952,30.84853439271832,60.11347342253547,0.2237050563157007,70.3622684891365,36.152341746267055,147.65047559801516,63.18198859834016,88.14280374242065,107.4812279579142,44.36797424487421,40.399734945923775,103.48490669121009,103.60786462895852,125.56853918804144,82.87306979474515,21.83716246892007,0.0893820021741681
1052,3,893.0,20260116112721973,3,是,是,80.0,base_info_20260116112721973.json,,39.026978701103054,0.6450727850094538,24.7466966215018,0.0878133919552712,33.479898145810886,0.0994753940578997,41.43735555498713,0.1086795555279824,70.1082148003221,0.2111257807701178,60.10735060311444,0.3552493114088709,25.1244302993818,0.18457242853824,157.18425690583751,0.2958420437684618,40.30006990387736,0.2184740152245686,62.468188399509614,0.2816909656840676,47.37484346106896,18.75177595377513,50.972442324957306,35.13771779970262,13.885848182495623,0.063266013687083,15.695080260583907,0.3826531392195333,156.48765578318984,79.2081651874157,133.80723802374658,78.38687046063525,25.092293855113933,0.2808835377819602
1053,3,894.0,20260116112724810,3,是,是,101.66666666666669,base_info_20260116112724810.json,,38.39074690209002,1.2481884765688405,30.685828891165063,0.6610139450084194,219.58643541982272,9.338059466859828,220.01549130778972,9.100632781890194,66.28573140179998,0.68793653186986,62.00703085802979,0.5711698281803407,102.6716034284396,108.36597069745166,247.85299720679984,6.762723869737605,2.915713366256527,1.6043550490385463,224.3922044099893,9.745567224682915,38.16428698841606,0.3092940008257896,96.56758355820892,103.81261399353308,93.53068112863777,111.48999636174332,15.465874622092436,0.2518961883128384,29.1856966174784,0.0460406025981298,34.30556710975585,0.0749139451076556,36.40453277433664,0.4388704551566011
1054,3,895.0,20260116112727305,3,是,是,115.0,base_info_20260116112727305.json,,35.36683074198756,4.436570318395358,24.04490853671328,1.9869590608212755,173.90762291199565,42.363842935017495,42.36485035968949,0.1574367928112527,78.70429114581839,0.3879073005941423,64.87808289338247,1.2829519744216058,180.86425647092017,109.85091128967656,163.6711592542815,31.597608005356857,180.20338319866383,42.9853539748185,69.08598743583529,0.1348624061138988,119.84985721865532,39.37647675145664,153.87112134619667,43.34411073414655,114.59948166156774,65.80119380327936,82.74138013774193,43.77392482098356,38.1528975424358,0.9934369159329116,34.66860146654049,0.7221107776337851,26.335803041521636,0.4970384890603858
1055,3,896.0,20260116112729922,3,是,是,83.0,base_info_20260116112729922.json,,,,,,,,,,,,,,,,,,,,,,,,,,,,,,,,,,,
1056,3,897.0,20260116112732573,3,是,是,90.66666666666669,base_info_20260116112732573.json,,38.94663294798194,0.912390700533522,31.76849855282529,1.2751520922736406,209.55666801823293,19.62192590910808,148.60406135384838,75.46769503886347,188.989864302319,15.022465150875334,206.53386846128151,17.23002712321953,71.17663570883768,41.8848875352651,216.55908844310056,15.314968387823876,80.95519665131134,103.7811934925511,84.75326315372195,102.2585363942249,203.87946689371805,18.92983867589526,68.2621209751709,38.36029877636688,68.12857189576037,44.71970211371996,15.419258595232217,0.1081124495040287,87.42994638613732,55.037876242477445,86.80653305201382,49.75199481357633,27.42656241021956,0.1796395999857271
1057,3,898.0,20260116112735215,3,是,是,62.0,base_info_20260116112735215.json,,,,,,,,,,,,,,,,,,,,,,,,,,,,,,,,,,,
1058,3,899.0,20260116112738138,3,是,是,129.0,base_info_20260116112738138.json,,29.03409588086205,1.439628888661123,26.75320840397641,2.614015673674054,41.42300962053278,1.8965702254021304,45.67582757005713,0.952772268047518,70.98068129976822,2.400259234671759,69.91688961108098,1.500544907994102,153.45104223744235,65.53994579018541,179.5170434485627,0.2909429032880571,43.62538276293392,0.0156055906567683,73.02146515762429,1.026788917876464,37.0518172842559,0.5013227251743617,36.61547948729947,15.909753177954226,34.073687262503,21.7245796075546,145.32764477421827,91.99919350865326,135.72602097704285,77.88061250807446,35.21871629337901,0.1272876415172157,44.248286557952646,1.0088319367814496
1059,3,900.0,20260116112741555,3,是,是,168.0,base_info_20260116112741555.json,,47.65903505818861,0.164397477460308,37.17128190927931,2.280484479217586,140.92945414510478,70.12815559583166,49.67447579042072,0.3938798911242008,77.72369012874196,1.244054099081895,68.82114405290407,1.099089192497325,33.67463746408084,4.076373304775993,222.66666350077224,17.31739572119639,145.7733497695512,70.24506360321246,81.96963495325403,0.7543204305844854,35.66664486360053,0.4310984510066545,35.95950996503672,0.4208522692947543,17.340763344516333,0.2282358704270806,27.033285144840733,6.929372377256489,28.85794991464928,3.9252027379663375,130.95488770298036,68.1139188289145,132.42379920812863,69.53873539194429
1060,3,901.0,20260116112744602,3,是,是,80.0,base_info_20260116112744602.json,,,,,,,,,,,,,,,,,,,,,,,,,,,,,,,,,,,
1061,3,902.0,20260116112747603,3,是,是,192.0,base_info_20260116112747603.json,,66.63732934690917,22.42333451568425,58.97178676584773,6.352841121319341,217.2791391965591,21.455175450953167,219.82716698021304,20.04998007588896,83.21510919153513,2.581387411360702,104.11321053324252,28.335027519692627,166.9661856348162,42.66542237437728,219.53695608758235,13.047216353219737,6.833842300939929,3.708693396504524,207.86873508825764,18.93059962841895,40.382811462501294,0.2183427289061726,165.88978364164183,43.22691631637986,170.249750322937,43.718748622806885,18.90360353081861,0.0283070134634413,30.75945560863651,0.2686907019056367,69.10556858883739,39.55972285010679,95.57274321231476,23.947848336731308
1062,3,903.0,20260116112750420,3,是,是,147.0,base_info_20260116112750420.json,,126.72102409413304,57.78058240463,37.805214006726885,0.3347087601020478,42.47764673556835,0.25501703747352,58.8215157781294,4.60511626460924,74.00593189736016,2.3139854152360018,152.199206536113,61.04664438985133,27.3493860613265,1.5524332745077725,188.48586643606413,2.053922475039031,57.80564238103698,2.005215998106012,78.27564134279858,4.604098128429601,129.0150958509987,39.61828559088281,140.46768690514443,36.52738475891379,18.710507172924444,2.0076926890979583,15.94140607138837,0.0629470499550459,158.21825768404898,54.96754237068336,81.68106930245187,37.94311922121232,107.14065766506047,69.7942250541849
1063,3,904.0,20260116112753851,3,是,是,134.0,base_info_20260116112753851.json,,41.20159413197055,1.4950353431344885,92.14929514181074,49.502091468452406,57.530904106001664,46.11509974083311,117.06684902768352,54.28553852602921,69.95304908550406,1.1628628390764848,69.40287850639892,1.7643371891191113,27.2745425462293,1.1117119964163988,190.8081967415026,24.39523879993849,148.92049169368528,42.67422618389081,74.3458252839748,1.652805676012622,42.55418322893832,3.564950652583153,25.385308646366244,0.2087680762638076,16.076772992389632,1.855348953728665,17.14026774824896,0.1218091603341204,87.3931070578979,42.60801668000288,84.99451359332011,37.61831975056311,26.90270403152952,0.1941171194251317
1064,3,905.0,20260116112756510,3,是,是,131.0,base_info_20260116112756510.json,,29.14233946456379,0.9188420492317412,24.762735453247245,2.12168434976526,43.995384153981824,1.9585741516449655,43.5926415064754,1.97421782508866,75.29612955367537,0.3078415403483375,69.28074060072073,0.6908161394528226,128.2114902639913,37.94664863203885,178.31919542204253,2.033290366887701,47.215126333980514,0.2583021591370298,73.77411533782241,0.456300036969437,125.67413109767988,65.37266827838158,85.89384397630806,48.06161379853052,130.5737413689818,38.642463328785226,16.270503609420338,0.388070572163581,24.347490478231904,0.8023024308256668,34.957304732421875,0.6393067978922068,34.64948886890133,1.33914506109009
1065,3,906.0,20260116112759323,3,是,是,81.0,base_info_20260116112759323.json,,32.65911608931003,7.946564856753652,29.802625971728943,0.0681900681529325,34.602726355433326,0.5231427441466812,39.79107272119703,0.1068381153185625,57.5475929924713,1.6393878028715196,56.49888087953925,1.822903204151683,76.2797226871662,45.680692647385335,163.64314411518794,0.548185105107301,40.51747913769902,0.3282164337284317,66.66837932589236,2.068666563436662,40.133958695009376,3.4190273315557835,128.76759432092544,38.40324675634736,134.88397132857725,38.528782693156685,210.6570632129445,18.825307199782166,203.4666211415512,19.20859809288683,32.745540888258866,0.0402045664448724,46.12425519852895,11.280576832345558
1066,3,907.0,20260116112802490,3,是,是,102.0,base_info_20260116112802490.json,,38.65535640935969,0.1335885321535766,40.80648147150274,29.21091918889092,119.50738320766082,27.295186448802852,68.85874568762016,32.85934448928877,67.32218914963283,0.1336930454189002,64.63374308664281,0.0946933821968348,214.5199096781586,29.78646774674745,225.428560731096,24.11146520921385,174.0282570000063,36.13311145245498,62.286977200858765,0.1909378457825306,130.2536265062312,49.98835556901653,67.93690076323723,68.38076143893574,218.5928411307204,29.877225982964625,17.202709606425184,0.2662479781222172,265.6053613412137,2.866952433773394,209.1072924229777,26.111762445521062,51.93058250684502,14.393330947667712
1067,3,908.0,20260116112804932,3,是,是,91.0,base_info_20260116112804932.json,,41.06709857306813,0.6445080486186477,27.1373521490313,0.8319387603365097,33.98043195217008,0.2486567030605043,42.18806443946534,0.0978550029334005,70.0284042771056,0.7074243933962359,60.65360491562344,0.1025136657851297,24.72051714908233,0.2891156319367677,160.06623805330352,1.5488624781600862,41.2538043064466,0.1820408629267401,64.54930108794326,0.5623489534775581,33.906236398761344,1.26588712088885,26.731335454611784,1.1552987892485649,14.09804764464156,0.3350643114789383,15.054130015697035,0.2635902939031031,37.54803449111122,0.5900513801646468,33.3434284131267,1.475848935447214,26.447333673011936,1.0930128465296716
1068,3,909.0,20260116112808042,3,是,是,112.0,base_info_20260116112808042.json,,38.25030166109253,0.7430748298153319,32.82449855784163,0.6349713290860833,226.4850113116677,9.853344586944438,227.544792251398,9.26440418051421,73.17281813897331,0.0898079203052852,68.81669884796325,0.1044795087451929,229.79664750390165,9.04668228541088,234.06000960602069,7.881694547721237,3.340989609377244,1.8419849478781023,220.2159340158511,8.987238090475373,38.4562781265664,0.4173480745374386,27.105103036696864,0.3686129844968329,14.047987906668082,0.1544771710509685,230.1508432650821,9.938563348387706,30.481537290332582,24.27509344704815,192.20428612483903,33.37530617793925,30.60786331136284,0.1857926551825444
1069,3,910.0,20260116112811182,3,是,是,105.0,base_info_20260116112811182.json,,30.883778678149717,0.5351711310894314,37.203184777021065,0.3414010961151981,234.6075118986776,10.68897834509372,235.6549548255194,10.1127849603934,62.90369498618136,1.304347894502237,65.78815508711499,0.4232607483748145,204.47728090535304,18.62385335395586,227.7434456710916,8.452499723361795,3.093152928428965,1.6971184470971012,216.24948178305348,14.537412538297954,36.23284813889854,0.9639959632031124,196.9840608029772,24.448418377373656,206.33986141271853,19.594051102737595,17.229031576732627,0.2393871296130086,30.779977634960694,0.1584227584410217,34.69424626851969,0.1653582500374999,43.53455141778127,0.7069461413883962
1070,3,911.0,20260116112813870,3,是,是,78.0,base_info_20260116112813870.json,,,,,,,,,,,,,,,,,,,,,,,,,,,,,,,,,,,
1071,3,912.0,20260116112816659,3,是,是,95.0,base_info_20260116112816659.json,,35.34290910237845,1.066926951942071,24.98416852498181,0.4787143903321613,82.45052740652854,38.57049863524243,43.67685762828284,0.1221689208056815,70.5364663904238,1.5501695334201864,60.45431635881831,0.6282142778503529,25.51926963976921,0.1980298164447394,161.32910084636512,22.104967262785152,83.04042156403132,37.37048271508531,63.26102580378435,0.7445852952046726,112.92127461996994,62.981450387270186,126.76832299943294,73.8717378158591,24.327392203895705,10.087337503868556,22.42782840254384,6.9082614481428495,29.02484874611244,1.6669844704706442,33.3509107049143,0.0818976172707219,25.646701191020217,0.4424430197178467
1072,3,913.0,20260116112819439,3,是,是,108.0,base_info_20260116112819439.json,,,,,,,,,,,,,,,,,,,,,,,,,,,,,,,,,,,
1073,3,914.0,20260116112823408,3,是,是,82.0,base_info_20260116112823408.json,,41.60470001052361,0.1671508254973957,26.81123158319069,0.1883486981300643,213.1185040619795,26.24617814543456,234.90205522520367,0.964272879319463,125.38578235030576,63.12260164474482,153.39226479671888,64.53075075924616,62.93863396228795,55.99564069006066,265.4255431249408,20.875451846637358,22.11087932958949,27.00447264322037,96.59856399973664,67.48238998187634,106.16065535001,24.06002191788621,83.5279961736246,51.94875868457488,13.1289282217684,0.0568953265550065,56.93248263593275,61.02922241442644,56.97787699507766,37.85886742182316,27.17399991459149,0.5138705803025018,27.82752324654329,0.2036794571177309
1074,3,915.0,20260116112825920,3,是,是,106.66666666666669,base_info_20260116112825920.json,,41.59672415672558,0.1655631593031996,34.40690110625054,0.0651669466497504,208.3487970788864,22.06428157163029,224.6095505567104,9.299961664732242,70.0550678495915,0.2762881858302853,59.81039806452515,0.5249830345658549,85.32504996611326,43.09145652242738,224.5243007472583,16.590244244613285,17.25614197700622,13.035879619478706,221.3017024171395,9.025183302814206,32.754333462664384,3.943771485173667,35.1580439273829,6.188684720705667,15.61792660848556,0.3282945015748059,83.58298343643825,49.41146314041747,76.32377228443106,32.32873443439083,32.21691920670698,0.7792234299580877,29.098243160838965,0.8991760553982037
1075,3,916.0,20260116112828744,3,是,是,62.0,base_info_20260116112828744.json,,,,,,,,,,,,,,,,,,,,,,,,,,,,,,,,,,,
1076,3,917.0,20260116112831565,3,是,是,187.66666666666663,base_info_20260116112831565.json,,40.28079896225911,2.977731063432917,132.192032949121,76.14150864590923,119.29264947933454,82.23210433871262,68.23650293353516,90.3492424197155,200.05068691590267,8.503986829307843,230.3317917927101,5.19451376644648,74.31519546362702,40.00067225993061,210.64194597617487,27.4283578111523,54.88236964569808,72.2777727750867,9.23973692536666,6.48283089062541,23.066199012696107,15.12348631810968,56.48630483966468,29.919658384837373,152.93208402292217,49.78114737824364,226.7622622408287,10.184340951262518,184.21809119646915,26.99766086165941,82.1364048502577,59.43972694882117,100.30418270710004,62.36489338427119
1077,3,918.0,20260116112834758,3,是,是,73.0,base_info_20260116112834758.json,,37.06155547130112,0.101910736605513,28.292660140099134,0.4563226043743763,33.43360713942851,0.2510710780041557,236.24807961284125,1.7331663046667698,111.9470431290796,72.4918999282057,113.3668206232751,85.41253534816272,21.514314449664123,0.1784093964984713,154.65563813337258,0.3298100479053369,242.4976355509926,1.2919336958927792,158.58156835428727,110.57288332422696,122.3459892964305,71.23819381403023,177.34052517769115,45.37258929206772,14.390611628447738,0.9434021637822798,14.413433043418918,0.0076892187236257,23.56759969513572,0.2253514728966897,28.43412821102084,0.0955116831744799,26.05393332164456,0.1386342642564615
1078,3,919.0,20260116112837725,3,是,是,92.0,base_info_20260116112837725.json,,,,,,,,,,,,,,,,,,,,,,,,,,,,,,,,,,,
1079,3,920.0,20260116112840189,3,是,是,127.0,base_info_20260116112840189.json,,34.782934179903215,1.3204976407349605,33.31396765862022,1.020484542450666,207.482403356442,19.86270459639364,45.93128962342106,0.0698710067600751,74.59912156959797,0.5834203231119549,65.11666014999041,0.3269426265258291,207.69421980389816,23.74769435280733,223.45341692982493,13.53263016441039,208.63485054060857,19.77091513081377,75.70697890314352,0.7142125292079081,222.01981870638775,8.772284570815447,225.35337538358692,14.05635012041754,16.30832814922729,1.9386856796256555,214.0283994294436,19.50060432327457,4.025105904160215,2.4212449779813565,195.2432267673097,18.84722514985224,33.1820772811214,0.7590660141222103
1080,3,921.0,20260116112843062,3,是,是,66.33333333333333,base_info_20260116112843062.json,,,,,,,,,,,,,,,,,,,,,,,,,,,,,,,,,,,
1081,3,922.0,20260116112845412,3,是,是,84.0,base_info_20260116112845412.json,,,,,,,,,,,,,,,,,,,,,,,,,,,,,,,,,,,
1082,3,923.0,20260116112847841,3,是,是,145.33333333333334,base_info_20260116112847841.json,,40.560435040786935,1.0439292358260133,36.960494080821775,0.203865899249022,170.9508987197503,37.82929006908905,46.63930084228044,0.0720109218702069,75.55682037115821,0.9220596624434264,65.74654663056631,0.3321216323416707,39.66250052406244,19.29925717886569,208.23719103613848,19.712438111176315,169.15737650078094,38.38202547309016,78.60332966887339,0.523205794602271,79.15901034689591,34.227955092110065,89.388623736031,37.8082409596027,15.644044756054129,0.0540807097720071,32.59960727082984,23.21535519001537,37.70623374035617,6.619037570998316,39.14599076673986,0.4613216935709576,31.20320941917595,0.0979795040028824
1083,3,924.0,20260116112850532,3,是,是,57.0,base_info_20260116112850532.json,,,,,,,,,,,,,,,,,,,,,,,,,,,,,,,,,,,
1084,3,925.0,20260116112853488,3,是,是,94.0,base_info_20260116112853488.json,,,,,,,,,,,,,,,,,,,,,,,,,,,,,,,,,,,
1085,3,926.0,20260116112856072,3,是,是,135.0,base_info_20260116112856072.json,,28.99174305456073,0.2009144351451471,18.85112445314012,0.2975258447138882,182.1783571358052,18.09410907346213,48.29291399176464,0.3861758233064901,74.53859247338814,0.626596452716725,66.45734424597627,0.3930936421537207,154.9535850189608,45.71071978409188,227.0687883086974,14.910689290608092,205.115377184497,18.836982672032327,71.28806562145864,0.2705994168721579,224.12718603696345,9.294987023687897,56.00881137871445,30.1969739107738,180.148816504756,40.42847521573662,34.13619364703741,24.47735197136568,34.55596507634616,17.302710656920887,71.79771606402298,44.55708390073832,52.85134663204485,37.10210755076268
1086,3,927.0,20260116112900643,3,是,是,59.0,base_info_20260116112900643.json,,29.24051181991118,0.1414972850315635,33.56291530644776,0.6850999114730258,255.3933006597356,8.96931121561766,194.09880059787972,45.0055645973502,53.383612847767886,0.1735842137854978,51.245603416724855,0.1164968650393334,21.87304803295724,0.1581255778277116,222.44372427084136,7.127069955690289,64.03823901496672,50.22190969097111,174.91921753201288,44.51779362029832,102.5785253016066,49.130760188241744,84.63300220818458,47.1032743772512,13.04855568757396,0.3786072303488101,14.72333172321986,0.6185799928592793,22.411602141356667,0.2872804540536773,31.90664025907559,1.5627417970288509,25.36137696800625,0.2788244072915548
1087,3,928.0,20260116112905854,3,是,是,80.0,base_info_20260116112905854.json,,27.3124693822421,0.2986047867694599,33.56258165366243,0.5916204623039399,101.09182809422566,91.46538365256563,43.31158559175319,0.3288140628737706,206.03814710961032,4.438206606741658,213.25759747085567,4.375525936510919,200.96793094317735,53.34406871246981,173.1648543229028,43.19146831029713,99.0855356090537,87.65931902102723,228.90218366586245,4.469530073766609,109.42834188407828,37.84724768956447,71.28101605669836,36.71662100139324,199.74279838771824,53.02198685348194,14.55115022975204,0.0627950482979683,42.09368204496797,23.450163492524283,30.15574917063988,9.276042697327048,32.08885436144698,9.656998900420476
1088,3,929.0,20260116112909605,3,是,是,60.0,base_info_20260116112909605.json,,,,,,,,,,,,,,,,,,,,,,,,,,,,,,,,,,,
1089,3,930.0,20260116112916177,3,是,是,90.0,base_info_20260116112916177.json,,48.11418572137419,2.40085994283462,38.160717296253694,2.14020394028032,228.28566326864348,9.829979768616964,122.89144439508262,60.59150148310096,198.97009107801213,9.915077074111448,232.0590308614591,5.747345192502255,68.93105276879892,43.68349572873134,238.1989689616088,7.5492016297300255,115.1227637784015,61.25610424249532,119.17859079103856,63.68033849781865,229.52769054817085,6.402084518033477,54.487750416627456,40.865299054494166,49.02800619824759,50.41831596338994,29.53029088180359,18.29309379352533,34.65606649557801,12.862232621711891,34.143407722760806,0.4179619715533871,24.109699408579772,0.1659176463561328
1090,3,931.0,20260116112940038,3,是,是,116.0,base_info_20260116112940038.json,,30.158424472807997,1.2598093528697674,40.16639494629983,0.967279561537246,36.478320282687626,0.4737149917106522,115.36464597971434,99.66091568321404,70.02231549467221,0.246202060791814,63.584514217176114,0.2848931829996939,57.10013593005724,26.96464009942169,181.78950982174447,8.989701040882641,121.4927551351527,107.38203552434967,126.22945938119558,72.78998459077049,39.34274073771683,0.2206348596513508,30.23840742198161,0.6156066448796641,14.918232585341665,0.0955830489682047,50.90122298706096,29.78219545570048,53.16873245480749,20.601109054517853,39.51958258638772,0.480455561991164,29.409530414358315,0.3935471898174954
1091,3,932.0,20260116112951314,3,是,是,98.0,base_info_20260116112951314.json,,32.69020669245549,0.5662202641217646,31.002879226488787,0.7124725422466149,205.1281523139856,19.22741810701547,42.2877278926959,0.2114251052831356,151.3003368949289,58.654699391916175,162.56232925721807,71.80395564606343,214.28149803568851,19.75474198798381,221.64891238385417,14.21136579590512,207.3157036991795,19.09640117650343,168.7708048713645,73.6064259088448,158.66731861283554,74.46364017421072,38.608269780167646,11.825854547848932,13.563262861140986,0.2478377927572312,213.3572045223256,19.36913008928333,189.92034165136795,15.34751601729054,35.14780390466874,2.002340400531652,30.78428525991302,1.1780537872453958
1092,3,933.0,20260116112954314,3,是,是,167.0,base_info_20260116112954314.json,,27.72649207389252,0.8697796983895062,39.26561018690909,0.5743085911967167,136.5460072744148,53.59513548477782,50.01528028404345,0.2571071730000078,81.6595118440166,0.568901273269765,73.69080415061622,1.232698826048925,85.96424120680791,39.18403354446709,208.93209285446903,18.461429517738114,137.97243291567398,51.93283555343047,82.33213249484731,0.3550743489735865,39.17897790610772,0.250173565292293,33.62686956624884,0.4871980824964827,16.03721144518962,0.1315550584455946,82.6284328357661,39.89856886074577,91.38892747048897,48.90461216661346,82.12432858425845,58.62818402233365,34.13156940749286,1.3315347093654246
1093,3,934.0,20260116112957062,3,是,是,92.66666666666669,base_info_20260116112957062.json,,,,,,,,,,,,,,,,,,,,,,,,,,,,,,,,,,,
1094,3,935.0,20260116113000400,3,是,是,135.0,base_info_20260116113000400.json,,27.27775224484085,0.323603696614201,34.875140280580815,0.7974121325111666,204.496333477045,19.34169925787597,44.63979059842367,0.2093248563690051,73.49286686867289,0.0627219225977994,65.42340272141269,0.2736480434620141,27.55109567255225,2.05280377027577,230.5410092822427,12.898403714675307,206.05332231415665,19.174574976639057,76.14783977709158,0.3099345969118716,37.35545080151593,0.2758136450850807,29.894695598924116,0.3102664920079238,15.77692444152022,0.1920673644221492,18.467621861655115,3.5017818830428897,30.788363180825893,4.329845157708576,38.068435580587646,0.0898928813186457,31.29396819596576,0.4540860197314134
1095,3,936.0,20260116113004002,3,是,是,97.0,base_info_20260116113004002.json,,39.36667929677947,0.203327747028309,20.713241504201843,3.729853459450528,212.033902389434,4.734146703234616,41.02742901279086,0.2005071184661622,71.97013150076637,0.1806950226081833,60.096116246190725,0.2922339789627157,25.15046387430904,0.7448409605379959,248.3553869893087,5.784045001050225,217.83918344308157,9.27305092472872,66.68378350218502,0.8223457040625919,64.09972964629057,39.51628212728473,70.9560153778424,48.01968030157352,12.745719892191763,0.2964929932866726,17.954881974517193,1.5955521136280073,181.3213414285436,70.88789839566086,156.32880263228154,71.10913492968078,25.734863265275493,0.713780265886582
1096,3,937.0,20260116113006725,3,是,是,125.0,base_info_20260116113006725.json,,44.83896596497701,0.3463125455057106,35.16151123924968,0.6535449579892855,147.57962706023616,67.06301733826106,217.9610224441678,10.076403996617726,81.06066408994434,15.607867095353296,83.10124214675251,30.908929956745386,240.774013470469,9.801038461350831,210.35709098788783,26.94398461354279,76.5688691777984,81.4208770043702,177.3821723930242,46.10361961143265,75.53556881600565,37.338039932114825,158.78781204182107,42.76951719697311,243.9259541012276,9.843772230181012,16.904453860315282,0.1651274187061719,24.8065055655576,0.287177572305431,37.84126923449608,0.4656317966674577,27.10794780490561,0.4853549409288453
1097,3,938.0,20260116113009313,3,是,是,105.0,base_info_20260116113009313.json,,31.610260569846314,1.2107724017578616,31.11880548148324,0.5268504486812473,46.766368079547306,6.721800152906253,42.282657759838,0.6589661969075431,70.62274186240707,0.7380173411738572,60.82104825795458,0.5061050908336382,26.804688968058088,1.0934482194929496,169.58116111404618,5.526056117862704,54.63600416861461,7.269494377777612,70.73785434768395,0.3768995333822853,35.52600017124323,0.6411273837139762,30.149512901226164,1.0029881944804255,14.37530075488599,0.0520781757533687,18.396201527186246,1.918496025577082,24.144903275470185,0.4565939416495312,65.38015993365106,42.939805776244334,57.85948056514301,41.59262999921579
1098,3,939.0,20260116113012191,3,是,是,80.0,base_info_20260116113012191.json,,,,,,,,,,,,,,,,,,,,,,,,,,,,,,,,,,,
1099,3,940.0,20260116113014337,3,是,是,75.0,base_info_20260116113014337.json,,35.7033341186786,2.942154519464197,20.47783194083032,3.1348766514069184,143.81903725966012,50.43445544511761,43.85013622910546,2.750323155925609,147.10718134689142,34.57260045770904,164.26567953407695,40.07123604894595,221.5807196031454,13.486333454862429,213.2967082172269,23.91090095668557,161.65155668553714,40.03571844401763,163.44054082219964,38.245118851468135,181.41602621559443,36.36810387491306,206.6595744160636,15.189636052277832,221.92058165048937,13.43977330814879,13.698583744954396,0.1742181256815616,48.25308146808831,23.60200826914305,37.465917722713776,11.674108730386418,26.11607209837557,0.3281662164547129
1100,3,941.0,20260116113017721,3,是,是,144.0,base_info_20260116113017721.json,,29.624268135418053,0.3053396034556153,40.64784513623858,1.0227490259476022,215.6829752590284,21.28668946397744,94.84355772748604,68.2693569807106,73.21276605666522,0.1710698548144169,68.59771838443889,0.3402094890828707,203.36482196514527,19.532606065344822,215.26995575824608,14.464967023214804,161.32251812713685,105.8573779273203,113.42549651088125,50.10050956825485,40.110316375648,5.730490213791691,194.30325734894157,21.829637702621856,206.44887583936804,19.677474303355996,18.85699282140206,0.0755462181121777,25.7685373294258,0.3715349577578262,64.84828444941398,40.34875294035959,56.71167559017545,32.3715368989536
1101,3,942.0,20260116113020133,3,是,是,114.0,base_info_20260116113020133.json,,37.94779299888455,0.6385516471528206,36.30201145007947,0.9168377210567418,215.3661413663416,20.898253032428645,44.62707266860756,0.0908089372905853,67.52291478168729,0.940463191332006,64.47898055168044,0.2818577950851791,57.341490337038806,44.59104686913764,213.98549624548664,14.005339984449236,209.3103871762186,20.828804896265797,71.86365368808025,0.4730287806759929,123.41473492749934,34.6753589345477,131.50790565900382,35.98153521679956,14.33332223088359,0.1603671703360673,51.19632556805056,48.79480955931793,55.48679833981519,35.57820060066794,38.48954731811489,0.1915763578466539,26.261079004702164,0.3061134275739263
1102,3,943.0,20260116113022738,3,是,是,120.0,base_info_20260116113022738.json,,36.13478992446837,2.9835664304914737,24.92782562456411,1.985082327691482,38.42745304020976,0.76064921537505,43.56105640581077,0.3866003471468558,74.6449665680121,0.3500962542560053,62.71272120953614,0.4271084031982377,74.94089984594352,20.16213887633856,173.43384028068485,0.3343832454269346,45.0366757797031,0.2990150468257065,69.36011929899593,0.3601014681446737,36.261132798529246,0.0893487691000668,70.9150823566049,42.36832376089709,75.35737515868809,49.968030239105374,47.75248565313084,20.820776801237717,96.16856682143904,55.2054598594426,53.48808844399748,40.90600281638476,73.47136258594233,39.16057730066223
1103,3,944.0,20260116113025108,3,是,是,52.0,base_info_20260116113025108.json,,,,,,,,,,,,,,,,,,,,,,,,,,,,,,,,,,,
1104,3,945.0,20260116113027358,3,是,是,73.0,base_info_20260116113027358.json,,,,,,,,,,,,,,,,,,,,,,,,,,,,,,,,,,,
1105,3,946.0,20260116113029495,3,是,是,131.0,base_info_20260116113029495.json,,44.85724423728891,1.2363584817085846,33.73158413103687,1.3335159902735134,39.952338794220914,0.2911975720106258,48.62257486498146,0.2415175582958154,142.763212849803,40.182503089479866,170.49303824955123,41.63449004807386,231.33564259755815,20.693829134705748,180.4024856675028,0.9532456072320334,47.13716233817957,0.3877702061576087,166.9443761659574,39.72055574800445,116.1044592030019,38.2143501455461,151.28371295794048,72.15576780389941,229.2980329988054,21.196547427945283,15.91063662376696,0.0741040024651666,67.85236834107381,53.95862382599894,65.44339751695067,41.41027546370277,30.48834643169955,0.575707448347192
1106,3,947.0,20260116113032008,3,是,是,63.66666666666666,base_info_20260116113032008.json,,,,,,,,,,,,,,,,,,,,,,,,,,,,,,,,,,,
1107,3,948.0,20260116113034850,3,是,是,197.0,base_info_20260116113034850.json,,31.159145748173543,0.774178905387156,22.24424569072032,0.4959014495163702,168.98662690432533,13.64738755187762,152.22293855450016,35.00843008049362,82.24231438800898,0.9217280196043408,75.14247827965703,1.0958774656441497,147.4381855539959,28.569180085769755,219.9054464341638,10.08925283201472,26.608101298465613,24.792971264604063,177.7492509652435,34.09009453637511,44.43388714347454,3.336874780469666,95.54434810697228,51.21247167663488,109.23038687708488,71.05076493896667,55.154935944802304,52.95032125432195,28.46496632569963,7.914408483951419,61.67656794899591,30.90198707398653,32.811858347231315,0.3370050643197579
1108,3,949.0,20260116113037454,3,是,是,88.0,base_info_20260116113037454.json,,,,,,,,,,,,,,,,,,,,,,,,,,,,,,,,,,,
1109,3,950.0,20260116113039624,3,是,是,72.0,base_info_20260116113039624.json,,,,,,,,,,,,,,,,,,,,,,,,,,,,,,,,,,,
1110,3,951.0,20260116113041964,3,是,是,133.66666666666666,base_info_20260116113041964.json,,43.67105552549975,0.1175869864041899,34.60808675048592,0.7838073967092589,205.92193646103212,18.92078784851882,45.87272574344215,0.099633446377648,76.3281339891118,0.6059689903362006,66.13466499840005,0.3744514414136712,26.424483768061872,0.0372740786450034,236.8229738598867,13.282577380053512,200.28990243024995,20.385050776768665,74.08280096320739,0.4188718907215158,212.1054837026092,15.827934015189884,231.93252161164503,14.43416383768328,15.187365624702784,0.3668085670380869,16.866486021153115,0.1197661204138696,35.42901826914997,0.8401603197096454,110.04824085401316,56.52040414006552,110.67019355955102,61.84928171974968
1111,3,952.0,20260116113044458,3,是,是,117.0,base_info_20260116113044458.json,,39.06193659405892,1.3442824518023937,32.205991184590005,2.8839269556820675,117.4346344233417,60.70797218672077,182.12202721719956,37.317689235294274,194.8517807947915,13.106845608412003,209.28325864016685,17.73038077499951,24.905419275767503,0.4677235913686089,171.06870547201274,13.4928523951492,81.80213672077006,43.37387923781486,41.70866726750984,22.252376733852152,149.04091730867518,67.18687271331781,58.33543870166408,42.88947402809826,13.270403840369648,0.1443846338564058,18.199365746702394,0.3784568961409735,113.20597259977492,65.60812702424987,114.9956506812664,60.34405190468208,25.291057748229168,0.1376524191092013
1112,3,953.0,20260116113047032,3,是,是,86.0,base_info_20260116113047032.json,,39.85012565607469,0.4207864114938682,31.287652323482884,0.697682734137474,52.31633785349563,9.025492571688035,42.74905690389735,0.1083065586308372,64.81765979601401,0.6322793586911654,55.05155943877091,0.1553863173743411,227.42670732825889,10.910043653176611,160.408676353777,0.4412537285249885,56.0564617726545,9.08686786553888,65.77868838106359,0.3412690368456239,34.737466259643604,0.1323848881026939,218.9829115731336,11.62889177010389,229.74534678179032,11.183775469360237,15.945605910796765,0.0662858504110298,25.30487529045715,0.2268638090235907,33.58326224558934,0.3560238438548113,26.13259616496412,0.411365446049079
1113,3,954.0,20260116113049262,3,是,是,51.0,base_info_20260116113049262.json,,,,,,,,,,,,,,,,,,,,,,,,,,,,,,,,,,,
1114,3,955.0,20260116113051860,3,是,是,73.0,base_info_20260116113051860.json,,39.01061512992782,0.6228283411290639,24.81082587147185,0.8954301320661723,217.1907026870305,10.385868765177223,201.34697949272905,5.048951044764293,58.27226795989199,3.118089667515477,51.22863256822259,0.6527356416209847,247.993699866409,10.98447140870042,259.5245986932418,7.567277009674169,17.883852826805352,12.393365248957432,208.46332270231537,11.612099591753555,64.25177506888024,41.94129909416959,189.41334151130832,69.38163902271874,255.2309515887098,9.409669062823168,17.093357661034702,1.055780485912944,23.67425934175468,0.9934662686760332,30.883452129342384,0.324576092783207,27.81956686216548,0.5650257486793308
1115,3,956.0,20260116113054350,3,是,是,83.0,base_info_20260116113054350.json,,151.66209989503415,80.13300980423837,30.319063685307565,0.1978677621823927,188.4284860336875,41.14944463224344,40.14811508516927,0.7199135562136177,64.38155606946488,0.6309531152919713,172.33663671986088,81.89115833833229,143.31136581115484,8.012357295196797,217.8251255736053,27.933147191412875,182.83047499775805,40.982884662671175,64.37238357135493,0.4750260896033759,32.04194443513709,0.0252630620726637,96.5327005290281,102.4438988459524,93.84027837472055,111.96941801984144,127.56787810444416,20.48243771769143,99.42068902614676,17.189660178495878,35.83737290786536,3.1433312660833264,153.62052655780258,91.77928408285742
1116,3,957.0,20260116113056230,3,是,是,134.0,base_info_20260116113056230.json,,125.4585914730579,52.73117334238943,36.63197527635263,0.960941860255357,204.6239885860393,19.66272805034737,217.72921651060943,11.022917258804693,143.22762769282835,52.375931216074,47.10424666162339,36.384167488329766,92.12344149972512,88.98893597864657,231.61350688059463,13.382774236087863,15.328967688212446,12.445898087775555,81.33027102447551,91.40807690908508,151.70101142349623,83.75036306669392,89.13754376867446,86.66852399482583,88.88399539907289,95.78771478524246,18.75481216811833,0.687451196665176,50.06532841326027,19.818223921416735,46.73619005496301,12.055246776236974,149.85333107991346,54.71989086402437
1117,3,958.0,20260116113058707,3,是,是,137.0,base_info_20260116113058707.json,,45.4251255395204,0.1345155906639207,33.59022619087753,0.0792832719987264,219.76212135547885,8.753741744750439,47.68538722037798,0.308760814417139,78.75761753778437,0.312486101947305,67.15511662565972,0.3988996230961055,251.629085196444,10.319382516830824,264.5871400883439,6.469087928375069,218.73343303386537,8.732399204932014,73.875471868158,0.0569047994703911,66.75487880739387,40.88448468365574,186.44910865682647,50.550427198567,256.6737473728385,10.505826465451044,17.12134847592716,0.3940739974471536,134.02461760427877,72.21715277067453,100.18383329705804,84.08315915935655,150.1486038318295,59.00388958857005
1118,3,959.0,20260116113101237,3,是,是,216.66666666666663,base_info_20260116113101237.json,,81.7476653654632,20.758330762966303,48.5370872258475,29.892082043698423,141.3300197856216,60.47300770074845,87.60855779497022,31.32852380174255,80.07594061191736,0.2774317825890947,117.53651154348582,15.650537129645944,29.49699135017367,0.3327479962135944,160.00863015011387,43.28368150283732,213.4001459990945,20.71591037083844,87.57477834869921,0.5061921057745868,80.01834361416664,33.97559537566665,76.43530223447723,38.03905369990355,66.96921760202103,39.84322029713753,64.23244637689703,40.57168257383915,33.982487209816604,0.4504449611990435,102.09636653151377,48.974672647433,51.67138891322818,11.81919114716962
1119,3,960.0,20260116113103434,3,是,是,78.33333333333333,base_info_20260116113103434.json,,33.17424992186103,0.8964310678954219,26.185251826206297,1.3455224936505494,32.2285958182265,0.0875580135182512,99.37021705140562,84.67773705974132,66.30911267743053,1.170384710052851,57.252320767156135,0.6271702135374068,223.1891750991731,20.39480184419439,156.36718969513834,0.3479328677839476,100.82038033221872,85.97424042308212,119.21823357364929,80.61467514955434,34.20952921312366,5.499638346382629,185.89740232391387,29.118194166140142,227.10861568565352,20.35425028412776,11.734933439675236,0.2724338302886309,123.52578308908834,57.99511913712,106.05678723858485,56.07755626794555,30.372051229372246,0.6932234059289754
1120,3,961.0,20260116113106635,3,是,是,78.0,base_info_20260116113106635.json,,36.632086531285466,0.2604308894582436,29.026117021521923,0.8374737234497523,234.72833531451488,1.9362939440524711,235.4441341655649,2.382729903976615,58.29943996289935,1.5509177250477562,53.15220593629565,0.5162245285690752,101.52970982444124,108.5521207031468,256.4985476870032,0.7041982355806143,0.9210362561277332,0.1871922607174143,234.8596019636048,4.226447288553158,36.5036197590533,0.7018680109890977,96.7093282021087,107.1479061603341,97.80936433846324,113.08476194886508,15.055896679258948,0.0517661015445597,185.9540317492905,82.3270612302371,173.1165477482681,81.10073485039224,30.178952156068064,0.5080294762621181
1121,3,962.0,20260116113109078,3,是,是,151.0,base_info_20260116113109078.json,,36.72268351006,0.3492977822287096,37.71277939938452,0.4894959333423704,208.63643541304268,20.005888290826924,210.78623275763377,18.83759188488239,74.48137793214376,0.5145045938036522,69.09816813238551,0.6059174392785066,211.7114871862954,19.80701829308918,223.23226356643303,13.396707166182924,6.850544938078156,3.7029794113824495,204.60230221985745,18.69126672137358,37.79358415212221,0.1969666284178881,202.17140566141828,19.69090025256932,212.8066122615025,19.95817811702887,19.450828674890506,0.1696944906810322,34.54581544893074,1.0536048462131788,36.63278930639617,1.1306069327356685,39.85325440033548,1.3725731890750212
1122,3,963.0,20260116113111676,3,是,是,111.0,base_info_20260116113111676.json,,,,,,,,,,,,,,,,,,,,,,,,,,,,,,,,,,,
1123,3,964.0,20260116113114408,3,是,是,163.0,base_info_20260116113114408.json,,31.103233307113005,1.720593077995877,53.27963661815096,16.041204707166653,197.57739670490807,44.75532904817173,198.9996750055176,45.25352164158515,77.3783560007522,0.1126092451292121,71.86252518761673,1.6196264401037883,230.27836021816208,6.275152739303012,230.1584417805437,7.252068171855101,3.721437319233196,2.052485272982472,222.0156557152843,9.340127920762702,65.9515346737531,23.603768199630014,63.99240638223575,27.051467067598992,14.529936366351343,0.2040358442766142,229.0195854714285,5.904686897825656,212.19785581849345,5.457111893112017,37.87089582710124,0.6504789055217483,36.7239316925668,2.0667341484488504
1124,3,965.0,20260116113117696,3,是,是,143.0,base_info_20260116113117696.json,,42.57116474893537,6.799413389130403,32.23502919120175,2.433195077435403,204.3093903732453,20.608548726526127,205.67114741691503,20.137466057126204,73.78403129454226,0.100737347525809,73.29874259329262,10.518531636631383,213.140385777612,19.163824873144268,225.68756878394368,12.184428852811662,6.272082332124314,3.331019963105344,207.22198274083647,17.54224517047233,206.03988848882184,18.310045042762624,4.30114254270847,2.260726564321597,215.5937394079095,18.32943447560505,16.65842287207878,0.1466362040654715,47.00217179315538,23.52294629594822,43.30047423552177,8.693366415033012,39.16517311308217,8.290269137603369
1125,3,966.0,20260116113120137,3,是,是,142.33333333333334,base_info_20260116113120137.json,,35.54536513705833,1.4876736402734836,36.56484514357569,1.9018891859295068,174.29693204693498,41.328657338361104,45.50837817441575,0.1617929076505274,88.2576869023004,19.27701621367665,85.3124296738206,26.78266223780841,175.0081593387191,35.978712180258505,177.254814656319,27.54909136615894,175.40047882118714,40.67758201261532,99.11144262130816,31.36976288203801,72.86237216701302,16.143495691979723,113.8813128552747,54.83949844170122,25.77444485548337,8.07884736180775,154.2944234310518,46.46525544468995,65.38969433292128,34.94998174643145,101.33681047037514,32.5803728630803,149.60026890663633,38.57184795948757
1126,3,967.0,20260116113122803,3,是,是,171.66666666666666,base_info_20260116113122803.json,,101.22398302250444,56.06805602776963,45.24316411262365,25.946909229072293,134.07829894137464,56.54016388147524,54.99490141543651,9.5556917074154,74.06656284302943,18.86311659295621,110.10395610614796,51.67822992764619,50.40318525153382,27.542213655057928,183.1601346753897,39.78409137307472,122.52351212337,65.16058428742646,81.73738892822004,4.983807766331005,90.15365995159964,40.69067210037654,68.379352235382,46.975680348258734,153.50976894025482,64.01361412262085,203.50481504016216,36.77623232494382,183.16427141358008,49.88278119218748,64.3695508669537,44.249707842411965,105.70768065335764,79.75379698246844
1127,3,968.0,20260116113125509,3,是,是,120.66666666666669,base_info_20260116113125509.json,,36.75244579685555,0.8806898687489753,32.406536496452254,1.70411949452555,152.0165696757461,82.9322011855635,45.13685162698448,0.2178433905601562,71.80479962635921,0.3295335765581936,65.9002061842948,0.2552743144275775,104.87051626265485,79.64885229359714,203.9463422568768,21.61954298471784,152.47595893109255,78.2592856634969,71.75981592666399,0.4308111709765863,38.59220178062948,0.3303818075538048,76.3612478980641,61.57193277041042,70.54421823297365,80.0607018153617,113.65981342922204,81.38834992663219,115.21661682425405,55.69248728567049,115.6487678527298,49.32874622569327,29.874283770958744,0.1046642052453751
1128,3,969.0,20260116113127857,3,是,是,74.0,base_info_20260116113127857.json,,,,,,,,,,,,,,,,,,,,,,,,,,,,,,,,,,,
1129,3,970.0,20260116113130259,3,是,是,101.0,base_info_20260116113130259.json,,41.89041818154252,1.4169486771709134,25.32045394230381,0.9124026811525808,41.502073578043024,10.321332586227191,44.07565344133199,0.1673612856730843,112.1624898055972,36.56938888073365,137.73045837172845,38.4277051405267,203.74594313168024,34.71983518270898,164.68463964388843,18.34966295320976,52.4094077245062,10.615050614983058,134.58195295676862,37.82821855971445,146.59328965525188,41.02275736751852,168.77202400495617,34.29720264528463,155.73942132656302,62.29122635005531,60.68027526846072,63.27923077351205,230.5311657116796,76.17561594747077,197.75185076565012,74.61203962711832,28.75430466453082,1.0555250087155643
1130,3,971.0,20260116113133306,3,是,是,206.0,base_info_20260116113133306.json,,38.32696141175978,6.338424266487459,43.807191668759,1.872824863658148,53.022554756035966,8.54686150006281,214.51075472819065,18.90651243340352,119.22935936721426,32.91200500266134,126.6838370394761,30.108718402589737,181.73541262214337,38.48518807283767,211.4894143241307,10.772761402276288,205.8457804357846,33.595235544745776,101.91430352220566,73.92548250562531,134.0528628123611,37.1524403019169,137.13347283039477,52.35288324528236,179.91028339140277,39.368036108604834,18.77430976394097,0.3099516438854691,162.67852763104688,38.75892572705845,56.845950401410896,39.6149203160887,141.2559463313345,27.48240242085477
1131,3,972.0,20260116113135766,3,是,是,69.0,base_info_20260116113135766.json,,34.038448122201395,1.619084155989816,28.313808693194904,0.536979710503501,109.55815579034952,58.90302346547574,157.69483421722694,83.91438650547376,152.3781836852273,40.709804538902986,169.23465411131704,41.89946908955629,206.74771327709936,28.248658840161333,178.73453039451078,28.281070289684447,59.95397968574425,25.02768834633069,101.90454583559854,74.31585045332366,189.48781011627216,44.52418124772941,208.8543510937617,21.824177746401517,222.12691489267635,20.1328292293909,21.0889662229708,5.905555056456356,30.704061561946464,0.5296412094201453,28.401669684782014,0.856900344221643,24.203795485277976,1.250320184441121
1132,3,973.0,20260116113138341,3,是,是,90.0,base_info_20260116113138341.json,,91.30542497210504,51.406256025142,31.61961825440899,0.45251097855375,204.70823320579063,19.39346939657989,205.8436404944188,18.743287228665068,60.16332558499809,1.7680195824461304,110.69818881821526,42.11366297314333,112.6935947995646,67.17886657862934,210.42735016093627,20.64324082243565,5.669062066580763,3.187756561651332,196.4923490134115,24.20994619322724,31.588253980404502,0.7386253942122037,109.66156505554792,64.02366685969739,108.38389011669652,71.78259421769188,15.52100681256937,0.3841545332538147,24.358100241828087,0.80457860973885,32.46166109853177,0.5031614428790296,108.04100319022407,52.81643405170516
1133,3,974.0,20260116113140881,3,是,是,143.0,base_info_20260116113140881.json,,42.18993223149965,0.7696860620797055,33.56885093907735,0.9506860306915944,41.50671138294417,0.5541528846905329,220.03265699809933,9.595362077167843,194.46549284933027,8.485550907131715,219.99713672799575,9.865256381153076,245.58389580853267,10.434321035194468,188.28185394982188,1.070727354068301,224.09699543301213,10.420412235163598,5.237690912077812,2.803251598766853,181.90228986372009,53.50274163036096,182.12928128431557,53.66690413643303,247.2539049842641,10.117809024123044,17.3392086900444,0.4293351035035774,32.64820092935138,1.2858459725289206,33.273088992625766,0.1271524472316757,34.700811312827035,0.2759313693263016
1134,3,975.0,20260116113143329,3,是,是,141.0,base_info_20260116113143329.json,,41.64685107339746,1.0980399229991358,26.744562684773303,3.8726501250123575,191.96379383180852,24.2619420897018,143.03379236221784,72.4709490642372,77.25028636952565,1.5211363868495786,68.91080389058695,0.7992213607870723,246.24926222410943,12.751507399715535,237.91096447160075,16.156179044874854,73.8387042410086,93.64398826599972,164.45380156925836,67.73975744640019,38.729337003759895,0.3327294360721648,26.39069866595316,1.0630148478594774,13.86862363694148,0.1267971972254047,247.1747070057567,12.383916300783406,223.93590499790523,9.952165936977924,33.03851251099427,0.5653724006765743,32.695920051677014,0.6143137497602119
1135,3,976.0,20260116113145688,3,是,是,73.0,base_info_20260116113145688.json,,,,,,,,,,,,,,,,,,,,,,,,,,,,,,,,,,,
1136,3,977.0,20260116113148507,3,是,是,84.0,base_info_20260116113148507.json,,38.31326348478667,0.0648770940297071,26.512967159418935,0.2730616521927,36.03721656765199,0.0332603716865543,43.14504263003007,0.3793042825760449,68.71729421755485,0.4989847752223281,60.636980208447085,0.5815178941644359,61.850407906042754,53.21045938561128,158.1585476057318,0.7076603626798074,43.34943060349107,0.2862221607933195,60.78295130757393,0.5811523967844576,33.55461624693071,0.1700363205918062,57.806963745492375,46.98646790808484,53.954882993547365,58.76120726798803,16.159524322868496,0.2535384289009484,29.86354438854534,0.6050741196268926,31.925605120479787,0.3072282789150003,23.12674098547181,0.2537842618556244
1137,3,978.0,20260116113150748,3,是,是,84.0,base_info_20260116113150748.json,,39.52938020128381,0.6544718276702598,29.32277429964637,0.3817158018249981,35.31412932825182,0.5064236141610515,220.67748285919475,9.484122863629372,198.4336158789231,8.80978717096964,219.48648855569687,9.76678658526798,154.03374550560252,58.20654730126525,157.34404402918824,6.48270880841328,227.51779099867477,9.508503598614162,4.571601782462431,2.486318206702813,41.20695918452802,54.388906315267626,109.84797329192166,84.5961194455151,102.12036728165069,52.58527910224454,181.49335330942455,53.023564298369685,216.7487193179583,15.99457291199593,31.496153254788258,4.646527982618664,26.651115134513404,0.047593904583552
1138,3,979.0,20260116113153418,3,是,是,59.333333333333336,base_info_20260116113153418.json,,,,,,,,,,,,,,,,,,,,,,,,,,,,,,,,,,,
1139,3,980.0,20260116113155254,3,是,是,143.0,base_info_20260116113155254.json,,40.083333983179024,1.268543741748502,34.25586553537156,1.6381306914253124,41.84281391025304,0.2089788944138843,170.87939383592277,36.226076443803,148.27031214217257,31.52721430144472,164.2161011615742,35.543292521905585,92.4667465450168,91.54342027276334,187.6423023857443,0.4235114045205784,180.49672508713863,36.48453401771621,21.638425231128892,11.641443142981435,71.5069027136767,47.4386988888997,91.59339657659922,34.50043775298484,85.34136786315757,99.50525507240523,18.34950264293118,1.084031885487048,27.04166651070314,1.0412698422772573,77.89875734611587,38.044873557653055,69.8476441103109,34.697417116012964
1140,3,981.0,20260116113158286,3,是,是,157.0,base_info_20260116113158286.json,,40.40569771925872,0.5299326243484728,37.00478849785412,1.2916741780976273,231.65257203276096,10.54299853900227,52.03872814916426,0.2835876812178028,78.1463069153528,1.009126655659629,74.41189757230438,0.3596368609225945,97.81415868448369,98.03203550968742,233.86063170144425,7.401255350164707,227.64020505322048,10.137700213119029,79.20751849687268,0.4093348002909546,56.45596133209502,21.258426902205564,113.62742895455318,73.1506019710572,89.8465375786646,106.0892982995125,19.047049390593216,0.3147588472723706,66.28695109897353,46.23026150961804,104.67653357071144,67.21169436920117,101.86800084805007,79.90859595240016
1141,3,982.0,20260116113200762,3,是,是,49.0,base_info_20260116113200762.json,,,,,,,,,,,,,,,,,,,,,,,,,,,,,,,,,,,
1142,3,983.0,20260116113203612,3,是,是,207.0,base_info_20260116113203612.json,,69.40730455178475,36.8164936248899,48.92032820342119,1.2122341105414305,209.4221593932276,28.936634719773448,59.93558663322934,0.5819369949939379,73.72702573405861,0.7541948659231644,104.7532250767748,31.74912433249173,126.5923068345803,68.60544134340964,208.07527758587344,14.409835938710437,176.93286676547157,30.071351979978758,72.51055091776674,0.3344203254017764,91.31341153782846,63.919721064124175,84.10824896347339,65.06082812342159,25.03575219236674,6.458233244838184,135.86592364636945,83.69878893629885,83.01472454290041,87.8902212343494,86.53450314905292,66.42591218541635,84.46533865334452,42.98596891129762
1143,3,984.0,20260116113208114,3,是,是,320.0,base_info_20260116113208114.json,,28.10819943660472,0.2802618945660848,29.17372970130493,0.3876667304920028,58.13442768413544,9.746818339939711,161.66783272563,71.33939979941486,163.78361950526485,48.892431400186055,166.80748798758387,53.96002487114055,81.76939521104094,41.94279999481199,234.82948564832068,7.916223630267243,180.15830026904496,88.25655257582262,35.88846539608796,47.15044039403477,80.05376402515923,108.82585581485506,260.3335830793599,2.566588755502565,29.825147934788195,8.136651068222156,71.6849332794726,33.10621150061871,63.403026461401794,25.845199222077014,45.28549216887274,0.3503771009484605,48.139941837851495,0.0520174015894675
1144,3,985.0,20260116113211401,3,是,是,84.0,base_info_20260116113211401.json,,,,,,,,,,,,,,,,,,,,,,,,,,,,,,,,,,,
1145,3,986.0,20260116113214086,3,是,是,73.0,base_info_20260116113214086.json,,38.99660312587884,0.4845259938338373,28.274993578176435,0.8958360331779307,157.59001068708753,66.59249500692478,41.71337318564514,0.3695631435565537,63.44361341003346,1.5333110294956636,56.0834875679246,0.3724128595838525,218.5203575998963,20.93028260042673,204.8612537479632,37.73400740298699,153.01981790171686,65.90773499350595,61.45979577399527,0.3409112533577625,172.84447158715193,46.37268255664894,26.07041038700272,24.56703901511697,220.84832272596665,21.073714822126508,13.490401406240482,0.2128542435943915,126.56630824722998,59.40571020189732,116.66345008913376,55.76031692929429,22.366883294336805,0.1377794710100302
1146,3,987.0,20260116113216361,3,是,是,82.0,base_info_20260116113216361.json,,41.743275394801714,0.6391799825018015,28.12641828242055,0.7859659179416391,199.6866965251279,20.12672584135075,170.31479456965795,67.5382693031662,148.87750588264188,62.966151816260826,168.7589023196836,68.04418016396963,13.82652785208274,7.671395886109633,232.78334945793367,13.961452305442135,71.60852410505417,59.456849629678274,109.85624757220234,65.69429130944896,140.9304931733494,83.3823036393076,185.9778666212616,31.02035309941333,240.2826455764579,9.957979965058104,226.63234471953209,17.528037866505816,204.3561503754984,20.487667499995208,30.86783154336933,0.4157659834515765,25.5066644294226,0.1238801968642108
1147,3,988.0,20260116113218283,3,是,是,56.0,base_info_20260116113218283.json,,,,,,,,,,,,,,,,,,,,,,,,,,,,,,,,,,,
1148,3,989.0,20260116113221501,3,是,是,76.0,base_info_20260116113221501.json,,,,,,,,,,,,,,,,,,,,,,,,,,,,,,,,,,,
1149,3,990.0,20260116113228870,3,是,是,122.0,base_info_20260116113228870.json,,,,,,,,,,,,,,,,,,,,,,,,,,,,,,,,,,,
1150,3,991.0,20260116113236053,3,是,是,99.0,base_info_20260116113236053.json,,,,,,,,,,,,,,,,,,,,,,,,,,,,,,,,,,,
1151,3,992.0,20260116113239459,3,是,是,66.0,base_info_20260116113239459.json,,41.25255272988331,0.4547110839239778,26.48352138889798,0.3313367547553446,38.96030210003372,5.863208971924177,40.7192859189948,0.1371838652781269,200.55188561845787,7.9334024902490095,226.19787770634665,8.457896400980927,232.88673552001111,25.41479408928048,150.61698321599192,0.7308626798598424,41.54448835790965,5.366471273970447,219.6722574464262,8.361892312579677,174.0943867910713,83.5089890778165,157.80137043307016,71.03557664932468,235.3511208953523,25.578233623242596,13.686885784914708,0.4104882531662668,24.67881532831096,2.7667137345843558,30.455512030712303,0.7241105959171984,23.177188556911844,0.1001955806524313
1152,3,993.0,20260116113244658,3,是,是,128.0,base_info_20260116113244658.json,,42.19708114352349,0.5956010305561669,40.103650817481146,0.9995117091541796,39.2510262941828,0.2392722043524405,47.54274588477813,0.4563181472280972,108.75622564516316,56.250458535041325,113.5276491390958,68.37370896477063,210.33022594860108,19.46936927265482,187.19295585977548,0.0233840387578052,46.05168534487169,0.231724536403535,123.87617860579228,67.3977863240173,104.09155376644269,35.21689914507997,86.77002851116698,36.71369695344848,209.90395283129988,19.144130823614542,16.371537936501507,0.3355159837368703,63.01700341295051,48.79361255831713,65.43174445509486,42.10910003528271,31.285923095911603,0.2949835221779182
1153,3,994.0,20260116113247951,3,是,是,162.0,base_info_20260116113247951.json,,71.7303602692844,33.19146666113967,41.40850539397271,1.7091428622688205,156.1190382599304,86.75320532789247,155.19813748956665,78.55802713148776,78.35681215836935,0.3026834822093407,109.39779788160337,32.36576412136024,30.239663592188226,0.537970700345096,149.99704948601084,54.44942583799102,153.77595341874965,100.4871887524982,165.58587945927152,63.54291869248202,37.67932927416916,0.2466752647226805,35.76895471078887,0.3990616001792755,88.10560940372314,43.63863490768345,78.37874798438955,42.128771751078,29.18836337527217,1.2962900679905698,38.705211131662246,0.3012429807944364,74.78000969566602,33.8928320511281
1154,3,995.0,20260116113250700,3,是,是,106.0,base_info_20260116113250700.json,,27.738571354621104,0.3901748613262789,29.17931417102366,0.0480898600664654,219.60673936495007,9.133251405951858,43.21314944571259,0.6472806304924545,69.80145660649463,0.2594746280731904,62.74328607543132,0.4611394011335773,25.355703318207333,0.1775196974722932,105.23101162571996,95.7160643726972,221.76986817664925,9.099033093186708,67.20558190353673,0.90882077642454,38.627279195367045,0.4468555932184999,23.77702286251888,0.3364586593361957,159.60143075937108,100.6300609770108,161.1560072643185,100.44841208828775,135.723063703085,75.31848551286278,115.15764608843222,70.60582002227538,46.07914107702138,0.4953923270105183
1155,3,996.0,20260116113253526,3,是,是,126.0,base_info_20260116113253526.json,,38.8186551309309,0.5985500079715634,29.98983146271268,0.7550437219176426,41.29892701009049,0.0752038077915146,46.295410581729726,0.1975686449718101,76.69416524481936,0.5656669602327545,67.13261146209258,0.3495662530265174,93.47923109311652,109.34159267170972,183.1611056003458,0.6851616385363466,45.6852510836398,0.2480938387402171,74.3227669621758,0.5812051640432762,38.05658491099657,3.0479609025637906,140.0113895785658,77.85568808382558,154.64844000084108,101.3622849967539,78.04666363814711,85.31917425409645,161.98658394344025,63.64177093838171,125.10927710227652,72.4922021111733,81.32370775667782,70.17081003377577
1156,3,997.0,20260116113256538,3,是,是,87.0,base_info_20260116113256538.json,,42.09632513281127,0.6458010335668986,33.391151793249605,0.1790968406973592,221.2620317693144,9.46094852528498,44.64092646271996,0.2141995266306617,64.67291885884909,0.1525390511366263,56.30182404202871,0.0478153999118532,100.00680026703442,75.818247430612,237.8484547261032,8.929465548762787,220.29532548189917,9.900770382483948,64.67634208102685,0.1050094750701514,36.88058247239304,5.49210817031086,107.5609184048177,80.25498335294031,137.51195778534307,82.32762448878051,234.9013894064764,10.477964099745291,217.42609284033733,8.662113948600457,31.413150475868107,0.207822791176657,27.833818419281112,0.223269725755074
1157,3,998.0,20260116113301661,3,是,是,147.0,base_info_20260116113301661.json,,199.5091112503778,4.510422797037389,49.57499871153623,36.31188100495172,171.6157617974495,54.49910919486077,77.94032642654646,39.94044561318462,68.35264111874102,5.457214646991815,213.60933271109917,24.547049464492986,97.37897795690884,60.47067765990437,80.7527999567693,48.1967591499053,231.20897520504505,4.259752936933255,82.05978511146127,4.459952041455706,52.53654371084563,16.558969663383238,86.7229308824601,53.51322980598846,95.83603634759076,26.675994854462164,182.44292542111936,44.9071092286022,155.7125728213541,72.66832289935496,134.29984032024257,71.8137341599166,235.7971921212909,4.470559921046942
1158,3,999.0,20260116113304438,3,是,是,167.66666666666666,base_info_20260116113304438.json,,42.4251294334601,1.231814216340272,51.54463447074911,2.6839903246956287,245.0674822309774,23.81884772428253,249.92318257774323,21.22306521102261,70.37660779178235,0.3534578258677283,69.62718756383397,0.318964707707467,209.1602562640278,17.852186849674514,207.4315931168502,16.57217791650966,8.117753264585453,4.323222631366051,202.4377592578745,22.196564463239664,52.14045226783503,15.280274077911104,186.0763809988792,45.19171969540943,207.40591151324864,17.97604604275729,19.18205571049124,0.205297947233657,175.26700226197954,35.814077228292575,187.76247211837855,36.25394002179823,25.08315406091719,0.1496576624548656
1159,3,1000.0,20260116113306918,3,是,是,88.0,base_info_20260116113306918.json,,37.662351682332464,3.676687727540701,32.10178905939855,1.5232777223655,228.21297201781044,4.266926422621366,42.77311872740896,0.3747596148992738,71.27130364989398,0.4454136353312538,59.08151474854992,0.383604900356579,46.15264972556224,26.978607765351477,254.16533423027684,3.0240166204393573,229.5679635935057,4.251753270573662,64.754476761111,0.5807687185871063,33.19244433908161,0.3650053577551814,24.93590340120285,0.1381298579081378,13.905391829382133,0.0057212892136558,42.12635610057739,30.38532714586247,36.84509745931848,18.299938715488203,103.2804133252089,75.65325131735592,99.86252949799768,77.39437680043231
1160,3,1001.0,20260116113311907,3,是,是,113.0,base_info_20260116113311907.json,,,,,,,,,,,,,,,,,,,,,,,,,,,,,,,,,,,
1161,3,1002.0,20260116113316288,3,是,是,77.0,base_info_20260116113316288.json,,41.84693460309125,0.5745275586591222,28.66983990188803,0.93327809830665,36.89090989752933,0.1721777658692707,223.6626319202929,9.16801189104992,201.52658036055757,7.490885921912121,222.7826470793806,8.523002726866686,234.49815907175864,9.07388766199174,160.3789289821872,0.1037547934208183,227.22423752520487,9.263526914983585,4.389413432708666,2.3821292380268786,226.4914922079122,9.152042518150372,225.6723573700718,9.594905223543629,233.83684133830292,9.090691829532943,13.81371903045722,0.3170752071255958,30.078808555988903,0.2107366913299885,32.81136957188901,0.421298433412447,25.488997178847185,0.3691586604644821
1162,3,1003.0,20260116113319805,3,是,是,127.0,base_info_20260116113319805.json,,,,,,,,,,,,,,,,,,,,,,,,,,,,,,,,,,,
1163,3,1004.0,20260116113322344,3,是,是,92.0,base_info_20260116113322344.json,,42.72231566034039,0.1693212631249522,33.12425101957413,0.6732352773498359,209.7733998192115,19.62918787064272,211.64968357283007,18.59614865000569,59.29679097436884,1.0903181385914529,59.48241150597197,2.743876452144216,23.458762496659,0.0390747772814777,218.34867266868775,14.022683248710509,5.549669109829979,3.012636026161927,185.05356633153545,27.166128781218745,39.51581775832752,3.677419693331737,22.76988250377656,0.2336116802203203,14.069592646988736,0.2098969266382945,15.608088730394572,0.3686745849146112,76.2561723435581,44.936888827763305,74.22352220407302,42.40827163298926,23.57383532133032,0.2491169699656338
1164,3,1005.0,20260116113324863,3,是,是,105.66666666666669,base_info_20260116113324863.json,,41.92930090585142,0.9780288490413984,35.23927093615609,1.12666855427726,90.20131826024851,69.82648726455744,218.3459897576765,18.700390247844396,122.14853434740064,29.849861920972515,139.90353219532653,32.07062575817447,228.08214927929464,10.134908140801263,185.9554378321832,11.301351259408,162.2154213198637,106.97410663273726,78.14604527288843,41.95576127842464,125.6766701162379,35.65136000008065,212.0161294457256,14.503514797700152,225.6834468416496,10.43534928204065,15.55892073508405,0.2158219392795081,33.23091516713064,0.2534771697535873,35.48426892716952,0.6880150439978903,27.59401396686171,0.2096467419992077
1165,3,1006.0,20260116113327915,3,是,是,68.66666666666667,base_info_20260116113327915.json,,,,,,,,,,,,,,,,,,,,,,,,,,,,,,,,,,,
1166,3,1007.0,20260116113330342,3,是,是,118.0,base_info_20260116113330342.json,,42.37154694541858,1.0894147635547402,32.264879253967514,0.3826852246797032,40.43562889658377,0.0146432894343265,222.668283140253,9.005972253651455,197.08643771340508,8.082336467970102,223.51381146442984,9.875041790128549,237.29340281585897,9.949158953735976,176.1526347395771,0.875617937694096,224.79907388674636,8.51469696952812,4.7067297570072215,2.456879737157593,169.2398272233652,45.49494465060257,158.110699003972,44.93433101881744,237.2356647739208,9.699450573269008,15.915629038946667,0.244541232919195,58.507092072470414,35.36431885107457,51.28369575535456,26.84693574705952,29.10786584077676,0.3491708545832584
1167,3,1008.0,20260116113333011,3,是,是,66.0,base_info_20260116113333011.json,,,,,,,,,,,,,,,,,,,,,,,,,,,,,,,,,,,
1168,3,1009.0,20260116113335113,3,是,是,98.0,base_info_20260116113335113.json,,39.88566912551573,1.308117690852982,34.254250515759814,0.6428535378061464,97.30827840314772,84.00510256601186,230.55229219252928,9.510936443829468,62.80177272439167,0.5736203596416157,55.9077919066786,0.3135565940274156,23.47638160683148,0.6103100335835846,184.37468915051517,20.341610536133874,164.84449460248408,113.22969934873176,216.15825777922512,10.878633064598162,35.89103012085768,0.5109074370034602,23.175672543675272,0.1859532475304524,16.804800383828425,0.5108307278786929,15.418821447668767,0.1863538393416436,27.92377017280442,1.039515883344409,34.99919100102362,0.4448147712589158,26.19104298685877,0.1272867756884511
1169,3,1010.0,20260116113338309,3,是,是,73.0,base_info_20260116113338309.json,,,,,,,,,,,,,,,,,,,,,,,,,,,,,,,,,,,
1170,3,1011.0,20260116113340589,3,是,是,58.333333333333336,base_info_20260116113340589.json,,32.40457466225457,0.0831499656563877,23.374829796184645,0.2897122300253543,143.04152418301342,81.21064560072938,38.77555499921689,0.1351247776294025,58.40654609066133,0.7475126366839561,50.82387489390703,0.4868431015932543,21.76257820974099,0.1773765048363349,210.34664178840444,46.49690175579558,152.54068509291207,81.12538537261776,53.523364393815946,0.2369799952106493,157.70429935641087,89.96067070143074,164.56642356964153,100.35842369022733,12.621243554674216,1.2654371211791988,14.540585519959778,0.3523856700321948,91.90382347293892,37.57377162845594,74.05203766577067,36.84557028520357,36.04286299498139,0.3716111795515429
1171,3,1012.0,20260116113343126,3,是,是,110.66666666666669,base_info_20260116113343126.json,,41.160349073081335,1.5174258850559927,34.171100503564965,0.1148878667974622,38.8018129622707,1.8413320985862625,223.03101604526933,9.289835410380356,153.67905757601332,59.45270026430971,163.09353912518353,73.5730981167083,232.78882191187665,11.01703824236029,171.28347396551268,6.043237025818021,218.05124654240043,21.80998837431704,79.03303412207036,104.09012366092983,158.7516353343817,90.2869088296264,222.86635368804392,9.787963970339613,227.18731161659525,15.171119250683772,17.09627403460894,1.2646482934031902,24.950821497690782,0.5084059211194856,35.53564801127097,0.6365724548329178,28.53907909159047,0.631890004675331
1172,3,1013.0,20260116113345869,3,是,是,71.0,base_info_20260116113345869.json,,29.60716370939527,4.430228598415095,31.859634759551955,2.705829544135216,33.96893606306989,1.698887572070651,108.98370262614256,97.16262040873238,60.84533378404294,0.1934809298879101,54.88076042320483,1.3262268535077966,23.144938364921376,1.510567903113302,149.8201846282368,5.3459664878457,113.75742256359496,102.55175953179008,120.64522651229768,85.12255157249537,27.654912251691403,1.3427562975309013,28.29109481037221,0.3443724292086056,14.251513105461404,0.5051887562096046,13.220467552154574,0.6769895762134185,24.382949359790967,1.6524587268847803,28.512313153227375,1.3385572883722303,30.007060751028902,4.563684161231577
1173,3,1014.0,20260116113348606,3,是,是,132.0,base_info_20260116113348606.json,,38.742812671262406,0.9339083326874712,35.28781546274194,1.3245705954348104,39.0933000107588,0.1360605196038065,109.77841591965095,89.7853138590736,73.41618283479757,0.6481432986977583,66.47719120198303,0.3033735590297312,175.84608803263066,39.41125436516908,184.47303572622752,0.8961192628343279,112.27144578875128,93.94563160900564,126.20971540369452,73.63233540513109,87.33581668480493,38.43547920096606,86.97668540773249,42.874592146205366,15.06343748743265,0.7362710249458063,178.94890197873636,38.63149389060016,109.62848455459776,45.66693667926064,76.12120465464547,35.92903731742466,52.92822926660907,18.44635869064542
1174,3,1015.0,20260116113351196,3,是,是,79.0,base_info_20260116113351196.json,,,,,,,,,,,,,,,,,,,,,,,,,,,,,,,,,,,
1175,3,1016.0,20260116113354598,3,是,是,108.0,base_info_20260116113354598.json,,41.03246793972573,3.034503017655698,33.26273275459305,0.4242260400809189,39.71688280324634,0.3118605968155958,47.02720609540091,0.4270990342082185,164.55517369386234,59.53402689235943,190.56188289211136,61.55022718403733,99.0561111421308,70.68013551020653,179.41184499799593,0.4910934464258667,46.6446428312085,0.1541856863626061,191.82325339317524,60.03487299850082,200.3815661340369,65.22499693055087,86.20876739432111,58.26714602191713,90.51324480156428,70.47121490276982,180.19268930577255,115.85697665386392,167.78794692225583,95.70694627091324,31.23054522255557,1.5636902769441985,31.672113754622305,3.1525371791713885
1176,3,1017.0,20260116113356961,3,是,是,154.33333333333334,base_info_20260116113356961.json,,109.8823647474314,52.17343993128697,43.233023919537096,0.3532181582235638,254.9499068891088,2.5380562401707203,198.0055477449008,49.11640129037118,214.58347725157185,3.798427363118389,106.77328323541128,50.3169138935611,163.872539093254,61.82520317418624,241.04332536468272,2.632717673929193,58.915158062589406,47.99118598581554,56.76802998179108,44.90486448759049,234.74839181974596,4.244883065111986,166.08702436890056,62.36221297290768,166.1504115930278,62.30215726779028,19.105936041422424,0.112797638340298,45.13708830456108,6.624556042383264,41.70305641435684,6.0097510484436,130.0385157405705,46.988813816543605
1177,3,1018.0,20260116113359445,3,是,是,75.33333333333333,base_info_20260116113359445.json,,39.97393562272936,0.5615865117700899,28.44048209682232,1.209726902638875,35.81627164432453,0.4557373482943935,208.07922186662708,19.5050656035381,57.32288651040319,1.3786002288092127,55.65186086214676,2.465207679593448,206.66343921998453,18.629324071294576,158.9916608178369,1.478176293808827,219.7078749513904,18.391562603760597,188.34841546510063,26.553934359342108,34.28443167592292,2.532601849537202,204.5636550721198,18.61829359742912,207.81959869943648,19.59777301517248,14.237982617647448,0.3210136998681593,26.748276553400476,3.750205842957453,36.58819077461053,3.687825346015732,25.77058951507806,0.2232594941308271
1178,3,1019.0,20260116113402867,3,是,是,85.0,base_info_20260116113402867.json,,40.35144426332527,0.3827125806548441,33.94963933096517,1.1878174688890029,171.24807868798158,95.46530205713157,45.02354555759903,0.4447831886689017,205.77563053573877,7.923189522580723,226.1900353179783,8.866772231650053,94.6387023525666,101.9965634256971,208.9717624567481,32.69892641540983,170.0978716375703,90.26891008147032,229.7220155523149,8.334687688894624,144.08904936300206,99.19745588916618,16.37137591179841,10.79546455014664,88.1043702213252,105.33101884514366,15.318513304543137,0.2758725608824975,28.31861506966129,0.5457187893701062,30.431067550574145,0.2906468130540189,26.432740836677795,0.1077786494457426
1179,3,1020.0,20260116113405565,3,是,是,133.0,base_info_20260116113405565.json,,41.673849802341344,0.2209338928077102,40.08766042988034,0.1865370840992922,246.65244738969983,2.298112715595765,224.6262461937515,22.643729927932878,214.9524446804115,1.121652602430607,237.60541298982807,1.744513557783007,119.47126117584678,96.4304936223932,241.42863444566365,1.683194282879078,22.709901734505205,24.81827480360476,25.265075261367496,23.964796828640363,164.34991082216388,48.65570045997384,162.27084316830098,48.05001469743157,240.4935723579185,2.136092971466764,126.02008122824066,92.1563581148492,126.73357575864424,83.28285629749553,32.942683841067286,0.6549699039583899,33.03615005920676,0.5433348469069204
1180,3,1021.0,20260116113408628,3,是,是,161.0,base_info_20260116113408628.json,,41.072656696470325,3.461309011301604,37.64660367691939,0.1894710162452351,201.4651963060613,56.65516509171489,241.84372888435487,1.211245505298271,130.19555847031214,57.83433876471735,144.33294178565686,70.89234289123915,0.2514838954929421,0.1339968114348661,235.17860214128757,31.548691353637565,42.01234643502092,58.67216720320198,101.85000054161162,80.84904708221121,132.40018495886568,73.56539416014567,227.80134092354143,5.478662069926171,256.9176301541219,1.2999422154430047,256.8951032748246,1.3111568859618958,226.97155253707328,1.4163410348295304,34.40029499098236,0.5499194595086936,30.465216790297195,2.6871186455682428
1181,3,1022.0,20260116113411997,3,是,是,70.0,base_info_20260116113411997.json,,,,,,,,,,,,,,,,,,,,,,,,,,,,,,,,,,,
1182,3,1023.0,20260116113415937,3,是,是,71.0,base_info_20260116113415937.json,,,,,,,,,,,,,,,,,,,,,,,,,,,,,,,,,,,
1183,3,1024.0,20260116113418784,3,是,是,90.0,base_info_20260116113418784.json,,38.51793413388868,0.4478325822599557,35.00326863196417,0.0913033437249137,242.0377646094647,4.56863720810545,242.633277002092,4.266288663488779,83.75708786182751,38.16146083917311,90.47238571567762,48.173345090220806,232.4324897257912,6.709723211669098,235.04450518068188,3.5312007254218205,1.5461820637514518,0.7803392200489359,169.31149826357907,60.28271942809652,76.13845600365859,52.50069389044703,229.5104753536963,4.206344493037577,234.81336479955908,4.199865427564746,16.588947153592436,0.5923662533152372,231.44452332760991,6.6997916202587255,233.1326739313772,4.119024329596228,29.954735864469075,1.043660621494263
1184,3,1025.0,20260116113421988,3,是,是,74.0,base_info_20260116113421988.json,,,,,,,,,,,,,,,,,,,,,,,,,,,,,,,,,,,
1185,3,1026.0,20260116113424626,3,是,是,90.0,base_info_20260116113424626.json,,41.495326127270665,0.3572368436899345,31.27720343771417,0.0191642699049094,233.43019121243688,2.1198382089707875,233.54528677579228,2.06521626182491,94.43358041358074,27.30744594514537,110.2369093900257,32.203544854040594,132.36978818283518,58.07138286612077,253.9451334007592,2.042875668405128,0.743932306060873,0.35115781168546,130.74950714433544,37.47147037518277,114.85853089858264,35.54472057118848,125.06172801539226,57.724068582522754,134.86251726621683,58.6206093988299,17.081843843086755,0.2249349824041236,79.7291451868462,55.09135374738071,74.17393944054403,47.152967238209065,24.710469230670277,0.3273512919811476
1186,3,1027.0,20260116113428304,3,是,是,122.66666666666669,base_info_20260116113428304.json,,,,,,,,,,,,,,,,,,,,,,,,,,,,,,,,,,,
1187,3,1028.0,20260116113430133,3,是,是,74.0,base_info_20260116113430133.json,,42.29914927119038,0.3423939339569998,28.677090397758366,0.3426380183784772,35.60914427891259,0.5313749068020494,232.78308916505253,2.010276396175802,55.09669522295564,0.142860738453336,53.592690199484025,0.4056150703273144,180.652783122234,45.98484458929367,151.90851479336763,0.8436724757659464,227.79909098119316,8.30525583184924,218.6676889507357,3.2455482094849386,38.29559295939472,6.870557464668953,138.65107874845538,45.575623766991846,180.34739585558955,46.22830126864737,13.46532345413356,0.2986398599003276,33.628586655530285,1.176806066106542,32.26806188599248,0.674486556018373,24.567698537634158,0.105518001559435
1188,3,1029.0,20260116113433107,3,是,是,110.0,base_info_20260116113433107.json,,52.06337672691812,0.276209797895727,36.354652128599525,0.6028036508626226,44.183478740718726,2.4048976297664666,49.13176601793688,0.4654635765416075,71.27416790912827,0.1367978269704648,60.74559375736238,0.303007116564546,263.0624363218338,5.099720046272596,184.6468203338232,1.5326558249285682,45.57298140054408,1.0846116108650563,73.5947454549042,0.2161991711005232,37.4044761594301,0.1051123866239308,244.2985627745153,5.113102625919874,263.0620129083316,5.177112498052469,15.474597961658338,0.2366955712348033,36.77423106156618,0.376071908446886,36.90015422026752,0.069138100917218,27.648374244323534,0.2855860213711223
1189,3,1030.0,20260116113436306,3,是,是,76.0,base_info_20260116113436306.json,,38.329838546808645,0.1438891746901924,29.09175701374326,0.1019381228690338,63.05710550240053,36.29852879071859,44.32702508737716,0.2779614977456037,63.68266814457247,0.1394925518938456,54.46129903132189,0.061781252231078,249.70574308361097,0.801252218247043,166.0310315594767,2.7854606189461166,67.14989924725357,30.869153153426684,60.498104610909536,0.2268082480765467,32.39897139160959,0.1137954947244136,240.80894303020625,1.2588443711779955,250.9975118623207,0.8583164482311877,14.79984952442706,0.0956958462615913,203.18837279931964,53.64914740497835,194.63514022837296,53.304372424298094,26.88165483584434,0.224513839220512
1190,3,1031.0,20260116113438694,3,是,是,95.0,base_info_20260116113438694.json,,,,,,,,,,,,,,,,,,,,,,,,,,,,,,,,,,,
1191,3,1032.0,20260116113441550,3,是,是,100.0,base_info_20260116113441550.json,,41.87303251625459,0.2800096536757206,34.03185781890057,0.8116545128422469,124.9573666776941,63.53886012987226,224.2636038410916,9.246424811892522,195.35546833810145,9.706467490638664,219.19026914984497,9.844005127357017,231.4397867085372,10.11332106006843,188.54093643804757,28.677029960457716,105.78471094846832,75.15291902828221,5.135924721609738,2.6361472995286963,214.72490947991955,10.118641831448397,214.0078544020392,10.488685927117585,232.75894321400264,9.593812805356771,15.54731856364258,0.1557285969288185,179.0026986765125,42.45132422209424,166.42980740326593,41.77643795860517,28.28176918563524,0.1821626178518365
1192,3,1033.0,20260116113444569,3,是,是,79.0,base_info_20260116113444569.json,,33.23191499451351,1.2531659105004245,19.870290102133605,0.1285877002853484,216.62704970489423,4.498177646964052,41.78671705694915,0.3756282353240052,172.540858260007,54.579452953185786,188.0587669220652,53.86855513082236,75.761360258695,74.39654268485933,255.45700537163896,3.448970518638192,241.9856797333612,4.432021022719814,203.6918160544504,53.73371359831104,195.76634086064036,56.33277365721661,27.91995746655634,3.118796466513384,13.257076878017536,0.0940848315040656,70.21384291926834,78.64948752909578,73.51712998338385,67.7456418979807,31.711944187776123,0.3996180457631084,36.96600301796868,0.6202536275729327
1193,3,1034.0,20260116113447944,3,是,是,56.0,base_info_20260116113447944.json,,,,,,,,,,,,,,,,,,,,,,,,,,,,,,,,,,,
1194,3,1035.0,20260116113451151,3,是,是,107.66666666666669,base_info_20260116113451151.json,,42.04062659580798,0.4874601658729873,30.770785571336383,0.2707543448452161,39.72612282174651,0.1610636280989231,45.74240979083695,0.0010569901390182,211.2219833957243,0.8245029876970482,236.50700370459057,0.8022603943166166,195.59615822016207,90.03054994190948,171.96800997366594,9.40778891750366,46.41403253440316,0.072176243311658,236.44567669182013,0.797037581830394,218.30556978858127,18.01891847831801,155.57776687981,86.31959239937069,179.03437296419762,118.55573921165218,33.893874839761075,25.11385700049157,25.857745121031723,0.5579753809317873,33.4113288671216,0.383441638183209,30.6228966749472,1.0658384618952366
1195,3,1036.0,20260116113454664,3,是,是,46.0,base_info_20260116113454664.json,,36.17051829594309,0.0841872065447411,21.603092103357685,0.0446949714023429,29.10542408763918,0.1825501335942317,226.12584645987468,2.878957432851874,176.05201843367442,49.98950660538464,198.0383227276056,50.71843311730255,192.09311413400192,41.90530329039042,133.279166813742,0.6233063653876324,223.85650789923636,2.8738719725667963,38.639400262383234,51.34282780486071,95.0439540848523,56.67896769588604,69.19427268074533,31.99958043811033,194.4727247052505,42.034941858815685,11.674536804655135,0.0536197495726749,18.47600653486749,0.0511063733201087,27.765313348658804,0.4718339401138537,20.19949644851219,0.216242631532419
1196,3,1037.0,20260116113458053,3,是,是,74.66666666666667,base_info_20260116113458053.json,,26.68313413903237,0.2601257237783378,29.30746588874422,0.7326683363146024,34.302627856659164,0.1367493396684939,234.75633817530775,2.0406955560458644,64.9059592930746,0.4025731652767189,53.23686456395236,0.2335237833939855,6.634733682388817,3.257538017762638,154.10063748864332,0.1772245298054386,236.1045685173266,2.0299144154826383,237.9656018204741,2.003861594388161,65.13841478064914,30.80877361062656,181.63772622924068,36.5040795208486,259.50149420464214,1.2548201214375672,252.88546843336405,4.5022853784981365,177.34606717707868,42.67180846682228,67.0814913067551,34.265719572177225,33.769080382775975,0.2364573032452945
1197,3,1038.0,20260116113501488,3,是,是,157.0,base_info_20260116113501488.json,,75.46698603827191,44.75134766810862,42.41134995650117,0.3870312454183568,241.90684017615823,1.321990600875416,241.96192822920543,1.2780850190791162,76.52970495655319,0.1350438992420667,115.11852508354066,40.23611707359763,252.83600813535705,1.8128365210024289,250.371716258028,0.6719949411739607,0.2171032748899039,0.1765196243802585,237.27925482214323,0.8352514291141176,136.68013173246732,64.08374160101694,103.12474057251012,67.34605615464002,249.70853744007783,1.0412987539632623,14.110022320988838,0.4483991745835225,137.20087024146846,62.043423464637975,107.51168972410169,58.25753400961598,80.84790261196599,48.89993233671824
1198,3,1039.0,20260116113504625,3,是,是,136.0,base_info_20260116113504625.json,,43.44191310234419,0.2060905156480343,34.782183562291074,0.2571224593675082,105.35628778182092,89.94380243572344,232.9897265198025,1.7031350803091694,84.17601497878859,13.571575070415674,87.7064325202323,28.34261702795863,258.57283615797525,1.8696735809483247,214.61798025518723,34.758406093564474,160.23194198219528,112.36752041843532,195.5950635069092,55.50835146010312,146.4203986926439,39.728850808965504,49.29239393551816,26.3530416408208,262.66731434084323,2.7861458594111004,16.886658254390365,0.5265898867851699,78.02721666169498,15.395932599972133,63.54136470526768,12.877811833707623,31.620096597525333,0.0264147742757426
1199,3,1040.0,20260116113507383,3,是,是,96.0,base_info_20260116113507383.json,,,,,,,,,,,,,,,,,,,,,,,,,,,,,,,,,,,
1200,3,1041.0,20260116113512171,3,是,是,61.0,base_info_20260116113512171.json,,,,,,,,,,,,,,,,,,,,,,,,,,,,,,,,,,,
1201,3,1042.0,20260116113515350,3,是,是,92.0,base_info_20260116113515350.json,,39.28039789795013,0.2978144520555035,27.228625970571212,0.469876711547112,36.53949563397919,0.1959448157041204,41.004750875456914,0.0,71.79277011743945,0.5759636910801595,59.91145534908932,0.4202933351366667,26.61331379563925,0.1186515056227955,169.04135869568327,0.3863746543681352,42.42142940956932,0.0291568640892154,65.99238178125016,0.3052198025316214,34.23481147292014,0.3881522280714368,29.73627207448961,0.4006598988924807,14.29457326597055,0.0380880619469145,16.98465400758005,0.3619831255111077,229.9484289656901,22.384767145273035,96.38234990497354,66.51708581449972,111.97113624713344,72.96225005152961
1202,3,1043.0,20260116113518416,3,是,是,90.0,base_info_20260116113518416.json,,43.11846380331813,0.4509562100254169,31.458076258566496,3.0602191686053306,242.3843113106311,8.530615255081532,68.83138817736621,12.49384563570714,164.44950787333997,75.44573576819852,179.20517750661568,85.80655681608876,22.88872745689437,0.0471621375294341,231.47613353031136,3.937682237380504,184.3938988143437,24.28688899684253,159.2700475581836,58.11756182164757,165.55005944560858,90.99033473853144,20.45282759213816,0.2102906580096903,13.6846614144932,0.1380513195717647,15.368234427034688,0.2893849064718701,24.40376237880983,0.1755002273317595,33.87855325449895,0.2574222071381296,25.50103487373364,0.5872250833745296
1203,3,1044.0,20260116113521418,3,是,是,100.0,base_info_20260116113521418.json,,38.92931887595972,0.3404824748477723,21.152329575631285,1.2422869244537622,213.0517598975805,2.0964378555325887,214.5623510623286,1.5876508064889008,68.85219085877056,0.3721117730319723,63.247294156862864,0.2850970801152694,252.7598945105325,4.484677052029735,255.5007779719797,3.2049766916123192,2.0922707720266325,0.8953757797486415,237.67655451444884,4.111152943176839,37.01926441043286,0.3783318002773242,25.57146218551908,1.0298190410240502,13.757568418110033,0.0471025875693531,254.04982249393169,4.517287019074394,243.25491760677764,5.379851795762464,36.8737987301753,3.494405067115065,33.100059624352674,0.928891448492462
1204,3,1045.0,20260116113524695,3,是,是,157.0,base_info_20260116113524695.json,,29.011350826509226,3.669387451703308,206.79277934654127,4.462176874725754,247.3926789338244,5.013085966162421,88.93646032612124,68.34607861794427,183.7789417439313,17.122529031235405,178.16654575564317,29.60195513783896,172.51596869015177,80.48362303701855,187.88843483022015,2.788354597836278,162.93085871154514,67.63636649820664,92.71775842193624,49.86903610277213,25.52441768252764,14.17962943724731,64.60273107418521,84.63628656526507,173.41348463494032,83.20820496454083,18.45681634543928,0.5500314220111652,33.48512774538764,2.1550057365384454,75.90150840217136,28.768459252980023,68.28067357294633,13.007039315692692
1205,3,1046.0,20260116113527893,3,是,是,66.0,base_info_20260116113527893.json,,,,,,,,,,,,,,,,,,,,,,,,,,,,,,,,,,,
1206,3,1047.0,20260116113530852,3,是,是,124.0,base_info_20260116113530852.json,,33.707995354508455,1.8644058742536112,107.12980036308882,67.68852274929937,102.93527385148133,75.0000217293669,98.73400319220356,58.56363299401957,72.61615008845318,0.1426711974133617,69.57551349390444,0.1629073339202257,243.8361448651398,1.738424520053214,242.11409290407732,3.82067561939564,25.984943468919965,14.455286720804107,204.5073827704704,17.718948161178055,37.94702996466544,0.1833754074574212,237.57879989996647,1.766885532405929,245.9621200261024,2.3036424876982124,17.292498576195616,0.2660798225704073,24.5428998371374,0.3038075009966157,34.936966993920215,0.4447361759577977,36.33818426271168,0.3391403892960773
1207,3,1048.0,20260116113533400,3,是,是,74.0,base_info_20260116113533400.json,,40.60427914435349,0.7652946168642182,27.071307899694443,1.0836301395167467,217.97757144751552,9.1826621183455,80.05123080451737,43.54504714992805,58.62786177667295,1.6141426878010667,52.29706224613604,0.4618421418078196,136.86990405802678,68.19198030339744,255.6285583868679,6.663354564774149,149.90350771781797,51.042653891507264,92.11861680000324,39.93653936386163,37.55469242218337,0.1920139736839404,123.22584697229952,69.59815490752017,137.87968701934963,69.6032384981257,15.263009936606077,0.2819644765201316,24.69199483367288,0.1864739399223474,31.73665394447039,0.1855907609550879,27.802851396884847,0.296117276756888
1208,3,1049.0,20260116113536194,3,是,是,125.0,base_info_20260116113536194.json,,37.01704886718951,1.406681003356966,173.445103794255,59.16855784292888,123.46828471375768,32.896604157887005,215.91587718768253,58.926117506537686,67.58268152048981,0.0456777403905494,70.75133151391293,0.3558582902344446,27.206524172196577,0.2698042997127714,149.595928101439,2.9556841124186817,98.8386304948416,29.088949880075013,72.80759476854642,0.5161120528789606,41.22621979833054,0.2221641364737301,29.10288313598201,0.0698908374275211,14.065627810840988,0.1017890494638318,18.261856745629963,0.1228154712306602,18.762405776303464,0.2537900005323739,36.65999255631414,0.6410992789782093,39.26413537080635,1.0555607472551722
1209,3,1050.0,20260116113539298,3,是,是,54.0,base_info_20260116113539298.json,,,,,,,,,,,,,,,,,,,,,,,,,,,,,,,,,,,
1210,3,1051.0,20260116113541567,3,是,是,47.0,base_info_20260116113541567.json,,,,,,,,,,,,,,,,,,,,,,,,,,,,,,,,,,,
1211,3,1052.0,20260116113544364,3,是,是,90.0,base_info_20260116113544364.json,,20.49488364987526,3.083104158684254,34.94782769184178,3.3557130684258385,32.42344534240765,0.1236295935038137,38.73176755490313,0.1711617666309603,81.3043998970128,9.078639636878494,78.35486707772822,15.514333123434644,65.70200187208759,38.32126155305912,160.07136429098543,1.156300796147697,40.12759823064446,0.4342447207377808,85.69626051122412,31.861152316514,74.87232446868444,38.17459805383135,49.44845090636108,9.709637206654325,15.812078937959024,0.4614181740112483,55.95534452469258,39.16628745386935,133.24382427592738,86.29895084941111,160.9712062637953,57.99200511998494,49.09663539269843,0.3669277530077527
1212,3,1053.0,20260116113547338,3,是,是,111.0,base_info_20260116113547338.json,,44.28762906137041,0.8670412994263053,31.48305330770024,0.7333351824822081,80.17990594127707,38.51265783040705,221.2313023930309,9.217824638667327,206.52787704108604,2.8469507554073568,229.00495923923,4.610835371648585,153.4111941677982,93.834252357127,176.57952895261948,10.915833330452822,150.79391954227523,40.44321068537096,10.396051542521434,5.824775405714351,220.8343137820411,15.06122908344943,137.24602545998803,79.45519669236388,151.6896394693252,98.65171156478648,16.498697571760644,0.1348044817556543,25.421926513038223,0.0868307813987041,36.438482075290494,0.1171841750794422,27.14969308013913,0.0639227570479253
1213,3,1054.0,20260116113550295,3,是,是,149.0,base_info_20260116113550295.json,,31.452383869964976,1.2354564114425322,30.73526426927785,5.423234098506174,196.0034143051801,34.58315979259998,56.16167275594447,13.225396860675026,79.96640239048007,1.0570127007089498,70.57930102793982,0.1443991537014557,233.4432605692125,10.090834048898468,248.5315478147738,6.04723320187555,225.22288768244772,9.221101136909606,74.98658780304582,0.5594387462629071,184.6995669349185,33.26368583439032,42.203800157470766,22.863687779198436,241.4632107151757,9.84360557006524,19.798654489257583,0.6369915451020487,45.851655335218936,9.745444916585798,33.187541820992465,1.2871527155417637,29.57354512501864,0.0724059189242109
1214,3,1055.0,20260116113553041,3,是,是,66.0,base_info_20260116113553041.json,,,,,,,,,,,,,,,,,,,,,,,,,,,,,,,,,,,
1215,3,1056.0,20260116113555698,3,是,是,99.0,base_info_20260116113555698.json,,38.54721446438744,0.7062911345812025,26.339555479341715,1.9125005566651692,99.65350717972328,89.75730164032775,42.95637461071223,0.5064960245359612,73.67294003430209,0.3893559246528636,61.98211198456402,0.1129894819433276,247.1770373897625,7.210754423026005,198.2806481269879,39.52407086990835,106.0343278205498,86.8802735537234,67.65221293504469,0.3429770767945604,35.642847657258834,0.2100797069740734,26.231483863605632,0.5494408596087108,13.721918588545714,0.4986127897922353,251.7916741145532,5.439377158188821,9.245234856293608,4.660615271083499,224.26135831691747,9.031134130539352,26.9286271438053,0.0427190255653518
1216,3,1057.0,20260116113558065,3,是,是,132.0,base_info_20260116113558065.json,,37.771153480139326,2.357285507653879,33.39708763409545,1.6163580398739392,202.1222522176125,18.688399942506607,44.68547183255398,0.0400845335115762,75.52429227898396,1.6593030701834603,65.64881445977873,0.3623702065008239,209.6578225771926,31.347894816563443,237.54437417892152,11.56809324915586,197.9739231783321,15.923506355541614,73.00952902754618,0.5271881862229951,34.97769395193546,0.1935517857091046,206.81342661605456,23.14946672146849,222.9760780248164,19.920286213028504,23.72566116390396,8.265584436430379,29.141269563990654,4.5446553976651165,34.14166956971281,2.0527235632775342,33.284114328015534,0.3574775516999524
1217,3,1058.0,20260116113600652,3,是,是,131.0,base_info_20260116113600652.json,,,,,,,,,,,,,,,,,,,,,,,,,,,,,,,,,,,
1218,3,1059.0,20260116113604024,3,是,是,101.0,base_info_20260116113604024.json,,31.93382923844254,1.7453114760577355,34.27565044370407,0.4310417218675214,227.9451070383706,10.090717353083337,163.6570072296586,85.46927220888813,68.50573848497531,0.0897256319201469,62.01377471570574,0.4424098512575195,93.5960462795686,95.84782176951484,226.04225803420283,9.839978540117658,83.19097062245034,111.87407535061736,168.5290855643756,69.95838307505328,46.04673240529721,8.917032142181219,95.9106940976667,77.16169013327001,85.25754844205845,102.3026123910242,18.15682168691528,0.136332483158755,174.19325073090377,37.01253623798395,139.89793345338398,51.24188484564283,85.30303988076022,72.3601062065111
1219,3,1060.0,20260116113607943,3,是,是,172.0,base_info_20260116113607943.json,,52.08609994077824,0.4679423811040088,40.510094533313286,0.7139624549537458,230.6498338486757,9.852574872035191,231.7679701426711,9.228345885924217,121.45699624622284,57.06730784805856,142.30314900381285,64.79756685535901,87.80784101984334,67.50919315600868,241.90232211634796,9.140893471712875,3.425118065948192,1.9175728219003851,101.73881239260272,76.60843107829848,127.21042437208594,71.07582453721223,71.58810148932724,63.36858758256821,78.54958640438939,69.9873161295768,19.276064495725496,0.9531751784978936,35.50311927259781,1.4119342397749193,41.8280637504179,0.414391727783203,27.87604826717944,0.3284750734993831
1220,3,1061.0,20260116113612126,3,是,是,200.0,base_info_20260116113612126.json,,43.09638236360011,2.977031881116788,50.85082108040451,1.6080944385778226,255.3632780596126,5.1013120061331065,231.68127640376196,18.340783943336024,68.73412414603622,0.3604439771561216,66.31186144944134,2.155017148927364,28.028803484986906,0.4714942261243435,232.8731279806893,3.38606973796244,24.535660018240804,13.759806379073424,185.91269927709263,16.632440218295514,42.209249629495865,0.1905085135234614,33.350894939611976,0.2568704335284081,17.57068643521381,0.1234990548778747,19.254250280861918,0.0983254474669069,230.2034756881928,6.73202567666492,234.08295360230764,4.588073257928395,30.21067506376619,0.8587369752648887
1221,3,1062.0,20260116113614864,3,是,是,145.0,base_info_20260116113614864.json,,32.43212257015405,1.6633579916349823,24.17738265555649,2.6282802969994568,39.51793767858236,2.5474352039489165,49.50320683020794,0.4453741918284476,107.6801152867698,29.13038266469379,113.3190815877972,36.159921293051525,149.50054592920569,92.6315720680714,183.18794332620575,2.0029450316052517,48.45954463407901,1.662025666600365,132.54388704176745,43.93319344455714,104.8407385144208,57.00330666521555,68.28165477018446,32.76405110713587,53.12373387662115,54.33448269901919,181.09124774646727,47.14027541294165,145.49556614471717,58.90465970275278,103.02638460245804,34.353872484990625,95.3965624338794,31.915688821481893
1222,3,1063.0,20260116113618101,3,是,是,175.0,base_info_20260116113618101.json,,51.08513542765963,0.4770571591882098,43.2483585338677,0.2599852320487865,234.53008191730532,4.405648036910809,237.3492230224212,1.3994188795067448,177.38937963319168,15.18695808376603,207.89068386455855,15.957784157324935,188.72344018908788,47.55103673829047,254.07303257104908,3.840372443560479,3.472317650300075,3.338247407182094,26.30331231596513,15.834891482189036,215.4348093862256,16.963072626132764,175.8792531449166,47.42289055460999,188.65439623069457,47.85458886862361,18.76239882933317,0.2654124995939187,87.43340713392378,43.69309169600327,80.42531298872089,34.44649193306484,29.161237735648328,0.2252410062018582
1223,3,1064.0,20260116113620867,3,是,是,67.0,base_info_20260116113620867.json,,,,,,,,,,,,,,,,,,,,,,,,,,,,,,,,,,,
1224,3,1065.0,20260116113623369,3,是,是,189.0,base_info_20260116113623369.json,,63.009960228157446,32.84008259434652,25.544924395448163,0.494545472112203,189.3986829780245,20.115860007417773,191.83399102792436,18.80610959149333,77.29974881713427,0.2656515237513453,106.10704555573244,28.135737789261967,33.32059989967723,1.86340371747512,216.7551216136923,14.445836974613371,7.016165197368905,3.7534837705592423,207.33589189114068,19.49169036074486,175.1083126744222,66.25555312504454,175.56344575965477,67.27290328993875,16.27162300865673,0.1320084646776424,23.669433629754582,2.9785425082152512,29.692257784636997,2.618774246254813,61.04056247105643,34.2223717345927,71.40804717848066,39.216454101834806
1225,3,1066.0,20260116113626590,3,是,是,103.0,base_info_20260116113626590.json,,45.26135379251233,0.6747814863448955,31.8856593347338,0.9237720127784153,39.61207553336288,0.2792243050036769,235.54556909587703,0.782973642659162,161.2896496584423,69.97791644243587,179.30776007794904,85.59304236565293,25.762633527147887,0.2803235438728931,177.03221528473338,0.2845467044216924,236.44267339081804,0.8090560565007242,76.63326776336412,107.108028376279,183.1174293831779,99.70016132407704,24.64245735962377,0.0300598957424425,16.577842441951017,0.1888201561220703,15.329851222057597,0.2660702637011181,36.72962389649731,0.5114143126406985,33.13008003328384,0.3920135499511912,29.953215695867065,0.005009225321262
1226,3,1067.0,20260116113629861,3,是,是,114.0,base_info_20260116113629861.json,,28.45429563441516,2.0023252944383323,19.259695503154,0.1787952851167135,204.8442203366265,9.713323944081566,101.22399199875962,75.6755124702456,73.68517808021586,0.5720241563266818,66.88726520476361,0.382710321274589,235.1615464181565,10.007063883288623,236.47112896220597,9.048420474344445,150.4866720497737,104.85821614030708,123.4693917299252,74.84665590026248,34.89746538672044,0.1758489806256006,33.10081227416631,1.3775678431827714,13.076420132423904,0.1122656921752643,234.61321327494184,10.255752966687798,225.6062266592261,9.224465834270788,37.9008209112307,1.9105657980169404,31.88799873077063,1.3941416447753314
1227,3,1068.0,20260116113633131,3,是,是,109.0,base_info_20260116113633131.json,,35.64547761299945,0.2404261399040592,22.96398382362873,2.560504908498882,39.74746416932919,3.974516652473593,49.907768905653775,3.628705479571844,68.02624271504612,0.1680140414716786,64.51991870714635,0.3427942098557031,268.3424955002146,0.9395018347140848,165.02283991538752,4.660508200523239,43.21548329150554,0.2135573422419292,65.67505443865154,0.4735216028849272,184.21164677431247,64.57435420238522,64.13519919058213,65.65007099793426,250.07425549439904,12.249954079507766,25.596841236048164,8.121235013419057,268.08324571118163,1.3655930067733566,244.64242894622768,1.300798280253917,45.934452837388015,0.0394515819891845
1228,3,1069.0,20260116113635800,3,是,是,130.0,base_info_20260116113635800.json,,39.282136426762655,1.2133093904102543,33.478857229928856,0.2052665570787447,166.772986203768,89.54177776715028,45.59345278832086,0.2369418199457457,76.61654026256753,0.3887579801016851,65.6793290375203,0.2425369531024521,258.1630234255221,1.9880313629912,233.51500983752587,32.95666901589443,166.45156952348017,85.49663985037682,75.38423640781036,0.3800030091073551,101.02141709683174,49.5591581599575,117.89858089544636,52.36705610355196,14.408798100886417,0.293576136216873,259.511008618584,1.86709393436392,232.4764326793322,1.777575168130081,37.41276693976857,0.1911040748327029,32.48736365364933,0.5572431585951731
1229,3,1070.0,20260116113638640,3,是,是,108.0,base_info_20260116113638640.json,,33.997769474827344,0.6370401783669115,38.85906763729216,0.4829764265359975,238.4688471788996,10.133514887990048,210.5202848926184,28.496085970092064,61.27171854906882,0.4905393531642735,68.41106445755541,0.1148772501305033,203.0299042010919,19.285687729480845,223.8450722380668,8.541890215777077,29.08925166695577,19.16378789890493,190.33407924748116,28.614449257881663,139.28405728127493,51.33780149118003,137.7631071747097,53.62553878559858,15.465907971514254,0.1742540146875077,204.1824898426192,19.281642267026363,35.750898775245346,43.88763091566012,173.68828990019935,45.38379127103772,47.4255242926525,0.3486863848272323
1230,3,1071.0,20260116113641456,3,是,是,114.0,base_info_20260116113641456.json,,37.73409851105488,0.5237556102432384,30.59169830625376,1.7302850023950185,211.3782080559388,20.01032535074329,45.62647045942674,0.6988792280376677,71.17604490445218,0.7505513128234629,67.75513448538408,0.0882676733070447,26.02500643352883,0.0927793298683886,216.85906854559184,13.668559608211432,207.63003411922443,20.705713868008655,69.05172164768402,0.2569427137395305,37.70455057733094,0.3104285350683471,27.458049828443944,0.3454065780343968,13.457985946717038,0.1407988480561542,17.445679918568526,0.1002766107850257,80.11812136428641,74.66095172436061,82.84674812201946,68.45268931835906,28.246665364170337,0.1289386407636543
1231,3,1072.0,20260116113644220,3,是,是,116.0,base_info_20260116113644220.json,,26.657960742792948,4.51314564812533,35.7546434289361,1.222660942293748,228.79171646137533,10.275701489311109,238.53128787543892,4.474663033916133,166.7792595168812,48.90875037082349,179.5376477639064,42.36731645168949,128.71146212001287,67.34576154828726,231.7394929198313,13.800973365804388,9.987917992956216,5.925154617581975,47.19465139332336,53.77058492439093,128.95935599204788,75.80801389525767,77.57614027202887,76.84274708925705,124.02740540278324,62.784019616419855,18.177798805658657,1.570415629069401,37.95653499102049,0.5028394517172619,31.220269238313577,0.4057108534368168,49.65081220773197,0.7261698847680406
1232,3,1073.0,20260116113647473,3,是,是,108.0,base_info_20260116113647473.json,,,,,,,,,,,,,,,,,,,,,,,,,,,,,,,,,,,
1233,3,1074.0,20260116113650395,3,是,是,74.0,base_info_20260116113650395.json,,38.92115886773811,0.7148702365886004,23.931470814246516,0.0888120029287128,207.209372204288,17.58542366405891,221.8061590226083,6.127964994514122,208.26816082996652,8.107724051863123,233.99284150602588,8.965638469808491,93.99004888694532,42.818139997807776,261.9951011939813,16.05377575161734,15.933739754331071,11.437147953273758,5.601862441244442,2.229389782315033,232.29343433385705,16.011377458885917,55.827194524846114,31.88849101826595,92.860580555506,42.72383563185544,14.540730088047871,0.2876595676870972,271.602170668948,9.47050627839232,241.76965980099797,11.19972039674788,26.200233716918163,0.5738129594048454
1234,3,1075.0,20260116113653638,3,是,是,89.0,base_info_20260116113653638.json,,41.32503077274453,0.4441686711041916,28.18901652427866,0.2325137992185676,100.0004124251263,93.6346450056196,67.25033492309656,36.56641023979802,208.9671386249604,3.93018984721836,236.41915208364424,4.3541264037744165,174.5100370620413,67.80605414711493,202.4778470797786,53.68995724100399,66.54690782010817,35.69473117720836,194.36685420924823,54.1424853443799,245.8587786974391,6.499763573836281,86.46665135794058,40.51053715611734,101.10685873724644,60.92189901908871,271.5720832453256,6.3593849638693625,216.1816022800308,32.24985320910339,46.021590538495,24.38079560290412,26.146844261308264,0.6702271438143789
1235,3,1076.0,20260116113656607,3,是,是,78.0,base_info_20260116113656607.json,,39.86194114930225,0.3004699661597447,26.641619804814397,0.3872737022079553,201.581481002922,14.176545043525646,229.1443403114297,2.3891647663074376,81.49959107108907,14.045836804951302,90.56133250096968,28.6374821017166,236.41455489132468,18.629824384429885,243.7396723725784,11.915890737748,27.997075392720934,16.252443907915918,169.0396918432728,53.96882165895482,99.82783136843206,86.48999223985155,92.03694392631972,69.00825702573496,238.4669457897735,18.68545979019481,15.56776913037804,0.4357589560517355,35.46673858759144,5.007738723625767,31.51377300208216,1.5534252186389093,24.31626466194234,0.1733595096965831
1236,3,1077.0,20260116113659711,3,是,是,47.66666666666666,base_info_20260116113659711.json,,,,,,,,,,,,,,,,,,,,,,,,,,,,,,,,,,,
1237,3,1078.0,20260116113702638,3,是,是,80.33333333333333,base_info_20260116113702638.json,,58.43036845522301,14.670085956706933,48.63422875252618,18.410544395291478,36.4723990955489,0.3467849730539153,42.15500227822917,0.6895428282148004,81.38694897839822,38.18599925634102,118.81345560333962,30.856235539840768,140.61521109688718,38.61261029938257,160.06075553641037,1.2454681015710276,42.88243901082965,0.8941247341665322,108.08296029673583,28.348806225217118,65.93481922519733,40.3505171993335,11.402645327492747,3.712699773529778,141.97421423771766,39.26928001715928,13.530365305328646,0.1235840311268912,90.70641014032036,33.38492278329327,76.90201683170731,30.92052461628648,23.717149068327103,0.2229088437495847
1238,3,1079.0,20260116113706653,3,是,是,82.0,base_info_20260116113706653.json,,36.85709153948236,0.248832797092493,31.37408578881916,0.0840498023756001,255.41173764201017,2.270381000365974,43.61512223883883,0.2755387966751095,61.66534327021992,0.3121056805269478,59.84391062132645,0.4399439132998038,234.57709478235333,11.374943858162649,249.10635849412935,1.834255020111024,243.1680687719121,2.314184532071314,65.62445551401122,0.317810660076943,32.546999572313105,0.0919751380430902,23.60802510047243,0.1793564403813789,13.655355314801108,0.2756472355478144,237.46847340347583,11.33050221862331,230.5290386206149,19.483237603718,35.15632185734636,2.711564109786589,25.790935380645568,0.5919282564415446
1239,3,1080.0,20260116113709095,3,是,是,56.0,base_info_20260116113709095.json,,33.95792860911749,0.4126304781729052,22.245476500825365,0.0373986829999543,29.416506422553315,0.254165818483529,229.9235669587426,6.93269519136317,196.4453162438288,18.16102823844246,222.02850179591448,18.89648658551416,238.19867883435063,31.011050783965626,123.29538274903396,6.701856992607837,226.0851017363398,6.974107794618451,20.339726374885338,11.804374620494947,203.8344053444741,37.60012041561556,202.6234808757912,37.87814339433275,226.34447976863189,37.55707162792515,16.591966694832294,4.593661296279881,43.13250733422479,7.153505458980701,27.04669936147673,6.332661830928528,35.86818392444227,15.861701962139312
1240,3,1081.0,20260116113712187,3,是,是,18.666666666666668,base_info_20260116113712187.json,,,,,,,,,,,,,,,,,,,,,,,,,,,,,,,,,,,
1241,3,1082.0,20260116113714931,3,是,是,49.66666666666666,base_info_20260116113714931.json,,,,,,,,,,,,,,,,,,,,,,,,,,,,,,,,,,,
1242,3,1083.0,20260116113717498,3,是,是,86.0,base_info_20260116113717498.json,,39.5227048719909,0.3777873174018224,36.913114162524806,0.7651900285653709,134.51343833382828,83.73528478785381,249.44775350608637,4.58856672987019,59.9710941592817,0.1729673101433337,55.14725416825856,0.2070083265726328,175.45738734603094,58.433378827260185,181.5119709317913,30.401289270329865,132.45403535690136,105.73670981263751,228.95333559589795,4.898321730528965,70.08823029100603,20.61998670868956,114.91043946456794,57.70526176797405,175.00227216430008,59.279574465898335,14.70736159465663,0.3011108673938473,25.505166100635908,0.2830063474900932,32.936473898714844,0.2709612496073803,26.36589098250772,0.2783411127443763
1243,3,1084.0,20260116113720971,3,是,是,76.0,base_info_20260116113720971.json,,,,,,,,,,,,,,,,,,,,,,,,,,,,,,,,,,,
1244,3,1085.0,20260116113724520,3,是,是,147.0,base_info_20260116113724520.json,,31.379077639015765,1.0845917918442405,24.904425033656253,3.506503685188328,100.85655939929455,83.84257644517012,166.6277963223209,84.0549578442673,79.89170783028807,0.368621369533171,71.62710437961238,0.1566639052964501,279.4927812365429,0.5388669569786368,220.4530201136568,43.46788436043203,95.6446409914425,103.88441260387094,196.12452619727705,85.94221398455373,152.7512114051256,40.66685373032641,106.47155502508144,42.01998372793069,282.72933688699965,0.4416109502949133,16.23441150533762,0.3763061568786634,180.4777620679077,63.11927535232619,132.7834883586157,61.20654323823709,33.04777404181009,0.190149626721116
1245,3,1086.0,20260116113727736,3,是,是,146.0,base_info_20260116113727736.json,,56.19690915403814,39.66977049078384,46.43682749260581,0.7973829965053437,256.32051765972705,11.624791686986192,258.0289835736134,10.681639881747143,72.27113695763006,0.3903524049390856,89.69839318482236,29.320189778255536,28.979972017406748,0.0536393498607945,218.68951147722512,8.414959820581918,3.4525760178294878,1.902402063425442,228.77221742647808,10.475664772745114,43.79249418994503,3.7050150937292714,32.02272057490186,0.2555017966798434,15.561780324276633,0.3920028489479704,18.958102001551502,0.2285567096969097,29.328136413432635,0.7667035820423264,34.80698764653857,0.7815911282149297,58.67546954381015,30.72461939265216
1246,3,1087.0,20260116113733285,3,是,是,124.0,base_info_20260116113733285.json,,38.76335759881403,0.2315911330210553,39.88267755484102,0.7643312130727737,221.23569873561203,21.453679200138417,240.2588066881378,7.629954261226179,218.2757505545151,3.101904991794472,236.5096638569796,4.177326502165696,221.46033526093157,8.717557489142314,210.75098548993932,14.411716938379316,20.15383537519578,14.297541206678275,13.238407965014494,4.242941595606669,222.5829701669111,8.090019995024841,214.66235822142016,12.488120766415028,221.92986958337715,9.225972832405768,16.46660292168035,0.2229977600355128,221.55953616281255,8.66181837280063,222.77926068474616,8.61608996173954,30.650557277576272,0.5049600974795438
1247,3,1088.0,20260116113736347,3,是,是,89.0,base_info_20260116113736347.json,,42.76842169274577,0.8594966953317648,26.25148113799188,0.4868764783942641,36.33217327242019,0.2731238301091013,207.89711177086164,18.01189888221307,188.3586142611324,17.646194072839684,216.9038412246616,19.51273934194516,253.54402495542195,20.552250564399586,149.65830489274447,5.467887202356869,201.93929441225205,18.09147788055701,8.253154852766711,4.440466007482828,45.86678710959106,58.33919164442326,43.96154144453663,57.5893602002139,227.9101105053752,32.50259947092319,29.731759067681462,10.212995480870363,28.09057396739986,0.701028603049833,34.66372766145894,0.4642242486454365,27.18877838311613,0.1972286260346826
1248,3,1089.0,20260116113741198,3,是,是,212.0,base_info_20260116113741198.json,,41.69343180351464,20.261163239668484,182.3666004720951,12.002884211667457,11.302037286350364,8.84797376969982,40.16575172651198,27.100514504590983,67.0943552876012,4.873760100650477,82.72777451861059,2.581827906001734,162.23618187575545,34.57431503369881,194.9569766782174,21.758690712333763,40.27085279858513,21.52301294168765,162.1718117396521,45.19733356817844,33.42428085761279,2.616663724599379,169.58634347012656,37.0753335395195,166.85692219325878,36.60205422273041,16.54192362750477,1.3042440948948748,30.33739668220419,0.8876247298747854,31.892990270086877,0.8333142302732218,54.80223744186364,9.500307627022217
1249,3,1090.0,20260116113745130,3,是,是,54.0,base_info_20260116113745130.json,,34.873641253666506,0.5461731714613602,22.6459979484884,1.109045385733601,166.87472113958472,36.64150003289382,36.20837138328659,0.2221293794295993,56.01829482917092,0.7226627424913572,55.020605431529816,9.818459139427054,113.49235400429949,70.71333391635797,202.0401267729256,27.37065494237042,168.2701380076062,36.3781100099428,57.874550005941664,8.437921829597155,43.170042690777365,18.512730316471085,108.61616918025123,68.05104359350331,112.0947607169614,75.67088604828128,13.625956051415514,0.1273616912205407,66.28858927749515,48.441768913361486,61.86093679945682,43.18407241755832,22.588846649537214,0.4076117269705389
1250,3,1091.0,20260116113748500,3,是,是,96.0,base_info_20260116113748500.json,,36.88229048021656,0.2530196185780285,31.183092895415115,0.391912834557535,232.5758957540741,4.350053256108299,43.68251801119116,0.1501612089302731,66.96389708841185,0.2415913414104536,61.11435609124152,0.074753626371178,85.45057903065803,86.87296945829596,242.0781045154395,3.3342478208926343,230.5367979765221,4.797318703849302,63.57234954342229,0.231890541103773,35.48327730162259,0.2409233407284284,84.050073338974,83.47858587243432,78.46787944157937,93.22955628019974,17.104213917069735,0.3851880329263865,40.09628087227117,11.570459464975976,40.39411598232028,7.740734426808352,27.564825407284435,0.3313460233847485
1251,3,1092.0,20260116113750964,3,是,是,164.0,base_info_20260116113750964.json,,36.93629568049729,0.6183496803099393,42.89778720415859,0.752657082262972,211.41652957881547,21.356538470120583,153.74813198436144,70.62593033308202,91.99409373759488,30.04899548922261,104.80463309568296,40.37783446584322,99.90307637143832,98.83194107146603,218.18869286416648,14.772452494654091,73.30544482570353,91.60402774875764,100.85269915788332,50.36852375442381,80.71578090020677,53.548797039726935,96.94734475219752,95.78651513405448,91.01897743292903,103.95874421094088,19.17469252724453,0.8041435366645514,33.60920951577441,0.431002657231007,38.89936649677566,0.2438844371797713,50.89858899328112,0.4516420160680398
1252,3,1093.0,20260116113753769,3,是,是,95.0,base_info_20260116113753769.json,,37.84653097476821,0.1392927885934066,25.8611148092952,2.1297689118826195,36.17803676155407,0.3869329973463326,40.56410858212181,0.2373580943753306,73.60219676084988,0.7163027067136101,59.97777651532656,0.166772886595377,23.874109900021317,0.2880400805859432,166.570664512048,0.1753397933940211,42.191959092762346,0.3448004635883634,66.55056881118121,0.4052848763800734,228.1647565009305,9.627167093245536,245.41524263779044,9.6743355756016,13.969116715478156,0.1494152440569338,14.432752301925744,0.1578324447346925,62.000949077922975,29.071917406361937,36.85850190987814,8.924850065176974,39.37450416093298,17.251015978380593
1253,3,1094.0,20260116113800807,3,是,是,60.0,base_info_20260116113800807.json,,,,,,,,,,,,,,,,,,,,,,,,,,,,,,,,,,,
1254,3,1095.0,20260116113803414,3,是,是,126.0,base_info_20260116113803414.json,,47.15441942458779,0.122907144150423,34.584883975978904,0.1950571875806143,232.35337966531617,4.303525293718218,236.7039386322572,1.997530588495999,156.67293956844853,40.42215992925873,185.4880125533,41.86710997421875,160.34290976703963,66.09906972618447,255.4854605548007,3.2740614433333017,4.550282516344736,2.423538343164518,57.11646140023282,45.10155385863271,149.33681124521934,34.158196553823075,145.94925168245223,63.51956439389032,198.7383851335304,42.4172658245437,49.06138919430523,47.529747528951695,79.7381883511237,33.1760365613676,108.82222734230804,76.67975849746593,27.774522571121995,0.2725696906471352
1255,3,1096.0,20260116113805727,3,是,是,113.0,base_info_20260116113805727.json,,35.52446433701562,0.939232146283032,34.855552936056085,1.4640888028764394,220.57874048825013,21.482044596575285,136.1808065198468,75.44389191665684,68.59929903803504,0.3255472406633722,63.42660815945069,0.1202443816590832,25.44824892898723,0.2797568430344692,207.40432034178795,15.377421277452465,99.31510241713345,88.31816956155907,133.4123631836017,55.26927985791353,37.43521919615021,0.3276077598412782,26.75578954936529,0.2615103987076925,15.01284427182294,0.0636822666814142,16.109661941171343,0.1361090906741057,27.89715116464264,0.6631887505843885,40.89141886120005,0.5118202986831749,26.59314939272225,0.3027725083399061
1256,3,1097.0,20260116113808509,3,是,是,168.0,base_info_20260116113808509.json,,32.2131410754206,0.0643974117781451,39.08965967428061,1.3380993349129509,103.87743959478809,88.23776226025424,208.85360057255875,19.35355867307925,79.32220317887955,0.3158374914265283,72.38974184629211,0.1684721778069643,233.9305110629259,10.26820159758868,186.3543144990184,28.836075351818728,143.618710727032,100.36472770635837,215.96582717316448,17.443331310159564,37.32906271148682,0.2837003620919316,230.1002895302141,10.196275437002804,98.51221898308096,42.8123516519052,136.04480719518494,40.02921139913961,127.4718664426134,42.14941811435711,100.617716607248,39.04313071386388,31.9696014444627,0.2263724004845126
1257,3,1098.0,20260116113811782,3,是,是,95.0,base_info_20260116113811782.json,,35.0270639588968,0.7279761064882565,28.53365351195036,0.098385353884438,32.10001192831151,0.1114540685377826,41.26518028226861,0.1520310624660477,65.61719538508932,0.4223354789626811,63.01885896899916,0.2740581133538389,57.394726001660295,24.0415598496088,166.5618960568973,0.2150397996166399,41.46114225336172,0.1784103200435525,61.89801179192478,0.3350474628409374,237.22188286517567,5.219353043103599,204.78306188712807,32.45195822247694,56.50445085797102,26.52882418360765,15.830349244529376,0.2134889588099577,27.28655035334568,0.0606305067684224,29.87692996649672,0.3108708033630971,45.5705099685313,0.4904564657308031
1258,3,1099.0,20260116113814353,3,是,是,57.0,base_info_20260116113814353.json,,37.55370249367818,0.9934272305784312,25.630879127085024,0.4844385534306725,230.5049136177904,4.1326867454214415,229.34538744710645,4.479766655397596,57.01118340353807,0.4423068465277252,49.42035226714245,0.3300778302832052,247.4272852291514,6.132890865541677,249.60610190292692,4.908984691170418,1.7107598805086948,0.6999361393940078,230.6087936156401,4.589576722612311,32.45762586078629,0.2922082318571677,240.78028193759928,4.39820414580511,249.4709214314336,5.294798784042535,11.797220884603732,0.2337482876323512,27.539790139768424,1.4279359181029676,29.19882000704079,0.4857570553772884,24.850763965256714,0.0904732522219224
1259,3,1100.0,20260116113817031,3,是,是,124.0,base_info_20260116113817031.json,,36.77142827454679,0.6314305417796026,38.10803178957483,2.1152074445246467,231.30286169134425,4.389674506882542,46.0354390218241,0.2128331799982314,75.51624755726998,0.618063645157629,64.95497947960807,0.3178873138224848,66.51562065474147,17.44982105182492,249.33117631153087,5.194201100149477,232.2736901238728,4.3809187003881975,71.2075336548039,0.2106561309973238,35.53252428310436,0.2211189546335005,32.60512825453368,1.183139147279089,14.618824008391522,0.2623366854819587,62.4236673576169,18.297146161585125,43.95118586599165,14.440705243788017,35.94841593895904,0.1923716539299345,33.033659166251,1.202752088376167
1260,3,1101.0,20260116113819983,3,是,是,96.0,base_info_20260116113819983.json,,36.90642423889023,0.4059640070199363,31.898578298457817,0.8138533302158407,230.75930572789363,4.5806279564045775,42.317706329086654,0.2866296377653169,64.97796203904034,0.4789437120119376,57.73379340355654,0.2559086032563372,59.18828030599937,47.73591181102341,241.74651733515,4.22230640199335,230.00057119840665,6.972867599282307,65.30722019557969,0.0941775029052112,37.493674363229935,0.996922468109186,59.65827657825904,43.44708005538042,52.36020972893838,52.81143258029827,15.748036098188022,0.1015723263910897,163.73392909041948,93.80952988132692,156.1649875853677,89.21135498153349,30.20605143081205,0.0562049418471371
1261,3,1102.0,20260116113822770,3,是,是,111.0,base_info_20260116113822770.json,,40.30179432815508,1.4505200509034055,118.58981383663586,60.78153575364696,149.97008702440115,59.60849727967759,150.1571646236731,58.03203500149108,175.09219821971544,31.47652374791447,205.1848069479365,32.91678851945595,162.49490223246775,44.14063121295075,155.23606973672483,6.999735891689979,43.71339562677733,0.7617368533654082,204.0343176217809,30.97954664356008,224.29875961928136,33.68957697181298,77.40061966287443,46.8323612976747,84.84220989223846,12.916253149960172,179.90338319098117,48.05162562527848,215.2095083002172,29.5199568843384,41.43045198717412,6.173955880015367,30.440878370621046,0.7946916022752766
1262,3,1103.0,20260116113826037,3,是,是,190.0,base_info_20260116113826037.json,,86.65021964565203,69.59452702376676,21.46785268436741,0.4386143253534571,96.9412838067954,76.972951604473,52.92487346000591,0.0582111533156414,171.38974321460805,17.38101121123699,116.96820275796615,65.63194001136253,271.55439415754296,5.290478904968747,194.95782280775305,11.819241459135917,111.17213740251482,84.81142206727458,202.62772537198572,17.551459591861292,61.47931440300204,34.37025544132472,87.89932890369307,42.709559357276426,238.3735259939396,25.24016753883592,41.16050927641239,21.70634561005004,151.41256121211484,77.20300835277064,57.488145586486645,36.81147086731291,63.24501840557573,16.55180004352078
1263,3,1104.0,20260116113829301,3,是,是,115.0,base_info_20260116113829301.json,,41.2804378131267,0.2088875260056183,21.106242302042197,1.8820176599250784,217.7056260397535,4.117194243904208,216.7448352413111,5.43878081877164,73.8901463246307,0.1736949666777024,60.98660498304343,0.2628083997529301,265.3628576005036,2.300705792086667,224.62644119064663,63.50175465101837,1.446062838437585,1.2348541503247985,245.39857381707372,2.0216838622581603,36.08679287596022,0.1266702158847668,253.97343613344967,2.3422780305660136,222.32273112461192,62.38721519018456,55.009741518630186,56.08434044878344,25.928412807469584,0.0272180396494974,41.781693044155965,0.1044904196262924,30.37846687405549,0.1836442927676412
1264,3,1105.0,20260116113831877,3,是,是,135.0,base_info_20260116113831877.json,,38.744283801282414,1.1073364877697678,31.794216136168583,0.4137846678021165,85.66665991987111,64.50841311400488,65.67898777907901,31.115647593363917,75.81085736402278,0.4874726902636948,67.77056583032278,0.428604730917437,261.1288465399964,5.598029015287573,197.40019991890617,23.635068453619077,112.07723554175784,55.20853735415518,91.19897002626745,27.070328386732044,159.24244834185373,71.66627645438118,84.17498951477121,77.306768947233,264.2274192881636,4.710570408366882,17.139917221327558,0.1411289499740092,27.40838015950627,0.1909813969685826,44.42267067673296,0.3288381002435865,33.898925909825955,0.7543251884772497
1265,3,1106.0,20260116113834163,3,是,是,75.0,base_info_20260116113834163.json,,,,,,,,,,,,,,,,,,,,,,,,,,,,,,,,,,,
1266,3,1107.0,20260116113836588,3,是,是,134.0,base_info_20260116113836588.json,,44.36109710472408,0.141732941642647,31.94287732556272,0.205030070342903,224.81613131055232,9.45084569939318,50.00948844111173,0.1552243062879695,76.95123334596455,0.1542109601225804,68.2485850143659,0.5275310344481501,180.3772341686266,97.6976541200012,250.9112915688163,7.292613408921444,216.33245618364063,11.497092800889831,72.12012387521987,0.4377512278016122,38.49801732992688,0.4992820620815667,28.22604039065722,0.3795289666809586,14.032046837832413,0.2099829904497724,181.48939858749827,100.11385971007084,208.9858682544433,9.7625463787738,99.27170584461516,81.87838394014868,27.000915254836645,0.617352971682208
1267,3,1108.0,20260116113839655,3,是,是,145.0,base_info_20260116113839655.json,,75.13260654662612,40.18782347868971,39.77680192544491,0.3966224716111942,42.6423791393938,0.1532161896617548,237.6229909767142,4.283373945708788,71.95000110714504,0.1020161043304885,109.83973387790051,32.73989935559963,209.6538188418023,30.415750057533295,188.7428976281906,0.1639961163708595,248.55116890464748,4.646420370437324,227.60943338622332,4.137549252033748,33.98723691460484,0.4284459689405357,229.7962817324872,4.8345707261068736,238.961710751382,4.395376804519084,36.02356952983913,20.149539740922243,104.4960660006734,53.584290911445166,111.8205242690157,88.57240684074587,140.142110446852,52.32269739721549
1268,3,1109.0,20260116113842636,3,是,是,132.0,base_info_20260116113842636.json,,41.16716662465509,0.1035078218240077,34.952233261194955,0.3214996810844518,232.79467185636972,10.324166665771022,50.53432220344447,0.2970039871789721,73.80352044845726,0.4670515256167228,69.39168609030581,0.4076434549410311,112.71373878432634,78.1974797004935,231.73828198643085,8.031409622239815,227.32237421403656,10.196105371896037,73.54341269602438,0.2220193925131667,40.38517554946571,0.2201114151628546,211.39854586413412,23.060470463228327,218.0254754866968,23.901264259256816,108.80427641298375,56.060945627136014,106.37479705149212,54.97039759267688,37.4685836353161,0.2246328630658598,26.845281805125957,0.334300381127343
1269,3,1110.0,20260116113846986,3,是,是,79.0,base_info_20260116113846986.json,,39.87401021075557,0.7381368169373886,29.183622013602687,0.3872848594585582,34.99416647622698,0.3266658685929761,42.57940634101997,0.1158391762561809,209.70538639992483,2.0449667616645373,234.38045475490813,2.97402501702715,188.5822466596716,84.84200187415547,155.52180040114953,0.0053687754329776,39.31200781008059,0.2496752465843724,231.07086104377368,2.4936262393397364,212.19947606413,35.45202048280093,207.91913756151465,37.26981159462141,253.91075413341943,4.594089919767074,72.92855513248469,82.88670779424945,74.20318160992932,73.98781808833031,31.8999599361544,0.4262759779456151,23.99168615799971,0.3282641340153451
1270,3,1111.0,20260116113850350,3,是,是,65.0,base_info_20260116113850350.json,,35.938834234090024,0.1953432973491884,24.678489658957005,0.1278587822588015,99.6169215848336,92.47656960775842,229.1912098536316,4.120818901491452,214.0838258841709,2.051428158894268,236.1182304505721,2.03398704599529,87.3843970966373,119.6437085229576,186.25387729428448,50.90641607514643,152.39339755460097,106.97873524113425,4.14577564296269,2.2168062228188115,200.8934080089367,56.09566464360141,197.7132317467352,55.73564662734129,255.92199944554136,5.986757842038362,172.26937889436968,112.6766935530765,125.92228666094178,66.48772622328197,55.09657428999525,24.92055630973591,25.950085984860447,0.2622549369994013
1271,3,1112.0,20260116113852977,3,是,是,131.0,base_info_20260116113852977.json,,46.12568194380708,1.643646041141258,44.27114171884879,2.8554909701676925,226.7069895533301,9.953849681165996,227.57161623802605,9.471994222846384,197.77059727832847,7.78798111349164,227.1027895784973,4.887862970637386,1.5774035317040374,0.8649032760815251,231.0636735070756,9.21820378225838,3.244550485129462,1.7916842579748735,10.063819166800323,5.417687267952565,159.02607883578222,93.80221409869564,152.89634536119996,91.85519938560292,229.9194809679193,9.5362195077395,229.677925424591,9.936763076456712,209.668306095616,8.512311620097188,34.314092188869914,0.1606082682960175,29.231225856013964,0.1343327376338993
1272,3,1113.0,20260116113855878,3,是,是,105.0,base_info_20260116113855878.json,,37.27117865704684,0.9958878441306344,33.2340510856023,1.0918189971204293,151.41207166526877,82.31281114916003,212.20415874606337,20.33601842019612,188.83910972517984,16.640949817639594,203.56187091509503,18.82618407886545,75.82046131830936,38.15375427571699,198.76739767676688,22.988378586975184,81.3831297294954,105.79728170215662,10.002474940829885,5.476276224575155,42.46353344949042,51.90723153344637,102.42585130267234,80.45145485409984,74.96301736552535,43.94869012253014,15.1849635509504,0.6789836291513478,76.93712373984573,41.362340521015646,76.15765853302771,37.94202427168855,28.87779611907656,0.1464792473439945
1273,3,1114.0,20260116113859935,3,是,是,116.0,base_info_20260116113859935.json,,180.12880590054093,17.1731876572603,18.65405002614649,0.2609450252086216,203.68772346501123,8.759745119488601,47.58423552071876,0.3881964780392447,74.72445600457138,0.3609364365495133,213.21746784676884,17.336967967120895,26.48784999910643,0.2698945013160473,246.10186360437945,6.954296008863199,226.28142606505068,9.650881193102991,71.37133230353913,0.4235770973034327,42.25955507722031,7.9076874372909955,47.05430962568463,11.574103662112558,14.647478719635906,0.2965136856145632,16.845054450940754,0.2490153771945698,24.14727035392156,0.2418427793137421,37.40527304060388,0.2621968205807692,203.72743024089755,18.42797042788997
1274,3,1115.0,20260116113903061,3,是,是,111.0,base_info_20260116113903061.json,,27.72925109198049,0.523611998026216,23.496592355631293,2.4634742976068447,211.35698229730332,4.275496790569656,45.20735538728746,0.3207937383159018,75.11787161724702,1.1689907640102242,67.90811243637539,1.1674518639014275,240.87645495187212,9.503600584723348,256.68797653270434,3.1196607048489366,230.52199702348847,5.058859056558595,69.57765432892553,0.0571038987745677,35.07709146319734,0.4283840830512728,221.0178667571808,6.706600534682181,245.3211946826169,9.435501416076423,17.519777806937483,0.2042517537761716,24.55669200096177,0.2483064348629109,38.90657636614128,3.0461743144626365,33.197416308311794,6.8160375640211655
1275,3,1116.0,20260116113910138,3,是,是,92.0,base_info_20260116113910138.json,,30.901068840439624,4.310340782668663,14.925175443112389,0.2055113888074537,185.9747950014627,16.90898011026021,40.4358086062436,2.428813872886267,69.53988210687648,1.0233487583929393,59.657667462450455,1.21194157818155,223.1157065854271,15.801915429340983,223.8164420226658,25.83056823594891,193.80241086690825,21.33923502752869,66.26353614205676,3.824063663593952,63.23332973177835,45.87804983492887,169.4707558580547,45.41931289976349,213.339950965834,31.80280062894446,23.46869288010968,6.357334232623943,224.9308626926312,14.560404188842996,209.6695323969292,19.629501634182912,29.468852340169686,2.227981841985022
1276,3,1117.0,20260116113913098,3,是,是,83.0,base_info_20260116113913098.json,,41.92773877325212,1.1643723373912584,26.185631317223336,0.4115165090456943,33.30433970985885,0.0768248507124537,220.52813965062504,9.58193760739286,53.09006394155725,0.5886689647795783,48.87809915935521,0.9558111964788828,262.3681035436277,11.586845426202345,158.01496192949205,0.4035857006442345,218.47227403207435,9.14745362955571,218.6789923093718,10.758329320679213,34.437216429153096,5.27394153385912,226.70840127415352,25.58209315179451,265.8610940451208,10.570768322510036,15.201276206321872,0.2630984315099552,75.70606923249176,57.04853847839071,62.218290794502025,47.97671316268547,25.79013848188457,0.7764649950056274
1277,3,1118.0,20260116113915875,3,是,是,83.0,base_info_20260116113915875.json,,31.204234560977245,1.553461808935373,28.065583756571534,0.1660264605536033,35.492011709447574,0.1738013461315302,41.79454600242122,0.208153238610716,67.18803903163258,0.2211806718555986,58.795812837742126,0.4337778721768315,117.3717430360322,37.05534859665599,161.2325309649559,0.2857755942039924,42.5232491554816,0.1804085154974579,63.58885163471771,0.0764074058655282,33.86782037181813,0.6377658179448421,28.54308538011207,2.070227582644573,13.127032299370702,0.0868448234879031,116.5353814742958,37.738698460020046,100.03402454636564,38.05466087158792,34.312552986814346,0.8132606916574596,25.46453600922442,1.1032952710303072
1278,3,1119.0,20260116113918492,3,是,是,128.0,base_info_20260116113918492.json,,36.28130513718295,4.199408080875441,47.65808855524244,6.891811157220397,205.02732449077007,19.00085340735508,206.26770948852285,18.317572837711843,83.93475122348262,3.5888864341366222,69.97530925327183,0.1853887919076085,35.330673235792,5.819493915734816,234.8468381910264,12.88150815239864,6.63203082895388,3.5537921270402317,215.1259523713433,17.631836751031503,172.81638262977037,45.03225528147156,155.55250886195952,54.80750701508125,31.627917194995263,8.760523299615452,19.44683535980774,0.33503947890726,56.31522229062258,18.08831421396153,48.27353309755491,11.225355975023817,34.884000072661244,1.3111466351062235
1279,3,1120.0,20260116113928271,3,是,是,82.0,base_info_20260116113928271.json,,36.93901594248242,0.1530840181388335,34.89736872072282,0.1713127663097071,256.7030989008736,2.4924423274626983,257.0868807416164,2.311375396648029,228.07261495043244,1.2270807689513694,245.61381152768655,1.2909356981048914,56.35539072533419,46.20918827122421,233.00595536667723,1.9485731277962408,0.8516637569348932,0.4029916866957784,2.560710932651594,1.091726487104604,217.9083676501632,3.3060763091146037,54.24741008409862,38.64286581422827,50.845406372571865,50.557804879374416,15.523448816021192,0.2978245654592789,67.4471661012462,31.94666627027028,73.39961299607586,32.34470940525461,26.798173648594304,0.6598926033502769
1280,3,1121.0,20260116113932152,3,是,是,73.0,base_info_20260116113932152.json,,32.285009092348965,0.5222768830897592,29.58586235801575,0.0308772980269495,226.0932855758948,9.49163250334248,187.5079582908253,54.728414150502346,66.00069315814837,0.0675733553092851,58.22005815230529,0.0757103642544924,24.01745310220268,0.2463535657707022,229.40058046477247,7.248673979967305,42.80483035952256,55.9983895390587,185.22091065917357,51.97957134853457,33.34999838782418,0.2472034165635732,25.58892347746117,0.0934734679486034,13.65945110602292,0.1049772458127172,15.305856480466346,0.1629381440813691,25.393676138468823,0.2769515145853424,34.92134721532512,0.3201499533517332,27.2106112274611,0.4077453782794719
1281,3,1122.0,20260116113936493,3,是,是,123.0,base_info_20260116113936493.json,,35.486772247828135,2.24729660345668,37.97582267183398,1.2345440991879315,227.0322509342481,10.812984573322325,228.46763837843773,9.754661817263912,190.59036884944044,8.597271886817579,213.06396549828423,7.703016088150442,231.5600378750536,9.05489320617388,234.7965677979009,6.981965999717861,3.375309111400121,1.9310588332933556,13.638716861473334,9.74324802573658,215.1900605615442,9.051386975044652,221.7220055812861,9.903891735784258,230.9077454218069,9.036339110833374,17.256092340855265,0.0917444192297365,94.81983316038698,51.681886211084986,87.24228039039706,48.262821272592696,40.35944429356697,0.5201812068300277
1282,3,1123.0,20260116113941507,3,是,是,63.0,base_info_20260116113941507.json,,,,,,,,,,,,,,,,,,,,,,,,,,,,,,,,,,,
1283,3,1124.0,20260116113943792,3,是,是,162.0,base_info_20260116113943792.json,,33.67222175766486,0.7830767562401608,25.76580284668169,0.2648813817862731,100.29041461448452,65.42141192125466,94.6424274264251,72.42739799517602,77.76556442643657,0.2652615315154169,80.12040206625488,0.2719642358150967,231.620622413994,8.66724929639289,207.83598782883988,11.432879321333129,157.5089735813501,69.19863121720726,122.64832260749016,61.44996005941832,117.00387794974388,36.76604974634896,111.53398519837822,38.09932245465413,230.10718372508043,10.026130232127183,17.727430787992038,0.2802419926571444,105.30514038566469,44.18674964005312,108.2966792702271,45.90107448814303,202.0704722248179,12.730445039155128
1284,3,1125.0,20260116113944936,3,是,是,109.66666666666669,base_info_20260116113944936.json,,,,,,,,,,,,,,,,,,,,,,,,,,,,,,,,,,,
1285,3,1126.0,20260116113946878,3,是,是,87.0,base_info_20260116113946878.json,,32.867493652092435,0.1521692786079058,33.8115789187176,0.4332360632950493,108.27256826659968,99.48184326747447,43.68061574063952,0.3638750687507747,68.26133399735478,0.3871144294841833,61.88530523106766,0.2048959684906085,25.070543154026684,0.3409266561090889,196.42701389718204,27.88101104195524,112.5139181364137,98.31573306205571,70.93457176966537,0.2760380555430379,187.2740858114946,50.31589296462593,186.36594254360216,49.72097447562916,14.41387711825134,0.3765142715432276,16.01950983594575,0.1725538067250463,25.97947614186593,0.2587788472293431,37.23317370965862,0.2374123855600038,33.03085480070814,0.1460036340398425
1286,3,1127.0,20260116113949330,3,是,是,63.0,base_info_20260116113949330.json,,,,,,,,,,,,,,,,,,,,,,,,,,,,,,,,,,,
1287,3,1128.0,20260116113952037,3,是,是,107.0,base_info_20260116113952037.json,,30.84862849667717,0.2053445842189314,201.87272747745303,4.802379375303645,35.452943115916305,23.769211677534667,154.61063771240984,105.51132448844596,72.27199249586704,0.3110569519192111,65.69283011046811,0.3837049379024586,25.79531993792986,2.004346389255953,227.4631563055552,18.69991000243255,121.93125445366664,85.59407139361336,123.66626597016942,79.15609703525907,37.81395996137851,4.886677667469064,27.55621127108604,0.2668907589450174,22.856472671049968,7.0887144600114524,17.224608990199027,1.274402160950751,22.92687537312072,1.073079525878542,39.40120691529062,0.3029735695602771,28.695411437767785,0.7010415478968256
1288,3,1129.0,20260116113954921,3,是,是,93.0,base_info_20260116113954921.json,,40.55207169966141,0.243018203145184,33.40615026658883,0.233956053391818,40.718343054320094,0.5204439956004474,243.63141262300957,2.134159737645624,216.0458511133523,1.6012141139062823,238.0179383957037,2.057352874921024,62.68644566997014,49.79369929446341,173.10921005659472,0.8449285907613282,248.50605418851745,2.8236593892633,1.441837809942302,0.676701718130986,236.68818336900836,2.039441023745989,236.5493042125609,2.1032926592978014,243.3615488976883,1.7227897303418052,180.9190831329107,48.4419893359152,109.00321890972668,16.34390703291071,78.02015303814726,46.2209573938114,28.112848312850616,0.0831584863329218
1289,3,1130.0,20260116113957887,3,是,是,115.0,base_info_20260116113957887.json,,43.25445277406224,0.4264862967340948,38.09429635592093,0.2994855414085748,253.38722033902263,2.3201834151339007,254.49085513825693,1.306157478714748,161.95134356891023,33.94322762570538,181.16503635445252,35.02432928501385,125.72237151241056,62.81030752905328,240.0041026950665,1.7061714452124672,1.837045970235636,1.5401306278885858,64.84372635244226,36.84337852475033,66.70126189783974,17.167306688090125,74.26257364714793,61.29078886819772,121.9993182101581,64.3474238606288,16.12063632549253,0.2626259206019369,82.14501621874034,42.080812964953495,83.20280861448853,40.09778381519808,29.16164923573122,0.4130337920184987
1290,3,1131.0,20260116114001172,3,是,是,70.0,base_info_20260116114001172.json,,,,,,,,,,,,,,,,,,,,,,,,,,,,,,,,,,,
1291,3,1132.0,20260116114005662,3,是,是,111.0,base_info_20260116114005662.json,,84.16520444098673,74.61227522671079,33.284976284184275,0.4235689482213294,174.72334541574196,79.65646214106894,115.3107849994837,55.23579271570167,74.17658266913622,0.3281489149454896,118.57263041128267,74.0781555391708,247.3883359869108,1.9123024525813657,224.11107835052724,36.70221964811356,159.94271908714262,59.56002142975244,131.44856175020013,47.08950639389042,34.61598243275634,0.1387839520123019,240.20917388121796,2.588921732261889,251.60229858104995,1.6670575310372335,17.756643422722583,0.351506544400768,31.57348882109937,5.093825409965474,36.95086059306686,1.182965172663106,94.74452283300258,83.92334763983764
1292,3,1133.0,20260116114015764,3,是,是,59.0,base_info_20260116114015764.json,,,,,,,,,,,,,,,,,,,,,,,,,,,,,,,,,,,
1293,3,1134.0,20260116114019221,3,是,是,73.0,base_info_20260116114019221.json,,40.73625683451444,0.2317839037561007,26.603404161962285,0.1227432944613914,35.43498128596473,0.0233663638112556,233.86061362876185,1.2275829166822392,72.76411552517705,24.6858143759692,79.18560482709425,36.50575158170183,266.8271515183737,1.4089332919103248,161.22921550507274,0.2036346817007187,232.98527392196067,0.9588948674746106,185.98634461194143,50.60692181857583,78.97085392213303,45.89660070076232,255.28531506532025,1.351102377466817,270.79830389587204,1.4014140540248756,16.05576389983135,0.0737704342493798,32.192525755815495,0.1699468893985745,30.02615114624276,0.3290566185069403,25.96875150995133,0.200050195471319
1294,3,1135.0,20260116114021960,3,是,是,82.0,base_info_20260116114021960.json,,39.56649988383381,0.683714578824763,31.3226668275333,0.7867613055441467,210.68432865362877,19.937938208559377,212.7016356443321,18.82655612788185,61.32523292343286,0.64989269145771,56.54343911486334,0.0682382299733351,189.0600562738572,27.878696843464493,213.60927602446267,15.068203287480811,5.77561640815818,3.158554139773548,198.4034486822256,20.784747091960984,34.38737853434546,0.1320395104698564,200.59855378201036,19.68995201120808,207.9482890687825,18.579779748199623,24.031091433844807,7.452203379781892,27.348643007658765,3.818056160550744,34.39365473573262,0.858085839636856,27.29429735829036,0.2976599545832662
1295,3,1136.0,20260116114025674,3,是,是,68.0,base_info_20260116114025674.json,,,,,,,,,,,,,,,,,,,,,,,,,,,,,,,,,,,
1296,3,1137.0,20260116114039558,3,是,是,124.0,base_info_20260116114039558.json,,,,,,,,,,,,,,,,,,,,,,,,,,,,,,,,,,,
1297,3,1138.0,20260116114042257,3,是,是,83.0,base_info_20260116114042257.json,,,,,,,,,,,,,,,,,,,,,,,,,,,,,,,,,,,
1298,3,1139.0,20260116114045626,3,是,是,161.0,base_info_20260116114045626.json,,31.151053278615198,1.0929373065196284,34.68715549598286,2.9467587364081904,165.8364812713598,40.750259667788896,167.36442277184958,39.29704812038995,77.73664991031244,2.3091456585921217,69.01579100674438,2.7357709827931465,171.68194204631342,45.39055808482648,215.08577196357987,22.00390359436668,13.954783209947744,7.439064257969667,176.7800809960477,37.25683469343016,36.14286374220754,0.8343002870679336,178.53083007881006,39.37774528104316,191.62155989914564,38.22028695515986,26.43563905933761,5.671240430729704,74.88412945380028,39.537778941022914,74.63181112196862,36.33158214044645,40.403580194696026,0.6116614946719366
1299,3,1140.0,20260116114048336,3,是,是,121.0,base_info_20260116114048336.json,,32.224906444398584,0.4013520617183712,37.11416676475896,0.2003240501946434,39.64187898145868,0.4695483189909163,113.36899842994384,95.97299339430776,74.67126454926428,0.1305172585537765,67.13034366273898,0.3677970570516311,92.96632657599388,92.42465441663316,186.37853442495395,0.443019475739655,121.44296318850904,103.0804389631768,129.25549938632687,76.58551219843449,232.36824333167652,9.435850378259618,153.4901280362731,103.0629775319244,85.29169632661744,98.84885865256112,17.283930169040854,0.2174170692643361,32.761494225289,5.2225938933748886,40.33362003807965,3.566234546748476,33.626680481819584,0.8100821495042542
1300,3,1141.0,20260116114050938,3,是,是,102.0,base_info_20260116114050938.json,,36.871118908394,0.4730587362026961,36.44855229795076,2.3379342279713646,171.437957451198,94.50892083987932,43.8111511582379,0.2978651809095636,70.32585969159346,0.6076504617681308,61.51018662576229,0.1652115408910364,26.7417526376818,0.1786283034461233,219.1386853042255,31.096549716879423,174.28422734831346,91.44675689489344,69.73750844572777,0.5661047145768335,124.36520768300429,77.16871969092128,127.2455906422277,83.22761944433299,13.478749571785375,0.1259721463561493,17.80774528441322,0.2445360014364747,24.963550138960155,0.7502903079519635,35.468137599870765,0.5741470911349663,29.08426229922058,0.5422287625156171
1301,3,1142.0,20260116114053131,3,是,是,108.0,base_info_20260116114053131.json,,52.003753642473335,4.661811952596942,46.014229871949226,5.92853929380448,168.12310252129697,37.449260577111765,44.55108735773897,0.2130588209212857,115.70811555954144,42.99659358978572,151.94994190619832,39.56327197375072,182.8826022940701,37.828520178587816,208.6335770052256,22.620617002061056,170.02796148185217,36.459246873277,157.69563095231695,37.84827254565064,154.76175067072344,42.16324114730369,169.17749854458438,39.40034011755206,181.72460528476816,39.907560585596975,15.298030554254154,0.1229483138070511,62.80748661231524,50.61890086620815,62.66268109795237,38.891627269344575,27.800028126757272,0.1361813162628951
1302,3,1143.0,20260116114055695,3,是,是,87.0,base_info_20260116114055695.json,,42.18948321762861,0.6202001116401044,27.279041282813427,1.0626100344122398,201.7988142395044,18.874120903839536,42.31614862969483,0.1014950963539281,148.63987717847087,64.38808827613606,172.8287081010187,69.99333750240146,52.73976664705848,20.127626110956708,251.08272547498015,14.126578727551962,204.24360369220915,18.48042634005709,168.88640602539863,67.45399283162655,175.90728761806884,80.0116020564189,31.815620405794647,12.040048752797304,50.453770206205725,21.809073320688096,14.83581146499521,0.2679745005957731,26.32928227655168,0.7650200493631922,32.41445938085929,0.5314849124334078,24.668393420774795,0.1896239746332466
1303,3,1144.0,20260116114058498,3,是,是,150.0,base_info_20260116114058498.json,,44.09202999557157,0.517587122752992,38.74474082132391,0.9214052594379666,231.05450146484964,10.238470195070333,49.94575459302382,0.2777618759618143,201.7080835483308,6.977990335738622,226.3650526315913,7.9746335481280175,28.463134532569644,0.1831743180439978,235.8612712601059,7.287886858857663,226.9881478818861,10.052853446272692,230.2979564899701,7.712235895404503,181.10566718633035,49.4938630762634,59.984386444685335,45.96105807751324,17.236718722582726,0.1971929714524478,18.816213085730507,0.1788628517074185,38.35095684946642,6.263414270357448,41.71736951254684,2.92939871517816,30.096076343359112,0.3028438550844681
1304,3,1145.0,20260116114100886,3,是,是,107.0,base_info_20260116114100886.json,,40.90054316134166,0.7990987035941561,33.433866230446675,1.9264064190400143,39.97513476255779,0.1925465939593199,212.2972843456253,19.53787925891384,192.1554096367768,12.927431247221897,212.68918786774623,14.385189507759554,105.94155930872265,56.34683628606711,176.9123670594303,0.966548195569944,220.7944039528311,19.24644048753012,11.22611558153651,6.129878710210338,208.93714352400843,14.909846413182962,202.21218207746787,18.766466552157343,211.41316820295376,18.78275709068969,108.87217555684276,70.95602170018796,101.68488711115788,57.68851985635079,35.577198811988424,1.0116062748550434,28.033009863125177,0.4179237025206164
1305,3,1146.0,20260116114103072,3,是,是,87.0,base_info_20260116114103072.json,,34.34878746087039,0.9892742579760652,29.55713375311846,1.2593043269602422,114.00389474263916,61.23615584603067,44.05025960537214,0.2650525388950194,65.21676510126814,0.959409184183612,61.86955845757664,0.0933605618760121,24.131211975913875,0.0948607374848655,174.95870535570432,15.022008251639305,113.43225129058776,55.34791545559198,64.66453992119759,0.8148037543587024,220.19003465885487,9.075099581573122,228.7046053653116,8.371177509726353,13.315490289975624,0.4850304717253414,16.013561462839366,0.1652870766923581,23.972621484588306,0.0732538402358953,36.23972667297772,0.3910388755647895,25.9897021729238,0.2274701117823309
1306,3,1147.0,20260116114106027,3,是,是,265.0,base_info_20260116114106027.json,,24.72092667749486,0.4751580645833318,44.564090035999534,2.496333958410348,171.44931666343095,39.99799906327748,176.44403110331555,37.329729497264296,88.44299457114987,1.0968034678979388,87.08453853509002,1.0849925150490345,206.8245822990408,25.763890684569866,208.860754501708,21.740818762461465,15.632964122647238,8.209004648248962,178.76679811389283,33.38917027106929,194.28360430778923,27.12310668811714,17.890148060184675,10.082310467986472,210.1881633577983,26.93642499130811,20.51035639663267,0.8089518732641551,83.09596712756188,42.50278373469122,67.49297015166654,30.65727958816421,43.80538121017809,0.2765914355758787
1307,3,1148.0,20260116114108599,3,是,是,99.66666666666669,base_info_20260116114108599.json,,38.56389303693376,1.7887033487118158,31.378480247732625,3.3098528957452387,176.4840373883113,38.93984896022609,179.7938242435066,37.6376902713295,89.2977066076739,38.711191813276976,87.85210144312227,42.34059497261506,21.74814976757563,0.4340084704663289,193.11714236133216,23.549768475145974,12.078179089502656,6.288673111706255,135.9273650164545,67.35634714227768,71.43292241397933,50.71598698494147,22.484575231997457,0.1447308447522645,16.905600090790227,0.3801990123437714,15.134750054661115,0.1551291646249035,58.69687798877491,47.909077623390566,64.71173522895548,42.70191095225815,24.232001371038766,0.3017000514452254
1308,3,1149.0,20260116114110980,3,是,是,143.66666666666666,base_info_20260116114110980.json,,31.773639997649717,4.684566802421056,32.69312686916627,4.456078185768047,146.72606168251124,74.8857377833061,46.39446613052059,0.3779775917439454,72.72672593301907,1.175829755153559,69.85664259786199,5.046096093369677,26.83511339934314,0.305018862345628,203.29719787724392,14.472255772600494,148.9087687998126,71.54023552486352,76.20446101116777,0.8938451866246404,44.0858281729056,7.810221693765374,45.37273704461175,9.675871526630068,15.600576968788353,1.2841697265598218,16.87204430232332,0.2343031154005032,146.1592398386537,27.592627401485835,124.90032014838503,26.223651711762408,34.197687990091794,4.580845148102104
1309,3,1150.0,20260116114113575,3,是,是,85.0,base_info_20260116114113575.json,,31.222584436404336,1.0874378063771155,26.97676017520848,0.5700236896232979,157.6067476636488,27.792299185964414,70.4650951902093,41.66932084812132,66.90425669741711,0.5225139195173406,58.633712098156856,0.2568764641000702,212.8202851333964,20.47699357042605,197.94409224804957,16.716284827848046,119.92905286374456,69.5666624045152,87.48683372643704,33.64646278055828,31.488491433176467,0.1259964379640101,206.74156932820543,20.42885848953941,216.1651911969068,19.713713651608774,15.575702303413964,0.1463949618790393,91.48830460552942,59.91528846542346,87.55248059842472,45.30486369162216,131.52031038207667,14.8175700259047
1310,3,1151.0,20260116114115919,3,是,是,106.0,base_info_20260116114115919.json,,33.028429442268454,1.6459826478707038,131.6762555606885,69.35625171637273,153.9980530013053,80.1488350136844,55.32679704710731,69.46817282707097,70.93267620113492,0.6084828773681745,70.73697803004957,0.4348368234623541,171.70069922644316,53.982567447630124,167.31807367313107,2.9589575566228423,202.89878868985988,20.474460660640467,205.33016343906692,17.646177928837943,34.55675696819309,0.19542497445405,181.4113490899077,44.28179131053511,191.30443527779207,44.774145403219045,24.749786404584466,8.10910921325377,141.2639622907126,84.19686447878797,79.51393312827051,77.00647729750811,211.92712114348836,15.12537033976615
1311,3,1152.0,20260116114118347,3,是,是,115.0,base_info_20260116114118347.json,,41.86391783150446,3.156971880165329,31.97493251419285,2.0227702827599856,173.62105242829307,39.83759209999248,178.39156357996407,37.02378795957989,102.24998943952966,54.69876952441911,110.36180351131912,66.21930204570401,183.11964803397825,38.29053132211779,207.6166032898974,22.193588375470643,12.914469772713028,6.864739855369865,98.62139076044774,67.62430484868463,84.16736325708219,74.95106955111027,40.865947164008254,48.99829905132341,183.9534042689465,38.44134286203586,15.645795234760136,0.2350758586135725,36.7377997430098,1.167619130425129,36.546826022648965,1.1765023022924308,27.282970312192017,0.7243184181563455
1312,3,1153.0,20260116114120630,3,是,是,104.0,base_info_20260116114120630.json,,53.24636286313727,20.576286287999928,43.391559548560814,20.02943451513181,38.8604372664933,2.103089433840129,42.67041716514414,1.6484621789127178,86.21126640680343,12.142954189117608,62.61737102467816,0.7372248668241885,176.9415352770757,41.26012880036185,171.01581571773838,1.3278249247563076,42.85364714185767,0.8424793739484998,69.4016728817454,0.0493824149573277,34.56878372270609,0.1342308136903681,170.70827185404468,41.59124777214874,180.99583321508985,41.16689842183676,17.182358543733066,0.2392732776961253,24.013078421130643,0.7548998083580296,33.26433048737059,0.3254512490380122,31.029394832548363,1.1618015422301635
1313,3,1154.0,20260116114123240,3,是,是,101.33333333333331,base_info_20260116114123240.json,,37.873122934546274,1.585050338985932,27.887673367936944,2.6535728422511413,38.35830537126869,0.1448517277125064,172.00615805960774,36.82653131043292,113.20463014817636,42.00426852216884,121.86908340224916,48.48206093011361,104.5000335855966,76.25224509412621,172.1270816539827,0.0335838494334588,180.7133845231227,36.24927094369729,77.2847415626792,73.45757142956742,113.01980028648263,56.57995423635721,168.26720083832654,38.2706510113576,178.6526429079294,38.234133053252194,83.70053622983292,96.37887251157672,63.900016887675925,48.983303382475086,111.06731286814244,61.82951863869806,27.5974468779883,0.7016298129687355
1314,3,1155.0,20260116114125746,3,是,是,121.0,base_info_20260116114125746.json,,29.609609767999967,3.683588589700847,35.79090057312769,2.642554161092922,177.64003835926374,40.68941037799286,46.01309604587493,0.1927160894765471,63.00262442713219,0.6733139278003673,69.5256351885041,0.6888843504271659,140.56423005429772,54.00689713478395,192.0386780654144,21.293178723679887,175.15358755349442,40.35493138027466,74.23663050337434,1.1717210998744063,39.85655287301322,0.8122605253584827,166.19650743485076,37.37981822554802,177.02671015972456,34.74042190321848,41.35213010951528,17.666010615032967,138.6480859258209,54.367463901046136,172.20126104055657,35.108938176671415,46.222640568169055,0.5923568060323361
1315,3,1156.0,20260116114128203,3,是,是,140.66666666666666,base_info_20260116114128203.json,,64.6451790780368,30.74014932824671,34.847277661590475,1.09581559470656,171.3191658520739,39.68713037514604,178.4203610448682,35.53804641957167,75.7796541446447,0.0918860903461683,101.6220137818414,29.236194704790105,41.66393288957255,13.09375256486558,203.30533353369296,21.13148228934772,14.453832508922792,7.89089452065796,180.5990546255381,32.8079179584471,35.78006479139828,0.0657643914495657,40.006358587031045,10.92818673509506,37.49421212943,16.63394039370611,18.65555448292508,0.3046149254423109,30.208255076338087,0.4853653044723066,35.191442729891776,0.2041054433835092,67.48354260318473,33.187410726475846
1316,3,1157.0,20260116114130601,3,是,是,163.0,base_info_20260116114130601.json,,29.67391490887465,0.4915321492486761,43.70825719916669,2.021320509623132,182.1165145570368,41.7224989448202,224.73312884340723,19.8451902707136,69.24895583711748,0.6071808151412925,63.93703862793017,0.8106061999518556,81.3933861603934,74.04396916642055,193.45708288537085,19.10565634263058,44.2723230502666,23.037614879415383,200.0357103584325,20.23092776759195,43.90288216793625,0.5647898797275218,77.78512837030742,69.5335409014799,72.43908460481329,77.77141373272234,19.341255432017302,0.1891682924937644,208.0944814170689,17.683208099653967,206.07729084335085,17.278027758892332,38.928994443821686,0.5513707844828507
1317,3,1158.0,20260116114132659,3,是,是,70.0,base_info_20260116114132659.json,,40.84775312930105,2.031318366902376,31.836408186902275,0.9980903383625974,176.4643866910046,35.04393634248092,170.45206388803683,38.63496269144316,60.40204850741488,0.7117345298025638,51.34275128982674,0.1471659774261249,56.03198694998317,48.33577772837188,201.5898499097049,21.84909488291121,11.602674026176205,6.5353953679605175,170.61711587257142,35.55221938928888,34.04526674557194,0.2474118763530588,52.66469549076263,44.44097460588925,49.09593199724191,52.39885452097644,14.860372581019526,0.0390576956659411,29.230465230074525,3.390219997289347,30.674811036231745,0.9588139316765208,25.26285951756798,0.1591883860881099
1318,3,1159.0,20260116114134803,3,是,是,86.0,base_info_20260116114134803.json,,39.04773017109802,0.555059459443332,32.66601869691481,0.4384536947676451,168.2710877106559,39.44085237066588,170.5978109446768,38.07894325494975,111.70315125766008,40.81596058124286,123.39637338865388,53.74658553579246,21.539603997898222,0.547926913199133,198.0644404510756,23.4935243153901,11.195448765345162,6.028244975092428,84.78234486228962,85.88098025162371,119.55227672267506,63.70606773709135,23.42596063761191,0.4780172872366821,16.41461993618392,4.193654916696283,17.669806777502263,2.523573307186954,126.60439436137476,77.42311223903287,123.07380961368948,73.92966875748446,26.146737197104372,0.3896602690319117
1319,3,1160.0,20260116114137383,3,是,是,108.0,base_info_20260116114137383.json,,38.80432402857992,2.323323953281013,31.980476795404133,1.6020266956109095,172.5982178280307,37.944758712663486,209.28560037938573,18.324385026907585,159.13630341233917,32.42198815605048,172.8195135328665,38.66745441347115,59.18185895410965,50.47970827709283,204.8096781243532,22.83720911844051,38.374263696025565,20.76743509300559,30.730011846809457,20.22103126639551,178.5076920873108,38.4827297960331,56.006929324866825,45.78587622924098,54.15097214837814,54.46864973442941,15.508142402761765,0.126304478995512,155.3683237707367,27.247256591952816,140.00360655742762,27.52672553144101,24.936708656096247,0.9645212463443008
1320,3,1161.0,20260116114140077,3,是,是,56.0,base_info_20260116114140077.json,,34.64109323944143,1.0557011180074858,22.80443750268139,1.2043786494574125,31.702979919836224,0.1899613472751015,39.300016402553176,0.1132555364839189,192.78392638926923,16.930836837374287,215.83035833854345,18.719080918497003,234.4211458906998,21.463868858451463,136.90617618696407,0.1999004571005959,38.42002440276756,0.0938642008289513,203.27734257601648,18.670635197110947,225.97796562453664,19.932411671300507,221.83006705868772,21.88725775912537,236.2643658495592,21.098733710281763,12.95157059824164,0.0537058363275204,20.720273151204307,0.3671926355008824,26.955614720775035,0.2898578736411141,22.03106761711078,0.2019720597352798
1321,3,1162.0,20260116114143420,3,是,是,117.0,base_info_20260116114143420.json,,37.12363897064987,1.9418436416014413,25.887010865946014,2.295712470207443,162.98205002787486,32.36560955240988,43.55106804246527,0.6597435998565309,72.57014875110588,0.3183178128946249,63.19574557296794,0.6475047519868723,44.88290081021307,56.36742314722673,208.3770362536966,23.113931794643907,170.35272415101804,36.61830567857688,70.78682478906995,0.8193397666262906,34.86795739682493,0.3952197975872443,169.96290786425388,40.62600497173316,179.79944579443807,41.89545826956742,145.49936408422272,91.7808392579703,134.1902581919783,74.15604909639117,33.39654384406362,0.4851062968186879,30.38221711176018,0.4609349901980116
1322,3,1163.0,20260116114146207,3,是,是,122.0,base_info_20260116114146207.json,,31.43997838267919,1.6005253184374624,34.07691946952419,1.682056449215321,132.46890167347718,39.474175810170586,44.734636323072245,0.3248974230697538,70.46007331387322,0.8006493284455977,64.19795337994546,0.7005148295568666,28.99657386697204,3.2817465978187004,156.3754370986835,17.6042863727214,134.74798198608678,38.91209901010075,75.51505473036691,0.1516014067970899,85.11369987104374,69.15653305764462,88.77239039804972,58.2735514416767,19.17716956866545,4.2147273978163895,15.877024176799807,0.7253574889498637,28.31216374006381,3.535020646291499,36.58475521535886,0.3728952028415553,31.966972397174896,0.3927144904479167
1323,3,1164.0,20260116114148397,3,是,是,98.0,base_info_20260116114148397.json,,35.027127609180695,1.4168589014634476,25.89611009138358,3.0222445892430425,166.27147614936948,39.98415672326575,42.462245997312586,0.2564731134302228,66.08781506099763,1.3746317263931842,59.94802176142444,0.2549390399381441,24.757904415845186,0.0253046793487555,198.09242431458748,23.221035113916024,167.7038269510361,38.69647453743273,65.66604810186924,0.1602009117459443,160.89233850332508,40.47988960527789,179.98837616991383,35.9161375250554,13.941021013363782,0.1336030131816359,15.85520064111705,0.2214670017797011,26.101835797090576,0.5539952216543322,35.95906183321036,0.4653458905687527,24.923936540338868,0.1069649685008295
1324,3,1165.0,20260116114151033,3,是,是,78.0,base_info_20260116114151033.json,,40.948897235814286,0.9591898115369594,25.963440166023243,1.6604771183815903,169.0073807186574,36.99538935578407,151.7790723904732,24.750831243786557,154.57711676121838,31.18081490462801,176.17262768724504,33.65383804856133,60.29485330511485,51.25760902650716,209.59739948519004,24.45605595790938,29.5708624388911,21.349831037803785,34.16137456618876,19.51573690096784,175.49660736206536,39.90148908478854,55.75934635620424,46.47190658577652,55.91947380317293,55.58009352117005,14.9831768243208,0.1759538668393359,24.535712888719477,0.6947793473315252,31.431451822990567,0.3010533931274931,23.146660810031847,0.1126824071178014
1325,3,1166.0,20260116114153516,3,是,是,111.0,base_info_20260116114153516.json,,35.05577197265504,1.5552344187566534,28.491944947893916,3.388035579843722,200.1714625259993,21.898824142908328,202.5923891646724,20.300397394397272,61.512047477740055,1.0199867344652307,62.49613622533311,0.2549711799733899,220.66930828253123,18.03037456482209,229.4950271233066,14.709130476919327,6.6923070241089135,3.721137880863364,192.2227131942101,16.053716065969848,68.13041762990214,31.21104115886663,79.05669130961846,44.86686651388501,14.98204585108384,0.3276622012123724,222.39838215389668,18.98067971601624,196.60637081892136,19.716186858332776,32.78127953452742,0.4610924262141236,38.6869164591562,0.3126905304826413
1326,3,1167.0,20260116114156143,3,是,是,194.66666666666663,base_info_20260116114156143.json,,,,,,,,,,,,,,,,,,,,,,,,,,,,,,,,,,,
1327,3,1168.0,20260116114158086,3,是,是,84.0,base_info_20260116114158086.json,,39.6796800687844,1.572081070178128,24.70662325401568,2.565176961054997,169.0676943110351,37.04239303491936,171.1640247951166,36.09469072078318,158.2498531091965,29.528216919853573,174.27308069532936,34.60012125523659,57.87910058751737,51.16359130120656,205.24477436952893,23.922010236012017,11.901353071553956,6.346165384215911,17.327616716416124,9.272817701853576,144.6417530439216,29.56727959798286,39.10559411666333,11.870776544807256,52.55920536120723,54.71805959791488,14.191713490613855,0.2596759587753165,26.64464997473563,1.10813008403962,31.374562478972752,0.2494936969670423,24.33467292760415,0.2604873418379392
1328,3,1169.0,20260116114200825,3,是,是,88.0,base_info_20260116114200825.json,,43.66878076379936,1.3923109871126869,26.386192725927295,1.425294816043645,172.91219900890238,36.14485018943329,105.26253211706204,18.257398709284026,112.56425436964795,39.704202377244414,134.48796816258326,42.81940215591125,48.73164393716598,56.80469666879711,218.0805095034085,26.13106726682344,78.8774925781504,42.36206631266659,64.07498103035512,33.92243932128339,140.86354004542866,45.73366122943551,139.16613491782851,67.40783155040097,150.45290346811683,68.06933562539622,189.25545581233584,44.41169280429805,180.7943046845871,43.55794249328152,32.2854300366135,0.4722013130447343,22.943797831917635,0.6946450625769037
1329,3,1170.0,20260116114203504,3,是,是,157.33333333333334,base_info_20260116114203504.json,,46.26258041606561,1.5968437023899158,36.57825245181403,1.378797027268116,118.5023954992218,57.210007549177405,179.3342764475997,36.27516287542111,99.18947013118338,32.357337183480595,110.18262395513813,40.29081518392235,120.04184518579424,70.74688887325343,199.51912659783105,12.800816298078937,79.67006601595001,42.12136954199961,89.15477110365663,40.69293598873385,92.85917294889026,46.38894951956844,107.86246348312392,59.4433832279332,116.15973954830612,73.95564904943707,15.543611820327351,0.144212346055164,88.36967750862583,38.93648165374494,82.4291011115462,35.80085086458126,29.80468055406668,0.285479875292601
1330,3,1171.0,20260116114207082,3,是,是,102.0,base_info_20260116114207082.json,,37.24238553450848,0.8284964229448637,30.11321326949137,0.6196229051971309,36.85096460476649,0.7545857095657579,99.47954354860474,78.77135305284973,104.548884017001,57.42830420864387,115.56218969868704,64.80148694521202,169.25132052358745,102.34977570282494,168.58255237214868,1.6046073654628386,100.45483098312802,81.35369594806103,53.84756468404958,33.085734775886145,190.9135960571839,18.081596086714864,173.68522862741997,98.7396015658702,13.980743149017362,0.2157546781311476,167.82977654269553,107.80815583622103,62.40541928577323,54.77193637486797,177.20384828588678,40.793409795964685,26.04104252511998,0.6329975005952342
1331,3,1172.0,20260116114209447,3,是,是,69.0,base_info_20260116114209447.json,,,,,,,,,,,,,,,,,,,,,,,,,,,,,,,,,,,
1332,3,1173.0,20260116114212581,3,是,是,150.0,base_info_20260116114212581.json,,34.54319776585974,0.1381469670160842,34.74976116875761,0.5322716742628316,207.3888724512597,19.86063506507101,208.4436491036083,19.267737534603825,66.38671635569021,1.9976139213385693,60.17024297121437,1.8232573383438129,215.1127559539944,21.21413131210136,234.9213579904108,13.386087440706962,6.583614640326435,3.604266806378176,193.417961021008,23.534165022279147,193.08358951507756,23.94741705699593,5.596180172638327,2.8595660180960425,222.2613454198473,20.74577045901656,18.91404250607168,0.5205656148663035,152.26148972712852,29.901743191287714,133.20658342014468,22.148879637547736,32.82432162382954,3.079798692163665
1333,3,1174.0,20260116114215882,3,是,是,100.0,base_info_20260116114215882.json,,33.06490500831159,0.5518553818903557,33.726497959524785,0.7409397358907325,212.52218220558237,20.412844688353644,174.31850867246845,44.27190417959273,66.79897152409524,0.5496582847846667,61.60906962848409,0.3240784427042509,10.764143718321938,6.024976934991448,210.78661905960175,15.071570678144738,47.127474392437456,55.24947952764995,165.37328070199663,40.76230467269696,230.8600553939797,4.48401341446924,16.736706997789057,8.941740970146261,214.79702414840548,13.489334518120812,204.4537810065877,19.286921118560738,190.8592366981369,32.33836290588527,149.48701476671076,23.25335404097492,164.5572839599427,26.6794621675758
1334,3,1175.0,20260116114222849,3,是,是,82.0,base_info_20260116114222849.json,,35.88565247399359,1.42373632816533,27.522664038456924,3.180451221578995,137.99440315584627,40.18174731075784,186.7979848260161,37.64928695673693,122.9620548126925,46.13379441439029,126.81964640814935,56.268189718648266,189.6209671174181,43.606741362835606,161.30005267826476,17.690778663143544,56.847520997077005,56.73574928071074,63.79714113549715,34.12012678688999,66.55213665880709,35.28467325292806,18.52868264988567,7.57917354509516,183.0152790182631,45.29452534109234,15.393361553754715,0.6759010798888814,27.88531286055525,0.1676045043929831,30.13934468351573,0.1429537311201126,25.035290034641942,0.2561613458351454
1335,3,1176.0,20260116114226552,3,是,是,82.0,base_info_20260116114226552.json,,,,,,,,,,,,,,,,,,,,,,,,,,,,,,,,,,,
1336,3,1177.0,20260116114233398,3,是,是,46.0,base_info_20260116114233398.json,,,,,,,,,,,,,,,,,,,,,,,,,,,,,,,,,,,
1337,3,1178.0,20260116114258388,3,是,是,177.0,base_info_20260116114258388.json,,,,,,,,,,,,,,,,,,,,,,,,,,,,,,,,,,,
1338,3,1179.0,20260116114300988,3,是,是,136.0,base_info_20260116114300988.json,,118.2482582079348,49.6044130559772,42.7424794560934,0.0951640239655137,111.2038140946978,60.21468245137015,50.14387789421125,0.0436243985625361,210.10165349205823,2.025848925821256,119.80119243878988,85.87658157694389,88.93243757000141,18.74999656233613,120.9142706058583,34.42628194674461,104.23508571390828,56.423301570722536,237.8844661507092,1.9730912174967117,221.7333700276042,2.4589357121507187,143.80595450330273,47.39462981930218,77.08819917961644,41.85606487559276,95.09425329653526,70.43841622041941,125.83610567956786,98.65000581155888,241.9689525443749,1.8195920230155436,132.89211027299712,76.42437961015581
1339,3,1180.0,20260116114305229,3,是,是,102.0,base_info_20260116114305229.json,,37.185714780571445,8.578735182191002,29.23890988444599,0.7645408396180381,38.120406371544185,0.1136316227460335,43.74830661532384,0.2221231883777688,99.84396166024872,41.86928839564206,108.0428336752282,49.50029732892227,56.99297137585631,46.047278503128624,172.97713765497713,0.1339675961380955,43.51770435880521,0.1814943618578208,108.94848905257264,54.94583052057767,92.264469318456,55.33070651325336,46.18767330360055,10.433489307023128,51.15394967174896,52.08305128054872,15.3883225426745,0.2781176080707434,23.31111525782532,0.2583568965316568,35.65251892766028,0.3223883150885259,42.92270368876594,14.353201137713086
1340,3,1181.0,20260116114308338,3,是,是,124.33333333333331,base_info_20260116114308338.json,,74.75024950113958,27.576024819865246,33.194097272542024,1.5658562041685524,171.62337698283412,39.28571137809479,174.1452566251453,38.17197024330955,69.5825101597106,0.8209426881119507,109.54886496256876,23.31055806448699,33.17923876293093,20.494125062873263,155.82559615117543,57.11323918580794,12.522309896704115,6.415350997939078,178.6139931147143,36.3363103656602,176.88948750474606,37.75748095382771,75.8645908989969,41.14567004909999,71.36186172295449,79.71717610592943,47.84508179420714,53.59010975230658,83.15121399883787,9.544438634530351,41.61790788854511,9.862275058971608,75.55139481274642,25.10085887046343
1341,3,1182.0,20260116114312947,3,是,是,177.0,base_info_20260116114312947.json,,45.70296489467176,1.5872743592093688,23.076500872889326,0.0650037522837891,77.04724567701884,38.60767909365219,149.93077067824768,65.70932534679,65.8182269461614,1.3115354660833245,70.50189940270438,1.5426847670163697,222.40381880325825,16.93937663913419,151.0981969613451,9.800623719107108,101.1685173549828,82.35512161471998,134.08098720208287,55.14462023696271,192.7078840526848,48.03349482737069,33.88299675848876,28.103340426223376,216.54670479562387,17.332223919582315,18.39239116016091,0.3652598036909825,32.57200305144388,0.3699453812598307,36.49898727335937,1.698524634429367,24.107095999217567,4.2366891192283695
1342,3,1183.0,20260116114315362,3,是,是,104.0,base_info_20260116114315362.json,,35.08272838914672,0.1036591071016746,31.815918013825197,0.5313241843571186,36.912076270602505,0.4522058709591758,43.21155135922587,0.3004631719370655,71.07872223690721,0.0947196794393067,61.50144781681522,0.2018799071941079,25.56696779106513,0.073336037584306,168.1829390778408,1.0180245302565596,42.1780150935322,0.3256382712809287,67.85120502658562,0.2490141159731554,224.0647263809105,9.297960336492975,232.2523853577126,9.32970992435522,13.5554103932206,0.2388038493392021,17.236662646256686,0.3401273407724943,23.16863329321409,0.2708674602076367,35.354173815511025,0.9441351633380418,27.664830684344803,0.1439767073849328
1343,3,1184.0,20260116114317824,3,是,是,128.0,base_info_20260116114317824.json,,41.046258231699845,1.4700281714453616,37.204637410760334,2.200567571358795,215.760677845082,21.622081446643325,161.36958208050342,80.85101496508051,191.89263674311997,14.28791386664436,211.16083003951508,17.75455558914628,3.585408461536923,1.937002372228352,212.2021334927356,17.61753826037525,76.80650653254466,97.34745797903132,81.19187215335103,99.18719715413263,194.6489392253173,19.39264013855012,194.8209959702341,19.84548358161209,207.10592660089463,21.413681257904305,209.11123763941345,20.35281991922237,196.6019141852989,23.84350961314285,39.73947534218741,1.2664772819410517,25.97659269204786,0.4692135521137174
1344,3,1185.0,20260116114320337,3,是,是,123.0,base_info_20260116114320337.json,,120.00349445268904,31.755968620070657,48.24173049322956,36.46044619665843,72.55200775485443,42.83488940081598,75.06134498485397,41.288321849657954,75.36886889442297,0.3146079293467976,159.09340306810796,29.878805465061728,164.0148231737086,98.09223532241798,178.61549086211002,0.6052379932460887,46.3415836262806,0.0466784953525123,71.38620026202693,0.2846432108168538,37.60639882653088,3.26717541525081,160.65699312836452,79.9575664927381,163.20424479861722,105.53275809024242,15.922018881533964,0.1475453004076363,34.74660891314838,7.412412983697263,34.26457128724483,2.859081090854989,130.6004923896156,31.82973485055002
1345,3,1186.0,20260116114322702,3,是,是,76.0,base_info_20260116114322702.json,,,,,,,,,,,,,,,,,,,,,,,,,,,,,,,,,,,
1346,3,1187.0,20260116114325469,3,是,是,90.0,base_info_20260116114325469.json,,46.87526579692155,5.800302852179224,42.6098320296605,7.747307159700412,60.11646426486982,32.30113071659848,42.656557813419205,0.4746608697864637,75.69790074936209,3.156922623799635,58.33734127549857,0.3533815685899628,29.16777952421131,5.925265867874074,171.77765710265035,3.351624660804866,64.44868840717798,29.96326713167126,67.26715765888565,0.4492340720897816,50.144795314277566,10.135977732827806,52.70816450325832,22.20509383567618,20.964888067088363,9.986851535649096,16.22793751385483,0.1810716715499185,23.126297068624996,0.4130086715996404,35.77890641978517,0.3169821107531275,27.79569760932273,0.5584600576230857
1347,3,1188.0,20260116114327737,3,是,是,100.0,base_info_20260116114327737.json,,40.08518882025712,0.589252623613045,32.45174799661742,1.4076093294182896,215.47026415929983,20.906494570188563,235.7321329522807,9.810073833028438,193.79232247508995,15.018121505443382,215.5849297964471,16.828001593516817,63.29995543490077,70.32357577099967,220.28595424182208,15.041464265936526,20.892029336072927,11.466043128857304,15.89946671611485,8.248117032356404,205.1741839146952,18.976571921325476,204.0763575747178,19.5711994674682,215.36767241414807,17.90615057307791,153.42585247001776,86.13949839367194,139.70249559409896,80.69327317871303,35.52131352590022,0.4361731352965509,24.034122483237518,0.4254277666499055
1348,3,1189.0,20260116114332563,3,是,是,158.0,base_info_20260116114332563.json,,88.62430191061458,44.83040489689861,32.172288961274006,1.5469988171558051,84.46175371134507,60.15487792050258,46.91960769400628,1.0540354413421136,78.71337076169569,3.979188524205232,126.9583417028803,38.87409550633402,184.0969772971433,109.84613106581097,202.527955706332,16.377790625576647,89.58629092691815,65.3741461180191,79.95529982450256,2.8378557565443465,176.6872707856828,29.85047633681864,117.2981481107147,73.67766495442268,181.71310841967352,118.13581086852108,18.81619953386139,0.283263663687762,27.582495417284964,0.5759014675215043,47.32550600674261,0.3546909897956515,97.23587168547772,48.36340862142512
1349,3,1190.0,20260116114335831,3,是,是,122.0,base_info_20260116114335831.json,,131.4326145951311,68.0655643839645,32.90729957000858,0.6856584684269247,206.69539968087253,19.66837916615601,45.44218207503568,0.1068941391460721,75.62016510139826,0.2870587975832496,162.32081883223665,68.02767739964935,26.7196436015782,0.00424692804765,226.9970135269044,13.930712107942618,211.845395529182,19.45274407280262,76.08876558213142,0.360873954936577,103.71663611524548,49.33675090672905,110.44852411683262,50.53550661507865,15.149987905036484,0.1821961022189324,16.428138870943258,0.485467407524782,24.59009188179633,0.5682760994990119,38.24031648640533,1.2126481633130626,136.5772829587864,74.65096049839842
1350,3,1191.0,20260116114339154,3,是,是,85.0,base_info_20260116114339154.json,,42.89083657015957,0.9195615903677228,28.9912885693698,0.2302483743501426,220.55666205855871,8.378313480958383,220.3228219186689,9.0339583641911,95.8425775001903,50.88950539422906,100.3711232614908,65.93063153865315,162.1098364431546,97.92300086869996,200.07825536449,64.61633582051935,2.989215367479141,1.628513946049034,153.80852429047914,79.49902965058341,93.49695564189614,76.45500788075984,153.6255387577637,92.87176017398636,109.26731078430988,91.06862839990588,59.75307516477248,62.579693045679655,65.66783607015434,51.659914848913886,61.4848443705472,42.95760254391679,24.688712237795016,0.3727060672731985
1351,3,1192.0,20260116114343413,3,是,是,106.0,base_info_20260116114343413.json,,31.32417068450972,1.4627962133123509,16.977860204470847,0.3625589923664754,41.28168676602972,0.5642334834753374,45.63893725368865,0.2772094290970152,73.09761671007841,0.1619595692879776,61.30594249460887,0.6380419261380504,64.21592354225214,55.16750784422359,172.11382403141533,0.2778557373845209,43.76924224969466,0.2019346545376804,68.9480496607681,0.3624478032984797,34.33744301023124,1.0136313397518453,38.3487642829001,5.612431684514417,14.453485489702537,0.052520805407723,57.18343144039712,59.0681501139081,56.92046765412096,42.56808107777983,37.69532470094719,6.226754077544726,29.1176385012169,2.764164087572964
1352,3,1193.0,20260116114345447,3,是,是,91.0,base_info_20260116114345447.json,,,,,,,,,,,,,,,,,,,,,,,,,,,,,,,,,,,
1353,3,1194.0,20260116114348834,3,是,是,181.0,base_info_20260116114348834.json,,180.427070617288,18.871030843612555,24.00288004009016,0.4437934216140055,40.58846629573784,3.5689668578535443,200.08870668652037,8.921044284275544,199.34473348539845,3.620696143766665,19.397221388773637,15.682596439637232,244.3556557824704,9.654014418989222,193.68544149470043,2.777086048023617,212.8283583055007,19.036265469269296,9.909500191076033,5.265139861374057,53.24823323220883,36.57132914332783,46.03102104704298,32.17430064806047,245.8843177666134,10.0886981957301,17.289704337413067,0.3969839338399088,27.777439543348294,0.2202923787721241,45.246449613331954,1.0869376999552405,193.2217706027716,18.90406617057893
1354,3,1195.0,20260116114351180,3,是,是,92.0,base_info_20260116114351180.json,,33.53741683612069,0.9117331402890436,28.87263219630675,1.0943875168418336,164.5720287316879,73.19887439048622,41.81862714809416,0.5607501510941771,68.67375183913649,0.1749823788310594,58.80219612622427,0.1643823955455619,151.5443353366227,39.160740498784335,207.55190574642108,36.72551260496252,166.4491554622165,71.95154901525987,66.36387048207239,0.1298471930580499,115.42373861897688,61.92981405683564,117.3787306508185,69.0722803488756,13.208706945018498,0.1934510951331698,151.8715402365735,39.646402772879945,132.16273924174553,39.38913052935979,33.85813998746437,0.373645259864786,27.080267902402124,0.3026653958857407
1355,3,1196.0,20260116114353371,3,是,是,150.0,base_info_20260116114353371.json,,59.41745347766355,32.68894512168122,32.111070423674185,2.0757231584719733,43.90843187094305,0.7582417212187804,143.73302349579924,69.11488843786488,78.60398440484568,1.2615798040466997,93.51630655171196,35.43296262674144,73.18819988857791,59.766691022424496,195.5366704274622,0.2662654457701924,153.57562220923566,75.49825461703372,160.65741360239383,57.9755489772911,38.43711225190845,1.500508990393957,80.45789813120422,47.0770319544586,64.46754148488967,70.20169295231194,21.37160560189752,1.4663123120640371,29.49691907431261,1.109751387498519,207.72435119668685,22.314113409010435,160.19927416256027,59.59421781628339
1356,3,1197.0,20260116114355838,3,是,是,61.0,base_info_20260116114355838.json,,33.20118978115341,0.6439683105046207,55.38371495737885,38.48839130317178,76.28443335418241,39.07707776777767,79.06965258755964,37.60255063699618,64.01661882299193,0.4639140901121287,52.25927644882548,0.1162303745953976,91.15098530842364,96.00863303434753,142.65248237656724,0.6149723456367578,39.30113469572916,0.0628646204208667,56.33219070004659,0.0831916614836248,149.1956331268167,40.49012912639724,154.36300585961217,47.58547848357175,14.086080520211516,3.435440942940512,85.13207850270943,101.1620204017826,85.80784333655863,86.1234684373366,29.236531476157605,0.141198555090475,21.943669642967592,0.112274017651554
1357,3,1198.0,20260116114358320,3,是,是,92.0,base_info_20260116114358320.json,,44.79293046555464,0.6190666329161636,29.50813248014205,0.8799644699793389,204.78948310611395,19.21541308820776,206.3997321917353,18.33328691594936,105.91142053658518,59.33852790271733,115.83482391484377,70.37577966211457,72.71949929341994,38.03742345425194,238.83421595811805,13.4854952316876,6.206624665707312,3.322134527110268,119.09096726665736,79.2189433916374,110.07849321714764,81.21398143841442,70.73024946241678,39.99306247511968,75.69162042411345,49.81753683789596,24.459277589593626,8.136872834169159,24.204454396474016,2.031934842200643,33.55375613751386,0.1731428996604838,24.282523584317,0.1474054161082992
1358,3,1199.0,20260116114400780,3,是,是,113.0,base_info_20260116114400780.json,,44.91760737879554,1.051967154996737,36.96920561352323,0.3055067201265548,237.5910939380301,10.102441346118182,248.8515081006068,3.782414728679225,88.16987881454672,24.264568760258385,102.65625465832268,33.843068468528806,180.12215000818696,45.4631371055242,196.2140204950359,53.81370442111302,11.56020054706532,6.488568851546955,159.5936995082807,43.22906793888592,152.40965393838044,41.860431001848205,62.071991084755815,48.94263041253242,134.42607609781254,69.29864092582373,54.93360105867407,52.65735033675156,29.924195748290767,0.7914084051538959,35.99855694575322,0.298963028746432,23.823750324948023,0.2036722654281497
1359,3,1200.0,20260116114403324,3,是,是,97.0,base_info_20260116114403324.json,,,,,,,,,,,,,,,,,,,,,,,,,,,,,,,,,,,
1360,3,1201.0,20260116114405667,3,是,是,161.66666666666666,base_info_20260116114405667.json,,34.82795002476774,4.649826294769622,31.54364312308645,9.23312131344982,95.15187604454373,71.89048991102659,144.52839955623728,72.95589336307505,64.80394052965518,0.7662702023420277,57.5531036808386,4.465298400790149,115.61106171759342,88.45125550893695,207.12586985972192,27.672141746855267,189.807051360604,25.564062626373037,130.86437989372595,48.933303876473815,46.54443275407914,11.283714631066356,95.99038355482554,80.71854094053212,110.58088662652592,95.3869927179032,19.11502016402461,1.8222122363520188,73.46514958302114,52.67339960695481,70.30755165617563,27.42643097122688,47.70114097816307,15.398484121500369
1361,3,1202.0,20260116114407985,3,是,是,100.0,base_info_20260116114407985.json,,,,,,,,,,,,,,,,,,,,,,,,,,,,,,,,,,,
1362,3,1203.0,20260116114410271,3,是,是,97.0,base_info_20260116114410271.json,,183.6850640489457,16.978069489559026,32.81041180684756,0.7710737341278548,209.91171785750976,19.26656731094688,41.70058262352723,0.1789332507037555,66.33578373018658,0.17742368422358,204.604189143388,17.28042214075091,146.25589527705748,87.97925206278677,228.87302939279368,14.601562956313678,203.90983549177767,19.21353026846368,70.07218808121178,0.0932602252445518,32.90636975912383,0.3026908292503845,139.24256268849038,81.33626881383678,144.65536995207145,91.61752181000318,14.65945475495802,0.1660554091816908,220.08021924779896,19.06832127256274,156.94434668331382,58.98082173836698,157.02647542415494,59.00701297757257
1363,3,1204.0,20260116114412818,3,是,是,61.0,base_info_20260116114412818.json,,41.13834976137987,0.1173621428466024,26.651662928643912,0.6925501336744537,34.599862842967575,0.4528592912912189,41.06983319255991,0.5893503242244252,56.20772333575224,2.162478083724647,49.63999647668882,0.2916270286268889,224.32988179037704,60.60566168287812,147.97898718895036,0.9838721492719484,38.31922159001208,0.5695989349113674,54.53046342567634,0.8736433914422216,26.448892940117982,1.4366341927228037,192.80871908349332,54.55484844132825,225.1124878184304,59.98270460831864,12.80194244482264,0.1510580958862437,30.39677475168133,0.4317155552121545,28.367067657170598,0.4745910469183338,22.979763192010733,0.7388282302943942
1364,3,1205.0,20260116114416235,3,是,是,109.0,base_info_20260116114416235.json,,37.29086411891573,0.8231055515231189,27.162389240560696,0.2175487063485767,36.9317713027902,0.2531239551450724,41.14084102073713,0.6584824098942607,75.91703075392938,0.0565940177766964,61.83580469067453,0.1130203746903895,162.77431564430063,99.47183216206751,173.27440818996672,1.3538429628365662,43.00767307796704,0.2982436895700955,70.22117110271084,0.3671898478110452,147.24428405566712,40.44666026471502,64.63738662577217,38.62769166847315,160.96540690541374,105.80707579812346,14.846555586858912,0.3410361477770264,31.46945089656383,0.4077754987458412,37.38576805091679,3.749068896785547,31.123768320320085,2.530171291468573
1365,3,1206.0,20260116114548187,3,是,是,169.0,base_info_20260116114548187.json,,44.654055025406514,1.414086891059756,44.93204986523793,1.183878664874823,104.4432830479158,52.98598576248783,110.39646455139938,82.01337120416314,188.3003210389389,14.566166894705496,211.4862858797717,16.461526003945163,228.97589247103045,9.8336545080792,195.36633428037976,11.413983979461053,120.233515834364,49.6702330017607,149.97945786350172,99.94596664707149,107.81770772546167,57.68764581038612,123.32609987617316,62.16047048299584,228.0418715981716,9.920387911913371,17.699119283551614,0.25113955890094,77.9125503373379,59.688912257415176,77.28997221479109,56.27887469810566,34.38636151168819,1.612588107621648
1366,3,1207.0,20260116114550817,3,是,是,59.0,base_info_20260116114550817.json,,,,,,,,,,,,,,,,,,,,,,,,,,,,,,,,,,,
1367,3,1208.0,20260116114552947,3,是,是,160.33333333333334,base_info_20260116114552947.json,,32.06556423294871,2.239895785892152,37.95888408132456,2.145755353667424,103.00969340520668,82.47923449099393,48.99014491388397,0.1225186306444216,77.83633572302395,0.6710772015382152,72.79652027624904,0.4453813516819726,42.91820707693464,14.431267541377563,206.75944826795487,9.37016707067808,105.9761591103624,81.3118681503122,82.38328107574269,0.4777101015099315,54.33082665672748,12.568208028170629,98.78245946762674,36.214045965649625,96.53969096540008,68.3235593905942,67.45407047226152,41.859204278629626,67.94206917652484,33.76192745648337,53.81048663388114,10.740031654224463,57.77979327888499,13.820078126660002
1368,3,1209.0,20260116114555426,3,是,是,66.0,base_info_20260116114555426.json,,,,,,,,,,,,,,,,,,,,,,,,,,,,,,,,,,,
1369,3,1210.0,20260116114558267,3,是,是,210.66666666666663,base_info_20260116114558267.json,,,,,,,,,,,,,,,,,,,,,,,,,,,,,,,,,,,
1370,3,1211.0,20260116114600145,3,是,是,66.0,base_info_20260116114600145.json,,37.348373133768064,1.2972616482837505,27.27798545005224,1.1992657173562282,91.25108241042597,83.97271785673676,102.33733421407749,87.24465852273961,151.07774086587787,63.38923298791146,171.31598196688356,68.64947505264918,161.8064190345276,44.16502538807741,173.75825623333773,41.77447350381803,32.7471336445028,11.71832036970452,95.65434987308288,84.92633127839265,170.9187215983118,73.78763118693468,149.0912465022515,45.71143162597812,158.74392617506217,47.649731146009245,14.218375996506376,0.7110687098940686,83.64813547695782,80.18703565555234,80.80329048451237,73.22082343041198,23.30837250177329,0.3649692005768404
1371,3,1212.0,20260116114602337,3,是,是,97.0,base_info_20260116114602337.json,,42.74121573985241,1.955237210982939,28.71593690887404,0.7579147775707867,203.13785654427275,19.53017521136295,204.33311177388933,18.851349301372245,183.9166900824357,16.411383134202513,206.5659485283065,19.295640362087106,229.939295091885,16.979050368689652,236.17822444883828,13.297802792335888,6.388334242334537,3.541331188658049,9.387477179886853,5.0486078026562025,214.02357775173573,18.30305913423786,215.65091520444076,17.73051214020836,230.39761272566463,17.042144478324207,15.792006741758527,0.1960424126275218,25.56701936662483,0.3058718072813861,35.463272394807355,0.3113725830494468,24.283216180817835,0.0879856439507556
1372,3,1213.0,20260116114604649,3,是,是,100.0,base_info_20260116114604649.json,,42.331912972657314,0.695929951567941,98.1418223164709,58.80792964848144,106.57316478223431,72.5994597613549,114.8010196168196,63.9989508127232,67.27561875057984,0.5533991046061321,56.41906524182036,0.3519613814812072,206.2233970834621,28.62288244144468,235.07629763783643,13.916525665222656,130.60415456202028,91.40520545947356,119.86398660032752,76.4546582850159,35.6737803248487,0.2367274880181514,212.7816666154906,20.48142144643034,224.37148876877475,20.29817184516869,24.642802326029965,6.114211733435578,25.60454240235972,2.495881964506633,33.08611693135343,0.2917954587753693,26.763291569628603,0.106507579290914
1373,3,1214.0,20260116114607062,3,是,是,60.0,base_info_20260116114607062.json,,,,,,,,,,,,,,,,,,,,,,,,,,,,,,,,,,,
1374,3,1215.0,20260116114609521,3,是,是,111.0,base_info_20260116114609521.json,,31.334227605117103,0.0045819192252723,36.76534049975914,0.1600984850723633,201.2423384250084,35.86706262413413,228.06209575752337,9.33029523415581,197.23921256311252,8.768712218547279,199.76557135853264,9.392093263293786,189.31413749475175,47.55633198163613,216.75969924343823,23.55894220202716,28.96124789908525,36.25397935658592,4.8121047304239815,2.6506218401322803,221.27710358635173,9.931812870775996,219.6762811095505,10.25049705163463,228.81664846448584,9.488972671134336,49.45569979480607,47.52613549334698,108.0343563588068,20.688470286266647,29.91552593762553,12.482645120028298,58.08941599327338,33.45884240619142
1375,3,1216.0,20260116114611814,3,是,是,134.0,base_info_20260116114611814.json,,43.06070175747245,1.0522699433444571,36.22644642329419,1.3020587745298162,219.7224706134025,19.79162727251136,238.50368275240575,9.819204452027703,210.4724930860036,6.599434926229705,233.6663124563457,8.044241641678129,42.39033894072615,22.837526296675865,227.47134148383637,13.562921073462142,19.557929380039507,10.40507959642477,5.550638411679501,2.888831516100947,53.18748350673412,28.69602462323829,162.40210010561427,64.15547165670763,32.08129303647703,23.83735721186878,17.601779085859373,0.5457849992487276,91.89171671074014,34.98505406638943,86.08986647558494,32.318352621790424,26.43768594348202,0.1095548522769472
1376,3,1217.0,20260116114614382,3,是,是,111.0,base_info_20260116114614382.json,,32.23267230883682,0.0897453227650918,32.42364026464876,0.7057736137146947,229.06769468481932,10.002871671096646,225.94638137846377,6.121507234895067,202.37090968962755,8.43334682764718,207.76590093978837,8.660276607319728,117.89763928264864,81.67179193151898,248.0914927398568,7.878961813271929,8.14430598966586,5.023250229134061,9.112105990313877,4.800291876170946,231.46186848270904,9.77534842323264,47.4382385899032,30.107347066445204,43.65924548700883,41.022371371053765,85.723851802949,99.67933080482922,92.1589072245352,81.43004374368944,32.99176814784568,0.090950332492641,33.90811643910911,0.5443468821628087
1377,3,1218.0,20260116114618700,3,是,是,86.0,base_info_20260116114618700.json,,37.74700367939101,0.8340517078493179,28.83814005233469,0.6918303589730488,231.49746946832684,4.335308384150678,82.33109395107199,55.68102211605571,67.38126432523397,1.0309486061907072,57.86292341447753,0.1269920804139943,24.384339084611952,0.525182425888904,250.2467242079809,3.446169671036896,169.49996021502955,72.94834464142117,96.40333309213224,42.20233410017862,32.43105946669033,0.615449069721234,24.44041820564391,0.5024980732624711,15.929118582063174,0.9635963480481586,16.083241219357685,0.2620050617563758,96.6136082247981,103.75740561023672,102.05039171381992,90.41307783346704,25.4671681475191,0.3892942973789873
1378,3,1219.0,20260116114621112,3,是,是,145.0,base_info_20260116114621112.json,,67.07186251670568,39.45188958354329,153.71881730231758,37.95224385359487,122.54304815579911,83.54097125651573,184.50567109709527,38.75227002890978,77.53497933559224,0.711461455800056,108.34842867087666,39.23024304277612,177.4641481922413,46.9559267602364,210.1694991713838,29.18107295643057,107.00624415518136,83.64434937810012,77.1208338087563,0.4843327714234303,67.02607701017403,40.52931498198432,128.50301639730571,67.05900879787187,180.9032182183309,48.07716731192615,18.68692217364348,0.2130380035784233,27.993433737936304,0.2545476073797353,35.48218214038915,0.5191726118268577,85.28206236346466,47.049705572693206
1379,3,1220.0,20260116114623706,3,是,是,65.0,base_info_20260116114623706.json,,,,,,,,,,,,,,,,,,,,,,,,,,,,,,,,,,,
1380,3,1221.0,20260116114626235,3,是,是,206.0,base_info_20260116114626235.json,,47.8999741766475,1.2944464354318808,46.171812372526055,1.021408714572107,239.7658566527632,10.779196151781102,241.49063080717065,9.826906006044348,216.21806890465044,0.4461445910624181,245.1444331355369,1.6019833022891243,231.5234857613983,11.60427505398718,237.02134517666957,7.605511099578588,3.988861969320397,2.1820680989025063,15.868996150994471,9.030029199507872,162.8113148104899,81.43450926645305,148.29357857545173,75.77338869068146,232.8784163045336,9.55063340101433,19.52447006996427,0.2304909695583459,225.21916300416024,8.62576601165329,110.96444413822542,87.46638950584851,125.76735767232098,76.39362070586802
1381,3,1222.0,20260116114628378,3,是,是,94.0,base_info_20260116114628378.json,,24.53113146986212,1.0359747467156029,33.855984835307055,0.7820517813133966,100.1729235479291,89.33999375403415,207.73966137342805,17.899849801998823,67.69715926858142,0.5596445527989466,58.2011032497804,0.3068205313361783,23.93528230592276,0.2667734329096249,190.1364083547924,40.41480993668133,133.60298606566687,93.26443625848349,209.7745074420912,15.932644673971922,31.444680790543373,2.9050151666614425,39.66029569267305,6.808101231661255,15.841175000728148,2.402136437912396,15.042404316215048,1.8271843142811524,36.743397555304405,0.2086379530864668,153.3239124076165,85.99126855744986,143.6470959317858,79.58995365098825
1382,3,1223.0,20260116114631060,3,是,是,82.0,base_info_20260116114631060.json,,31.98692268529012,0.45039511865543,54.63947585227015,34.751800760583976,84.25064068381799,40.457357700615184,83.7925533790143,38.01318762901401,63.62485067520253,0.3294507827516802,55.969630861740455,0.2594395914087484,125.00442010473118,85.56851838979539,158.25924396966934,0.4664925293073711,41.16828106272286,0.1143176764096318,63.04956026404803,0.2434205238982721,36.19681523507134,0.1928394505606935,22.80290649808264,0.9799363821764864,14.261162302583898,4.550211597659976,131.38752958422398,83.15125610962366,124.28316970249809,82.66905104073835,32.475369350902604,0.1247936288923923,29.467744518185054,0.2557088178443483
1383,3,1224.0,20260116114633374,3,是,是,98.0,base_info_20260116114633374.json,,35.21238459553265,1.0971462781838393,20.926011771247875,2.856665604961748,191.2109396687004,20.787088745631845,63.21228805060596,31.18011619714049,71.07848601182205,0.8871252290495087,60.04986897223074,0.6991407157856617,239.17825513329976,15.41003823037145,228.0127984195013,19.58763256924116,166.7742733747133,44.879330880337726,88.04810925415195,35.13217575751587,47.161686195225634,14.891703669086125,52.18671953214803,17.358882291090648,17.892237226061972,3.4355071281707046,227.40225960808527,20.633129731085347,226.3731418950588,14.440680986981375,35.38455066228497,2.774973546785183,29.60514212956588,1.43924076510229
1384,3,1225.0,20260116114635715,3,是,是,88.0,base_info_20260116114635715.json,,57.98643105184156,5.282570091833493,43.107790527506296,7.406055161881053,216.6549661656879,16.23728084574947,230.48777194992044,9.127294895790898,177.6380343934272,23.92983168170435,225.8983879702131,17.3547049100352,182.29949967962705,27.84402027594555,264.95240761951044,11.366788937089115,14.418223397771776,7.45390160233346,15.084628154703417,7.554271381637244,211.4692961277982,27.13699842764458,136.15893437164237,38.7151927953163,183.58775796865385,27.923813955209027,15.235774578612338,0.0889490040701489,22.82619301519965,0.190029261822811,35.91863880212528,1.7561802383085292,19.859000216159924,0.5139789943365597
1385,3,1226.0,20260116114637724,3,是,是,96.0,base_info_20260116114637724.json,,33.60859286361516,1.8507334757048024,25.307119231835863,1.2314255276524702,203.355632481206,18.335031863313056,42.61734259026343,0.5567449932532718,69.02588297594761,0.84956601015956,59.005217821767296,0.1525121233228329,25.34416806294547,0.9001293657466152,211.40178224216143,29.054194288357248,202.6520347782333,18.25819262831972,65.42288506603187,0.6828620918158261,107.18284514411032,57.47450807478989,126.41736162826165,61.01624176189958,30.68885608935007,13.842264854167516,26.03743077489767,9.828241270776314,67.57343573162008,44.7589020606316,66.81530722186227,35.14626617232911,67.97302158429899,39.81872170743902
1386,3,1227.0,20260116114641036,3,是,是,102.0,base_info_20260116114641036.json,,103.37807503716412,58.77091170195396,95.97721550126164,60.62797023683216,77.29725915764051,17.03816058542531,96.3943268413045,48.78713655827109,112.92312122394443,73.30810597728508,198.4887353961665,8.897540997121277,165.56548817318225,113.9859377411964,165.18190407942294,19.69413552946174,59.30851499003409,12.466752633612558,163.3160361132586,18.13431494911439,2.892117702823907,0.7833721917331974,4.783322676527977,2.5510100057464165,241.88314677220637,7.397106229585848,86.80590428931116,105.65636633550552,93.0717359239588,91.63089743836936,33.28550569202992,0.4817583417106629,49.63492833115589,5.648714129888601
1387,3,1228.0,20260116114643811,3,是,是,55.0,base_info_20260116114643811.json,,120.810767202601,70.97381253738871,23.59186446196801,0.0776127782842714,167.24541666216393,99.837241851702,32.859378201400915,0.246039884863726,119.9541003788537,28.48180048762281,74.64143267756884,44.159032628187816,22.98972655266668,0.2358002351084439,214.53796683561256,51.418610288203794,178.01207067713327,99.67555211701126,148.23348346747844,28.761255879470745,35.19109169058317,24.817342114369715,167.0937346364001,40.603939234608895,14.00827201117752,0.4925331015625378,11.40942807148661,0.1011030675590184,177.7877491627413,103.77263864706124,167.29326207211628,99.2923494211132,139.58854550418002,71.18211486527966
1388,3,1229.0,20260116114645795,3,是,是,166.0,base_info_20260116114645795.json,,31.52200528316872,1.910761377381247,33.63690671708279,4.339920828973328,113.57869572275364,52.11152473224278,134.88809219555023,33.81588912670175,72.40820426544155,0.7332783769072099,75.97560423319584,0.8984096311010865,144.42339353331502,80.61818619808918,178.45009467454565,19.730059566267407,51.20035193577592,46.9087132186264,122.77835455940868,32.799815423574024,72.86016746791807,44.43623711327983,95.89041374203237,75.58905448934568,134.29130500230988,85.81523455205108,22.35288755360272,2.662264114185356,36.72132833782962,6.029296173111744,37.61792642030365,1.0759798278469308,46.39956423195441,3.2315758911185024
1389,3,1230.0,20260116114648266,3,是,是,98.0,base_info_20260116114648266.json,,26.036359372771404,2.681078194171942,25.57829896028267,2.8732403348775413,149.08147948529714,81.54392014899778,150.92684665552812,81.0541730739063,112.60945051038976,64.34874840007953,116.08349246229302,74.26382251341376,69.30276713683403,42.74516731832208,162.3673930743213,37.34397002842762,18.32893307304578,16.88391109193516,83.99725046617203,74.0694783087233,84.16915776759768,46.85250792929264,121.22597367768462,61.15829312474901,59.29484154597494,50.35189134304456,81.57966346388096,49.3055498457684,54.90523900857738,39.37797509353701,183.39599736099044,37.23898568766983,177.4333894311724,44.49039995795425
1390,3,1231.0,20260116114650799,3,是,是,107.0,base_info_20260116114650799.json,,27.88022610498082,0.068951021352086,30.36662909575354,5.451880200919287,202.4641226554163,12.909839732362004,42.93949910554263,0.4163652731940467,61.888056936665045,1.028088625777534,68.19411597066596,0.3306044469555559,110.22189409168487,37.84107343367038,212.65877357444387,14.761808416475288,209.10216011654583,21.334536858095444,69.31583410366791,0.2011147833157888,37.46635489746848,0.399114038030934,25.13305908283717,0.195844020305954,11.465007913332885,0.4835940535240301,112.94829798833946,37.62220377985725,102.96667538074315,38.40323498986994,33.870454517603534,1.631630693078162,50.80584547648641,4.43776999359265
1391,3,1232.0,20260116114652989,3,是,是,118.0,base_info_20260116114652989.json,,32.20698855553277,0.5346866988423478,34.8070491890214,0.3486672852162077,39.40648585519642,0.3322083473782657,45.18259322062468,0.2592906217268975,109.11846778419572,51.16299318957204,106.19828194248596,58.79823221183581,120.73502114714618,50.25046175990392,172.514254612894,1.0399790684401438,42.62463373458916,0.1424468555734154,116.77310825029952,66.53268053268184,134.90230488788106,86.200256553372,92.72636572264484,61.38647776861203,123.72777469604485,51.16938062606263,15.690992306699597,0.1932298857005513,24.049226944782838,1.7200183383431562,137.79700464920109,33.454708711849825,122.2314492546416,34.10199174519424
1392,3,1233.0,20260116114655285,3,是,是,76.0,base_info_20260116114655285.json,,41.42699308073863,1.619933293663027,27.25966030406985,1.4444579376441582,112.59392520528333,59.01303861518415,205.94783560864064,18.89026120523983,59.89790266251267,5.575295532442596,64.19859793940877,15.405602230889077,19.38366507496161,0.5484529482405813,178.3972906592409,22.36494303379965,109.01768825949922,82.68881599687086,172.38964199652978,17.41740847612872,41.20888609581772,17.600744460261208,33.757314018917974,4.00003677223074,12.674970351289744,0.3018579115339266,13.788900279911015,0.3650004817613724,26.98641159173877,2.176324966850373,31.76405491151433,0.5637679633694789,22.03924703826696,0.3987856880509597
1393,3,1234.0,20260116114657639,3,是,是,77.0,base_info_20260116114657639.json,,50.63855398187716,5.259177005900565,42.00976207531962,6.785565821400402,34.38225560888774,0.1491965481579732,44.36693240896233,0.2916564666622709,167.59167332670475,26.08977707836584,208.086504981044,19.35506972278745,148.4280433637842,76.83407986417916,155.39906111004137,0.267026839734391,43.25184267831086,0.4885156984365363,198.32854518890088,18.779641805602573,195.19576780001867,20.783514132415657,116.18896855093608,61.171596597565824,149.38274827141075,78.14032530754437,14.172606187761984,0.0777705002227588,31.032014757877704,0.2510225154991757,30.142591728400955,0.4495664546112838,24.702213090172176,0.1386735346073495
1394,3,1235.0,20260116114700074,3,是,是,75.0,base_info_20260116114700074.json,,,,,,,,,,,,,,,,,,,,,,,,,,,,,,,,,,,
1395,3,1236.0,20260116114702774,3,是,是,65.0,base_info_20260116114702774.json,,,,,,,,,,,,,,,,,,,,,,,,,,,,,,,,,,,
1396,3,1237.0,20260116114704874,3,是,是,70.0,base_info_20260116114704874.json,,,,,,,,,,,,,,,,,,,,,,,,,,,,,,,,,,,
1397,3,1238.0,20260116114748445,3,是,是,141.0,base_info_20260116114748445.json,,,,,,,,,,,,,,,,,,,,,,,,,,,,,,,,,,,
1398,3,1239.0,20260116114750638,3,是,是,83.0,base_info_20260116114750638.json,,,,,,,,,,,,,,,,,,,,,,,,,,,,,,,,,,,
1399,3,1240.0,20260116114753055,3,是,是,90.0,base_info_20260116114753055.json,,28.154013344799143,2.211173436628584,32.181997567390304,0.4527195164168118,164.90121050246236,83.1760808332737,42.030229790005166,0.1887985611738578,65.98373736231464,0.8233503633721849,59.807241309993145,0.208487100900422,25.055663141875893,0.4392934577262994,199.81309630226053,32.78652379992004,166.34370095544497,80.40329647039448,66.0911367581919,0.5588899438429009,111.68294900622034,59.93935047523925,112.10399354689244,65.06281492076027,14.20270459143974,0.2491660816294078,15.227031773538007,0.1175188052729783,57.75087640859832,46.06973370843058,62.71430324038365,39.8451586323811,29.294387971012195,0.4707522961584938
1400,3,1241.0,20260116114757442,3,是,是,99.0,base_info_20260116114757442.json,,41.97935933329367,5.7834914084168085,51.14623892148874,7.390867451748988,34.56353031283717,0.1557936496995645,41.99149097116879,0.2635576407315628,62.83638467622776,2.561477583342394,66.88622615463278,1.9061848829733012,26.384670574547798,0.1227904474115248,176.29356359390772,0.5979537545198252,46.1533081858343,0.1991981122053649,75.30176390352543,3.298709082097309,36.50037772661373,2.550902657043133,29.623703601621724,0.2419338644728715,14.311389783184318,0.2114776668946255,17.098692833233084,0.1008582951429656,135.86948513172138,37.26304704905259,126.17065372016803,36.47894836671773,39.91641832484841,0.7491073690176709
1401,3,1242.0,20260116114800908,3,是,是,157.0,base_info_20260116114800908.json,,31.625427627909744,0.3511779640991661,37.595253348075936,0.3122566351974788,41.80639747608112,0.3713773762922359,226.34876090296493,9.597017757038769,79.2366003606076,0.0709618940535547,72.96445003804564,0.0929288304028198,29.38698790481753,0.0159489933254425,195.56361393019745,0.1791215404258181,239.3183033863646,9.70693187553386,233.39700047000363,9.21462633898207,240.9682559674503,4.6583719844020886,251.1576689017297,4.718469190069779,15.763761772161152,0.3540887102225464,19.233908002889795,0.2728367873354445,30.875116632979907,2.836284931946969,38.456746196266295,0.4782408413701614,37.74682641172809,0.5046377887981388
1402,3,1243.0,20260116114803267,3,是,是,160.0,base_info_20260116114803267.json,,38.581789191740114,2.152581973014697,29.36429919509868,6.072553805668745,197.73258845994508,31.91985319093529,200.62604969067183,30.31081800214204,76.95138987090574,0.606929390932915,68.14464656439188,0.2804243188232299,30.56107228893364,0.2612695636763138,221.4522084168157,13.614672920371277,7.530340696245289,4.108436851620632,213.07216080194996,20.70961424791557,44.28202909849521,4.305408464808116,42.83572099705822,6.0111813363709246,17.286731041309675,0.304307887970796,19.25362094209146,0.159791847507337,27.942921169122684,0.4603339496987237,41.249081774742585,0.2703956445884662,32.6246274071289,0.7312439390656272
1403,3,1244.0,20260116114805758,3,是,是,158.0,base_info_20260116114805758.json,,66.14104379456367,28.10937427760012,52.02185414587191,31.915542777185284,77.69594169050625,11.366349529373968,67.18252038686487,26.51011135448216,81.1526131120249,0.2340257993420653,115.39185202098508,25.58013441538095,94.3702284042724,78.72672446730185,168.98874821515022,21.86342812301208,72.77581487039187,21.89558457742581,80.20334387287336,1.752415860352717,46.076040335185176,8.140170616897214,100.1401602213144,64.71566450489931,91.709285270284,32.24027881332464,95.45556514856662,55.11368361388341,93.55332437888576,43.54744962904739,80.02577047971324,33.84257386704459,44.95118900035354,13.49279305590343
1404,3,1245.0,20260116114809492,3,是,是,51.0,base_info_20260116114809492.json,,,,,,,,,,,,,,,,,,,,,,,,,,,,,,,,,,,
1405,3,1246.0,20260116114811854,3,是,是,44.66666666666666,base_info_20260116114811854.json,,,,,,,,,,,,,,,,,,,,,,,,,,,,,,,,,,,
1406,3,1247.0,20260116114814375,3,是,是,106.0,base_info_20260116114814375.json,,28.86831238435892,1.3143083155081738,35.16355494885,1.8979032058460843,87.81989237898559,71.31050229733523,42.705799775167385,0.3498375843702871,66.96329240320634,0.1158784117435589,67.0605927265928,0.7455344775514802,26.245111091954787,0.226722342104618,180.98553234608764,5.307290374401657,93.3607080143102,67.02188705004508,70.1473126372408,0.3387441539022714,66.36841983627926,23.433985852148748,58.61876729299976,22.9289896516988,14.3144416955527,0.3318640122680951,17.111148402409533,0.0302538658749268,24.22437294169819,0.5047419630924683,75.6995556008919,36.763947571038464,86.39500504293655,37.33566615406812
1407,3,1248.0,20260116114816703,3,是,是,110.0,base_info_20260116114816703.json,,87.27792469073329,51.07806421232654,28.603148842123776,1.095554814682336,201.75724485830676,19.454407433456566,43.17226587849333,0.2851661160468652,71.6898636025851,1.1355043059871897,118.89656962920442,51.64177669366705,24.994174641519667,0.2805037272719609,229.0932149636697,15.3078668329535,203.04902068327328,21.512889677827555,69.63528137141117,0.8056914589778956,35.25666625751666,1.8759501100559235,35.75664594608771,4.640967191778565,12.456938340150597,0.5045971612139846,16.57654507521938,0.1204075891205097,30.980440483258207,2.7537829538012035,34.285984622224824,0.3494762986210377,101.56822821627088,61.72168790143939
1408,3,1249.0,20260116114818876,3,是,是,104.0,base_info_20260116114818876.json,,37.014480400005006,0.4479805360576772,28.77996880877562,1.459886971997548,38.4657135893977,0.4306781698457208,44.820359761813584,0.1203396838502437,70.55972950528955,0.5343618735512787,62.01988175239569,0.3215072520140576,24.98428914469668,0.0852826123041038,171.88592652355172,0.3699757557972927,44.46937181084483,0.2152788904425457,67.80545489590257,0.2878947779525719,136.12501288949863,54.682688889075344,149.623080907164,56.50047970481435,12.296270685792017,0.3466752037088517,18.033968990364155,0.2301033834530728,30.14461678813529,0.8968351691675814,32.39540582412898,0.4286340074165881,27.785065963328147,0.6286700900645296
1409,3,1250.0,20260116114821634,3,是,是,128.0,base_info_20260116114821634.json,,,,,,,,,,,,,,,,,,,,,,,,,,,,,,,,,,,
1410,3,1251.0,20260116114823818,3,是,是,79.0,base_info_20260116114823818.json,,,,,,,,,,,,,,,,,,,,,,,,,,,,,,,,,,,
1411,3,1252.0,20260116114826144,3,是,是,155.0,base_info_20260116114826144.json,,52.83846983265656,35.15975168352644,31.99930452909325,13.744091056711236,69.52005251336303,13.118688137482856,70.78050865957412,12.392584665435075,82.04833244595234,0.3231331981038431,98.70865949600932,35.64174181124874,28.857470660997496,0.152062000620141,192.42858466994656,0.4550294192922976,47.246183675777125,0.0899161314167629,78.91185802476873,0.001573529970881,36.85964443845814,0.3647311886842463,35.73954371567763,0.7904337958538166,14.946900892231922,0.0722038389978504,17.929739057196777,0.1372434331120786,36.73812761630173,0.7185473607823716,38.42351364568599,0.0803169388465132,62.18972466442249,39.93939860886633
1412,3,1253.0,20260116114828653,3,是,是,88.0,base_info_20260116114828653.json,,39.22599809108443,0.5473301704137155,29.317983094009588,1.6831359790030755,205.9311226483013,19.92799556975644,45.63462179628039,0.0936534257381043,185.6985528961078,15.760335241540876,207.37930721099607,17.29445537623278,42.85886997150175,57.64795407837794,225.1916662428929,14.905208484911606,202.9182839404565,18.877220944669293,206.16585659229037,17.060378672036027,199.3988635560445,16.767909685778104,158.1213764604573,73.57468426973907,176.32591772256356,77.21007182388837,216.95727498987443,19.74034497314284,208.33952251015876,19.619054519689392,31.08777167131359,0.0924584826761868,25.549783079386412,0.3809627700294188
1413,3,1254.0,20260116114831159,3,是,是,100.0,base_info_20260116114831159.json,,38.03968414106271,0.6410808923789795,23.44793397037808,4.938692453026103,40.27291539874283,2.253029659577882,45.002517423643575,1.1931209094694544,73.9446958642729,0.1228833515988364,60.35203525895691,0.375991558565475,24.89121565437972,0.0472840469030274,159.14531209752386,4.832006055467402,45.124475195932966,0.0978286169767568,68.48248749233835,0.3161166562291395,35.341657239295365,0.2497012913425778,28.672958135709308,0.2129683377068033,40.789779409168105,18.8137100279983,37.721455099156735,18.10568280784216,37.70780078933992,11.477381453553733,37.567499408768825,5.165355570233598,26.62573102217415,0.1635959722587623
1414,3,1255.0,20260116114834371,3,是,是,65.0,base_info_20260116114834371.json,,40.07499232769835,0.6477483775391496,24.268662569501444,0.5497519782769624,205.2805160164681,18.02776104380277,221.09506977865465,9.068294459133297,56.87821207668396,3.023108521577178,48.6778211164066,0.3595930993596731,220.76872670266312,62.47660615848787,251.93977360847552,14.75647063916427,16.406612144598387,9.288722126465515,226.37976034425628,14.309256458497352,162.27508625565457,44.9809953543005,100.79250030466125,38.33319716015021,222.92841394041497,62.88048010708352,14.168484719626534,0.1586604016179292,257.9164537065678,10.041799723654885,236.7360446555887,10.03799112159763,21.638082193773275,0.364877062575961
1415,3,1256.0,20260116114837262,3,是,是,110.0,base_info_20260116114837262.json,,94.16344763545048,34.94050622583775,17.000683762530155,0.2502622745368206,40.60090858988784,1.0390137998699196,44.138545595644565,1.9168981799915927,71.04150141005861,2.5424893494589065,131.93818179567975,33.6920380823285,191.2018993182978,48.22886900851208,175.08934597537018,0.4129858582454259,42.03468082723988,0.4513675785900924,67.24783574718687,1.517848738967935,44.25807155337077,8.479150674940993,163.4286228220098,48.81718741681436,203.43220564191017,43.786614703293104,19.272976530740888,2.945126669409876,109.4159895609829,77.94391318518502,106.07965683195468,67.56615314614143,66.14174384257764,45.8591122794868
1416,3,1257.0,20260116114839471,3,是,是,63.0,base_info_20260116114839471.json,,,,,,,,,,,,,,,,,,,,,,,,,,,,,,,,,,,
1417,3,1258.0,20260116114842426,3,是,是,107.0,base_info_20260116114842426.json,,39.52909250989922,1.0740535378943807,36.31139706748726,0.8665479636374517,41.166768523316456,0.0649107914437507,238.86668622715888,9.687156125957078,159.06388728354372,64.59399280071656,167.44284600591325,76.41786220012922,232.8090963558462,5.499968248639963,178.62290541194798,0.3412751443741517,249.54340882900155,9.676526668193269,80.36565969863362,104.55043228632547,169.5827142671447,32.45067259718998,170.7326983525692,46.00561097539424,231.52274120862052,5.87026492606228,15.392567189819085,0.3524076981446132,73.66151890785288,51.29053939759489,75.21928699326475,49.21184273461007,25.785488042355517,0.0318781218770512
1418,3,1259.0,20260116114844338,3,是,是,99.0,base_info_20260116114844338.json,,34.06615641732792,4.45874960321241,15.52539590435426,0.1849366582092353,36.471577718029245,0.605812416386395,43.77164515013198,0.1329628106231045,73.72128203429115,0.2307336541163236,62.90179766786872,1.616888214374776,24.767347638650563,0.3007865518777505,157.3497421817574,7.818624201206326,42.72079403499558,0.0891185621341009,65.84833685683198,0.1888604072803627,174.10465297972482,47.18618731304094,196.7399691885313,47.63701381954444,55.50563719014795,59.25847555662887,55.70791883143704,56.05912832601074,30.549803822787798,0.957817120490542,31.549497595662245,0.4958853536184979,27.91018387168052,2.880913592906829
1419,3,1260.0,20260116114846509,3,是,是,103.0,base_info_20260116114846509.json,,,,,,,,,,,,,,,,,,,,,,,,,,,,,,,,,,,
1420,3,1261.0,20260116114848568,3,是,是,139.0,base_info_20260116114848568.json,,38.66954977587622,1.738597818411059,34.58689848481547,2.975338541508296,175.525248540183,39.371446716761376,180.61056118401237,36.81931640123066,166.01126889583637,25.966413243995124,181.55855233021197,31.78238743291168,7.175741134653156,3.817736435702924,197.81949893140407,20.07299810556292,14.127371506209194,7.506268213820013,22.875984641187344,12.157790929122411,158.80317614863378,35.64791076870028,152.84743746348386,38.41178703162904,175.8777044692813,36.48731799847283,176.42690909326438,36.17630665333797,166.9744254630996,37.07564968172503,43.73582594187227,12.46350961046094,43.36995416881396,16.887602425902482
1421,3,1262.0,20260116114850700,3,是,是,181.0,base_info_20260116114850700.json,,42.60515296970169,3.305333639326421,34.388456810524595,7.0349704934985,174.7558273348108,45.81808771309117,55.31705885601502,1.1309722355508456,164.34307974142365,27.73387461223944,180.64036273946363,36.49862658852653,187.9859763069053,34.97210217838747,208.03585094246657,18.22865608283657,171.85799505765002,40.15489903781575,187.20012577188731,32.06353199235701,120.1689822657675,33.931183329848174,116.24602432100922,33.66797262951878,182.50344673452727,36.35623245396802,19.53186051407029,0.3233496647357564,33.36223371043716,0.4122042448900455,41.70192563610082,0.1972444875688544,29.93917368145777,0.4758458346441501
1422,3,1263.0,20260116114853207,3,是,是,114.0,base_info_20260116114853207.json,,46.37900435423601,1.0490054940730795,33.72391580582056,1.1657043150650586,231.42517842986413,10.4340943536457,134.37485928977398,70.47892285165875,206.14612100527225,6.667567339629591,235.16674966126848,8.215244747490418,250.04618999840852,9.978585329725233,252.4710310400974,6.691676878454055,111.27482056964482,83.55978982379114,113.8558876656718,83.31780931509681,193.54705428295375,53.27326794841901,190.90021574647588,52.04608705917972,247.6222626244717,9.42083648861776,16.784681668692986,0.0788568821791875,30.79800277190219,2.4189453841006525,36.59245230210415,0.4919028204890825,25.37025173248408,0.3986314856839864
1423,3,1264.0,20260116114855530,3,是,是,140.0,base_info_20260116114855530.json,,44.09849503847088,13.88816891393835,39.65670711284628,0.9483819952780616,154.71966351508485,78.09302889261255,46.91132095521383,0.2637954341880001,88.16571689660636,19.366875901148862,79.98014387902818,13.87972268470037,27.184717556853183,0.5274236556479268,188.9757946179257,17.120481671867196,160.63294266617868,75.88478319333313,111.55862718404954,31.06978370578856,80.61296032469056,59.28957844307138,96.73586408387604,44.7750582143666,16.443437045509633,0.3328397011390115,16.470635779602805,0.4376885503995187,83.22268163593414,40.449730996215074,47.61490844553902,27.80591355698575,41.11693202426674,14.104796233029685
1424,3,1265.0,20260116114857975,3,是,是,194.0,base_info_20260116114857975.json,,29.949002092631986,0.1522819009626924,36.03412065425545,4.820021305828827,201.5740501558495,20.29927190122958,204.11666548575255,18.70260739770607,70.36433689943762,2.792320283807608,65.42933726110932,2.4504660665827376,215.5413082351912,21.522133152996336,237.4498914404584,11.002602021341668,7.226868936503788,3.83760421966925,180.42855332841623,35.12208765898686,109.16323419018812,56.221405392466345,84.67755340477724,41.37618627550237,221.46949733158843,20.490428671878583,20.994965713193054,0.6303012070320456,33.304690262939936,1.268314516239916,39.152852199712,0.0626339063344683,41.60506193984428,2.417475412040781
1425,3,1266.0,20260116114900079,3,是,是,106.0,base_info_20260116114900079.json,,32.66338762352441,4.218091950190335,25.97645509799588,1.643369316289421,171.1001076703716,34.2034255799155,42.5845096924069,0.1269271027779928,67.271570597982,2.809863987827885,58.93217449332263,1.737626509374428,26.169603736545984,0.3064966442944174,213.61393673406403,22.94386486834317,170.12941946458287,35.65261194372623,65.65140526391751,0.981567771754044,121.67708737587276,37.2837257280409,150.67855552857688,38.581214730638365,13.437016903269429,0.5439694965739283,17.198730498582993,0.2222668529703322,34.540568948758924,6.998778173680411,34.538040624622646,2.11373751207328,30.084378118685645,2.1345444876416546
1426,3,1267.0,20260116114902388,3,是,是,68.66666666666667,base_info_20260116114902388.json,,,,,,,,,,,,,,,,,,,,,,,,,,,,,,,,,,,
1427,3,1268.0,20260116114905756,3,是,是,102.0,base_info_20260116114905756.json,,,,,,,,,,,,,,,,,,,,,,,,,,,,,,,,,,,
1428,3,1269.0,20260116114908021,3,是,是,99.0,base_info_20260116114908021.json,,39.61341270652275,1.1032366236963906,32.929195737873044,1.2380950025377406,208.23011293604216,19.892110225375067,148.49265201803823,73.88929708918855,187.6926772997148,14.99024381395246,204.35094825018223,18.1268886913163,140.14059664428723,55.2786074223978,218.71317410859123,13.50101774430403,82.27376857263742,104.6303721936549,86.18714836197701,103.13991221873492,204.98629913375035,18.22275960717489,133.9836336618508,55.35492938646256,139.79166763072715,56.06192992025592,16.02884455352043,0.0770378663543505,87.07731751320928,54.88084969294556,84.40024517095098,48.41837956857362,26.66110729468136,0.2756221445123207
1429,3,1270.0,20260116114910597,3,是,是,130.0,base_info_20260116114910597.json,,28.185296630198,0.2165801038369862,38.35694273807067,0.8144247110035363,38.12448678480708,0.1689905200495284,44.61160008186236,0.1793195688794898,75.28366099671676,0.4084971285533066,69.6622318994048,0.3563550238461614,229.80854833631076,10.111991691877485,189.37465287697864,0.4223024262985104,48.72411903433181,0.1724449227949828,75.48537273664074,0.2567609163498828,38.30436270437988,0.1544222723176828,224.7063369546272,11.36483506508141,232.68087659785124,10.049403298527126,19.00357446803575,0.3020603871065031,27.693221372867598,0.2388055113384556,35.90481738683162,0.4615307991557381,38.78791064297129,0.4402492961875705
1430,3,1271.0,20260116114913087,3,是,是,139.0,base_info_20260116114913087.json,,47.51276705381355,0.9660025969546762,36.61412208461047,1.5809709335073745,229.84007478394471,9.531614885640304,230.5290952375072,9.43331590532242,87.21223313494092,20.456152844646475,100.56101079043542,30.502283108573504,249.16714749716903,10.062365538857623,251.25230269700705,8.864770239248635,3.62595730098958,1.8619421756017531,153.3582478913914,54.14442879886033,79.48677211368363,36.710661224498544,218.43599578829813,9.972041431963978,244.9464679617353,12.865659245723508,17.489067932228306,0.8955110024933147,40.03693694043585,6.267947867556818,39.86542629289448,2.614846958063436,28.07406115897027,0.3677110914238159
1431,3,1272.0,20260116114916026,3,是,是,65.0,base_info_20260116114916026.json,,,,,,,,,,,,,,,,,,,,,,,,,,,,,,,,,,,
1432,3,1273.0,20260116114919031,3,是,是,150.0,base_info_20260116114919031.json,,119.7069594932504,64.10970948591849,21.971330252435266,0.0953069680371951,206.63435999639356,10.031601446702966,207.35211471966684,9.631817065456216,77.05294765273598,0.8296519314537494,155.49203308020677,63.38956185997526,94.54599129526702,72.42608839224856,235.7674412789817,9.104586657719144,3.3171508540620853,1.8196376527387217,230.98274846982335,10.23962730020918,116.078411418266,68.08838480109705,121.29301842161398,72.00534335142592,17.979451878371336,1.066220324726613,83.1935145283414,72.2075562231916,103.38807718427348,58.27635770390706,64.34469806289917,37.141036512399765,132.2809636554766,72.54320753537608
1433,3,1274.0,20260116114921103,3,是,是,82.0,base_info_20260116114921103.json,,,,,,,,,,,,,,,,,,,,,,,,,,,,,,,,,,,
1434,3,1275.0,20260116114923921,3,是,是,99.0,base_info_20260116114923921.json,,,,,,,,,,,,,,,,,,,,,,,,,,,,,,,,,,,
1435,3,1276.0,20260116114925645,3,是,是,70.0,base_info_20260116114925645.json,,,,,,,,,,,,,,,,,,,,,,,,,,,,,,,,,,,
1436,3,1277.0,20260116114927204,3,是,是,44.66666666666666,base_info_20260116114927204.json,,,,,,,,,,,,,,,,,,,,,,,,,,,,,,,,,,,
1437,3,1278.0,20260116114929262,3,是,是,124.0,base_info_20260116114929262.json,,29.407458248492787,0.7881985834443942,37.92622039615448,12.954559122854372,54.32739302643139,21.92569346477768,200.2339553048031,34.995833669012214,77.28284708997114,0.2230948277572762,68.70128698802021,0.5690561156656502,260.43101582985605,5.271522196885038,179.64813720798307,0.1852938041136855,229.00070585555443,4.060891057428253,238.75291115763355,4.0550246332698725,184.7582480177481,50.34069325476085,53.455831083329606,53.91905914612425,263.9321783362425,5.825744855910171,14.447962067976222,0.4535458985187043,36.02361594679477,0.3695178845455744,34.4320440313706,0.5060408234579319,41.95437884961022,0.9665830668745776
1438,3,1279.0,20260116114933020,3,是,是,0.0,base_info_20260116114933020.json,,,,,,,,,,,,,,,,,,,,,,,,,,,,,,,,,,,
1439,3,1280.0,20260116114935275,3,是,是,110.0,base_info_20260116114935275.json,,42.97123185198899,0.6538290051025347,39.24358104307777,1.3299366557984078,223.80121080822536,21.184118753649983,99.54757050488232,71.56053911882435,211.81365119502144,7.47484334650609,233.0405577408684,9.067520033271489,54.71057493326242,42.24283161167188,210.85507476242356,15.618046571189907,156.57888415393026,103.22145017068274,174.8397331804027,98.19205891143709,154.34981072752876,41.02384223637713,68.75206587034492,39.59028322396614,16.22469200318386,2.190921397123476,50.31952165013649,49.34966913167433,121.82705590962696,81.35383258097819,102.1489182286286,91.6903052424004,23.664193216231315,0.2131074176077591
1440,3,1281.0,20260116114938678,3,是,是,88.0,base_info_20260116114938678.json,,107.42047032550738,53.13988215434279,121.4750326675154,51.24284616514501,81.24767123084847,20.7050110147858,153.0588180254938,50.10707223824582,185.11177873170573,17.978316522989452,78.45396388061486,36.30179164627491,33.38679420751973,9.492520423386232,177.4618018189716,21.449423472332704,122.6106303472806,72.46140789809627,215.4094784538408,17.856362767866848,174.7408364101826,43.45992508147659,160.84830709838647,61.88458250025172,190.4451919882545,25.903637700535768,203.58185060158928,16.25917677643141,203.38045236234797,19.84925648414434,63.33213027522435,46.15388176835584,83.54391210713605,22.15799902416115
1441,3,1282.0,20260116114941267,3,是,是,172.33333333333334,base_info_20260116114941267.json,,47.07704028640123,2.7949926844674047,36.99921374855658,2.41710666176046,75.39385249964683,37.495915402420266,126.17339756838544,52.80920006229393,180.18660530583296,48.34461415109332,199.9497950906888,44.76565396809723,89.27842557471303,44.87444688141605,162.92563175105542,46.45039493660677,91.4296591927453,73.17148357361732,134.89970210267754,71.88676605196854,103.93749734130688,75.73802771211898,16.745009837448396,6.691667657857994,44.07910742542725,46.06359243000634,53.52525448643937,52.36667396127176,24.89887950064562,3.821846658661169,43.46405686449143,3.7855693499383367,30.68239238492985,1.1443323011371105
1442,3,1283.0,20260116114944904,3,是,是,126.33333333333331,base_info_20260116114944904.json,,38.82142722146495,0.1234062657602098,34.918772897113634,0.3323499387456752,240.9537885550715,4.870313799970282,47.85520898320852,0.0399650409598478,167.1890362731447,67.70875037858544,177.1284413340928,80.43203473176014,229.6192753200736,4.6423235661297095,232.56286866265705,3.5475653625833434,243.62322302751105,4.67753127458876,189.42242134368723,82.37048942725477,109.396104902287,70.03770707591791,67.77120346725481,54.03189942329283,230.5544547566566,4.623521992177457,16.519125517274333,0.1090435402920083,157.72240175994003,43.15870496789857,124.77224785178625,50.08576855686227,43.067722456030765,7.284696657022798
1443,3,1284.0,20260116114947840,3,是,是,84.0,base_info_20260116114947840.json,,,,,,,,,,,,,,,,,,,,,,,,,,,,,,,,,,,
1444,3,1285.0,20260116115011754,3,是,是,117.0,base_info_20260116115011754.json,,42.29999719344122,0.698824253858262,32.58955529628048,0.3619069954759718,47.08088717768769,12.452047321424482,44.61897522067975,0.6437242699994961,76.24872228215021,0.7961219052864315,63.80114370326552,0.4984220668347067,119.143373016196,64.75667762168192,180.13358155807472,4.309641874745643,54.26737220307516,9.306167823428066,74.19518443237467,0.7877775838935922,38.849025095384775,0.7400381843188182,58.21086160895877,24.27825296684554,60.1344504494933,35.38912182948118,174.00236981105363,29.895311846048653,25.64789083667856,19.479656526936445,88.04985369322496,57.97838083662856,82.13292499601563,50.650403077150415
1445,3,1286.0,20260116115016430,3,是,是,119.0,base_info_20260116115016430.json,,43.43107623851228,13.031040845662485,74.2099213902827,15.510797381592765,126.69644523579277,70.57390701570067,203.364551624462,44.32534214009442,57.38767759854925,5.555156752607559,62.51714023144038,7.42535394150907,119.54106566271844,75.61519422048353,175.52692242811585,47.9348942545491,96.88471123890436,51.10163789250471,146.84412589325427,60.10668923202058,156.6365856664751,57.11431923997775,68.50142628017734,83.35558203488284,94.71698696349917,86.56425992177833,66.56581714972707,42.68791842997801,24.83738228266328,0.1923678074367065,36.66829182228972,0.6143782023177322,30.111096554075388,0.8501698128618239
1446,3,1287.0,20260116115019126,3,是,是,209.0,base_info_20260116115019126.json,,43.78810687077655,11.560319746367965,70.94619151766074,13.139466698273209,45.71097646608183,0.5576308836035534,122.70749483955338,57.2421283804861,122.68300764321778,44.163685340912366,151.32823875317936,31.35028208452496,32.880075714772126,17.5762839530741,210.56149342816263,1.166947776675572,134.68686085455363,65.10627073031388,86.0928098828659,45.96976255550648,87.73929647960398,18.541696092232872,93.48196414630722,27.01729417718132,137.1815307577061,59.53672928064322,112.33161861002598,69.63829798611654,107.1820964747724,59.796953579991566,81.35294141071202,26.6452346398562,69.62297393236767,32.1872095263569
1447,3,1288.0,20260116115022561,3,是,是,80.0,base_info_20260116115022561.json,,38.05946820694769,0.0972247153743632,29.4462324153114,0.0581877894016713,36.82727793008312,0.3653928189318021,158.00009387484204,82.77729762691636,70.46252317629613,0.0896330894585723,57.87443800463574,0.2086700548489021,200.73401762656056,30.23989263267375,168.28739797680603,0.2852526715783012,161.92741947185564,85.86837737803334,170.55933154324717,73.09217738402523,66.85702404783551,30.34792807036321,72.12703356281648,35.45818613782568,14.428425888326643,0.0018404570325728,200.8223352658698,29.888199298410232,122.27744465824844,36.16165068579097,75.32848251144001,35.31228209905829,26.39668462778539,0.0085119673444055
1448,3,1289.0,20260116115025354,3,是,是,86.0,base_info_20260116115025354.json,,31.23596551526943,0.1255163300232491,31.52746161959331,0.185045812201183,37.67727599432038,0.1884505584793014,45.05303063603848,0.214026430584832,71.36123904320425,0.1500040454227857,62.4275201567994,0.2887079446149425,26.844432720660127,0.207278629024088,176.31448055294229,0.1521080452386747,45.6662665109552,0.2393515660029941,69.74186819140326,0.3122771279014127,98.12128123851932,90.17287671005224,98.57036437629849,97.23705036350906,14.571998932276122,0.3042774161024409,17.102138885014423,0.2525458591541583,24.523603245773444,0.33382419754748,36.52790088405047,0.2438954000482251,32.80642351675866,0.3103990802363051
1449,3,1290.0,20260116115028602,3,是,是,146.0,base_info_20260116115028602.json,,31.27968220678884,0.7232793127702576,26.94552709840343,6.390041012286388,44.476445038595294,2.2439797287231635,49.29810289347342,0.7821563326566957,82.0563617814857,0.0927602886491873,71.77285262955176,1.0388546440618798,28.470525803200303,0.3828673113349487,195.41142827171095,3.4036807051086204,49.12603887917991,0.7127766937140773,81.44837204945959,0.7287772567781746,39.41270003259334,0.7631628964764292,37.13713343739915,3.4011180461540023,17.88138592837137,3.067928517944581,17.730494928489136,0.5812414767160301,235.9935050226211,15.290924520901685,87.66689868388785,40.88449725748956,104.92001126074888,47.31435142255992
1450,3,1291.0,20260116115031866,3,是,是,55.0,base_info_20260116115031866.json,,,,,,,,,,,,,,,,,,,,,,,,,,,,,,,,,,,
1451,3,1292.0,20260116115034835,3,是,是,120.0,base_info_20260116115034835.json,,39.29912183604928,0.5373671476930658,32.33087304218008,0.7249466065631434,40.53673053420221,0.1575060279699719,47.13590346521903,0.2763186494187127,178.19488443557597,17.065992539769073,202.12692081587969,18.25196696971714,27.15079925456089,0.0665158937469359,183.18539307852507,0.2494559517618134,47.3882836059413,0.2126679800949054,206.19019930212397,17.919910959235022,214.3452827553564,19.18468864945306,31.93820673191897,0.314819480345098,15.33174978175496,0.0012549263446421,16.784507031540077,0.1138628927572195,33.095619435920774,8.807056589015975,38.04081515329128,1.8979131836121996,29.161070122316197,0.0928212836198454
1452,3,1293.0,20260116115038313,3,是,是,88.0,base_info_20260116115038313.json,,36.75771409226667,0.4231442070790354,32.90025524663821,0.4217835896334729,37.49045570248983,0.0935956899882279,43.52526529746681,0.4390711157388569,72.8589876315054,0.7333024711320618,65.61197985133185,0.4277374503228359,240.89260296514067,8.498527212831949,174.00565257165474,0.2113624703144226,46.71551613402647,0.168653840245219,68.80470909005687,0.2339795099960214,35.65937036682286,0.4438830304222244,234.04671341297376,8.437964194621701,241.8844391394032,8.550840476560321,16.823713131588672,0.0779060466691526,23.987946840369755,0.2263831716290165,36.19274237084968,2.2407575171408665,32.07973869523752,0.8998301931708482
1453,3,1294.0,20260116115040880,3,是,是,84.0,base_info_20260116115040880.json,,36.904166250388094,7.736824207596824,17.706416380924917,0.399796806587763,38.23985130649381,0.2454914887895924,40.64595819625114,0.9645389219475854,69.92105640322366,0.3835291620463273,69.99491369497987,12.632097297985776,232.27159881832296,20.13596271455898,155.23794223854793,3.952178825833904,41.86067458976586,0.1166932773366289,64.51786579719989,0.4064079244547601,46.89599096516131,15.25393197951232,58.995977045947285,19.5110314117158,24.521811271902763,8.443086631340643,212.337950271262,30.553285090056715,202.56343579643803,21.273694996276244,77.71648814514904,38.35792469906563,73.99867449461733,15.18343165879466
1454,3,1295.0,20260116115043270,3,是,是,151.33333333333334,base_info_20260116115043270.json,,49.36164390980366,1.8040325885928403,40.93295472043082,2.0712926753475416,176.76357632060956,38.505135944741326,215.54148971139696,18.3891997101998,157.73841166400885,27.453849513936703,181.9345819479737,32.5103099137496,113.54142727318414,38.51735466676779,213.40102654988308,18.969448955116786,40.9707226816955,21.618728117641464,32.1318557498305,16.937393536073877,111.42651258756524,74.24914520479345,69.50473758487094,8.522448001201141,114.43603023161596,39.17803992324566,17.844171368442563,0.3484057892864988,51.34211064833642,14.564817422269224,52.06596945481417,11.219975198668756,27.33254605199353,0.4417535475709651
1455,3,1296.0,20260116115045759,3,是,是,124.0,base_info_20260116115045759.json,,46.1683334008284,4.576275265666609,49.37154449011964,6.075965226705544,206.37549884315055,20.973238827860037,208.15689629015023,19.99614220379211,82.0603647822313,2.336349112946388,67.68543113857557,0.2394151930684863,30.19687299593148,3.420420404356422,226.9686053524762,12.916612521332755,6.882808836054402,3.7381437580619767,208.9238736375441,18.990812313038447,222.9216997272424,8.66941262890147,215.89420806842276,17.306714436927276,22.845881181803065,6.649398483928298,17.64502426862261,0.2083360026660157,26.77450853606653,0.2339369664607392,38.92720599583527,0.2212449242744288,33.313348372954394,0.3477688071425125
1456,3,1297.0,20260116115048348,3,是,是,86.0,base_info_20260116115048348.json,,43.73133550449446,2.180729512326743,32.82546503809514,2.15281325949764,180.03711752993084,39.82388187819219,219.28811863763403,19.404090442673475,62.83574006563481,1.201652410119047,61.37393907427968,2.10089102544616,41.14012996483969,21.99307006864735,162.25375088565343,43.36003731324025,40.95526000174118,21.60131022784285,197.91921655562987,13.934302250512513,36.27742933843515,2.1745935702430104,205.43927546920133,21.70286787317839,178.01592905708887,47.72100587663134,137.34745025674337,39.62468254509421,169.61176946465517,38.59736945948536,33.081801401831605,0.0750535201447886,22.52745533473701,0.1953519281344751
1457,3,1298.0,20260116115050975,3,是,是,85.0,base_info_20260116115050975.json,,55.7872090907475,30.27351278672044,16.991715636202656,1.224813444105525,40.70373718174398,0.627393717781933,42.88469663235761,0.9106225280772244,70.84784557181035,0.4494859268096144,83.35148147373808,35.419654581277506,185.93764342169084,38.4374232580092,167.6424259279605,0.3501968322021297,43.53191395073326,0.0678672314134787,66.66461431394812,0.3760551504236845,47.20382577027948,12.84311143276883,51.67980590849584,16.92383687579666,14.119594730023302,0.3528680789213007,184.73066470616385,38.76271539877081,165.38736871224384,37.750661943357066,142.2783621773846,25.65574720981736,98.48021424154966,27.6999785794381
1458,3,1299.0,20260116115053775,3,是,是,91.0,base_info_20260116115053775.json,,39.64704810032632,0.1362885047927924,27.268795463953836,0.0996860382091948,35.36945142751716,0.1938504177176352,228.078069354303,4.170892788958922,66.73382122340382,0.4912342871572131,55.398447014308736,0.3214327472205687,254.43857716966377,10.765467145502512,145.4537900302961,8.11331889590314,228.36742477994295,4.635590022543051,245.1808578338472,3.676898632333673,30.59672679232763,0.7970109631714978,244.3580775366937,10.367265649792577,188.81985770087968,50.45452598026247,72.35483904783189,49.387285417337694,25.96277762533165,2.0942364050727784,34.61286916621662,2.840184896828134,24.51253811347201,0.1351635308242713
1459,3,1300.0,20260116115056637,3,是,是,85.0,base_info_20260116115056637.json,,35.97342011188908,0.7137218158053416,30.77278066229673,0.9429707069983946,36.93796655585872,0.2326780643278881,42.76094863759472,0.1246894178202437,65.98682906588654,0.370587809304125,57.670704727421146,0.43796336581377,206.0512981507948,19.836575553070396,167.60119200886274,0.4967250317154597,41.70532578106451,0.1118461420351144,68.4086711640466,0.1169624010283245,40.44410449435711,17.434414854448846,179.26540264217738,42.07254195183844,209.1069044459663,19.846444606319167,14.93054849181898,0.1403014784654793,209.15100973314392,18.451881149530376,190.2427563076844,21.22789197694329,31.30064643157876,5.656545671328773
1460,3,1301.0,20260116115059835,3,是,是,91.0,base_info_20260116115059835.json,,44.29215742082758,0.6260143363945647,29.883158424897896,0.4898725914903554,203.2109061299368,18.499075246541903,204.2079639066163,17.929952611773185,118.71935027840055,50.19934926806791,131.65501561407606,63.85945354958086,96.01026012400648,68.51544911991817,233.9783495581472,14.381214321819174,5.809937670557866,3.2077070591079004,97.2136034819738,83.40851456004262,80.97349904506142,44.94611615351719,49.13507701751437,16.935253948696957,54.40285833755934,56.14901916793952,139.9353371216626,89.03941509148193,127.12897145404634,74.27451343028706,35.080518420218574,2.80969031264704,24.716934497982333,0.1581523647312917
1461,3,1302.0,20260116115102367,3,是,是,133.0,base_info_20260116115102367.json,,82.38490649080886,56.11703631841958,37.6611256221644,0.5591504751034878,215.40346942917077,19.15108716213684,217.1887595004081,18.171962871436524,205.9141701497672,4.6678056901430525,157.4380954084764,80.62880719332499,236.34392080640671,13.942169629526612,224.85652343132745,19.135920503171523,7.015241949666046,3.777262093667399,25.17289233259456,16.423958161109706,21.762651730763764,14.250917035355869,16.305071434437977,8.430739500484162,233.93441731320527,15.22470331832995,16.839097202194427,0.1691424798126494,73.19080628772285,52.58860643529236,77.91402985821476,48.01653386646027,91.6053110511907,71.61136942647795
1462,3,1303.0,20260116115105208,3,是,是,121.0,base_info_20260116115105208.json,,107.05316312937,68.86658929955239,32.27764186981872,0.7008483276181162,227.69237524250272,3.831440131435179,230.27053216350825,5.255817748089587,75.76069010080886,0.0457874670675385,143.30421192743788,71.7650447939487,25.381995569889277,0.2595420666902889,139.99588481117715,64.89767482840269,3.9027005593712416,2.657974844036936,243.2402110646102,4.1435609113701215,173.0372601809082,41.396034288818846,188.51136902514057,41.65145114801607,119.93772119898463,63.26230585036642,115.57763190162544,62.56208186427191,28.51277735560309,3.244302563133009,40.34824061264717,4.292618272864472,111.55904978530972,72.99706956948762
1463,3,1304.0,20260116115107135,3,是,是,124.0,base_info_20260116115107135.json,,35.40862877207827,0.660940805672724,33.97335714169164,0.851664742241496,37.95872946221206,0.4588603834232446,207.76701179145255,16.758952639587125,72.61391544999012,0.3960787335571107,65.90939528202479,0.1405822900251719,150.94132944635962,90.49676618841671,183.34521617824703,0.6145101822773447,216.38070923138125,16.78262801732698,209.0904915221885,16.820715911974776,36.697422469533855,0.3736223986913149,147.10800560492385,85.37485084842024,149.34572653881614,97.17479976415883,16.671404131355683,0.1435868305027178,24.05856772524696,0.2101404165539271,39.618639035687686,1.3749226201016724,37.33093838273893,0.035063243331925
1464,3,1305.0,20260116115109544,3,是,是,112.0,base_info_20260116115109544.json,,,,,,,,,,,,,,,,,,,,,,,,,,,,,,,,,,,
1465,3,1306.0,20260116115111963,3,是,是,75.0,base_info_20260116115111963.json,,,,,,,,,,,,,,,,,,,,,,,,,,,,,,,,,,,
1466,3,1307.0,20260116115121902,3,是,是,153.0,base_info_20260116115121902.json,,31.757867360981304,2.9669867063410607,38.76739544408734,0.7650949745365289,208.15395604619985,20.08913344462501,164.25540190243586,83.04164390294027,75.65296971709444,0.3037970238342398,72.64118124162391,5.0169453486917535,28.34791515781789,0.4497397575717769,223.31441622487696,13.692506364307368,65.15581959734098,85.87209055084735,172.87074826057756,66.37259763678013,45.87553142664903,7.064541505055732,39.63348346579951,5.147628002854604,15.506241055911056,1.33392712808033,19.188224274473303,0.4241946835810858,28.56042744634169,0.5451702164946481,41.07843891979799,0.6546508683986929,34.52025527424265,4.281166775896498
1467,3,1308.0,20260116115125498,3,是,是,57.0,base_info_20260116115125498.json,,40.26980712967308,0.5138313019263419,23.67354280080131,0.5933050178904309,164.1341671835872,92.91613665074148,222.91710929810347,9.031410714135276,134.0900852872742,49.90450109314107,156.26320286028383,53.65741293517602,247.5089610485764,9.468226024276492,220.0887471286335,54.05613711515337,70.49119132044194,96.99567292952082,77.36093228744326,48.920624028137226,160.17842203398064,56.37362619589771,235.30541585318943,9.557678489806994,248.9520995433257,10.034041017946906,13.125036979468518,0.3213025678681086,60.440189431186525,54.24339951928753,60.67489749460674,43.83766449715512,20.811359211232823,0.2171013495160549
1468,3,1309.0,20260116115128456,3,是,是,61.333333333333336,base_info_20260116115128456.json,,,,,,,,,,,,,,,,,,,,,,,,,,,,,,,,,,,
1469,3,1310.0,20260116115130649,3,是,是,58.0,base_info_20260116115130649.json,,33.728380578179284,0.7016768925610194,16.763149756984834,3.6880307697125274,31.32109632983668,0.984100047413626,36.54800839065039,0.9129826006863224,62.8278693385513,0.1539356941247769,51.9899628419465,0.1889209874089287,19.852789554104973,0.212866420085848,138.9956108543764,1.0840891683938378,38.80385421787143,0.2529777244327453,54.33429462278768,0.2084810881562145,169.64706895602774,47.587689927141525,186.9844717988321,47.339898698764806,11.690662489559498,0.3483933414369574,12.142227398841175,0.1735473868435491,26.686567320467944,0.8958038077565864,29.24357615741627,0.3470548283140878,20.914545136845376,0.177211062715657
1470,3,1311.0,20260116115133158,3,是,是,71.0,base_info_20260116115133158.json,,,,,,,,,,,,,,,,,,,,,,,,,,,,,,,,,,,
1471,3,1312.0,20260116115135873,3,是,是,102.0,base_info_20260116115135873.json,,39.32415672051018,1.0212046309900138,36.853554312783935,0.2677963976573575,168.8979199741672,54.36449477981919,112.6722872750139,79.73250757195527,141.49395491726466,32.40170340711065,159.06310061704036,33.307574985426754,25.55102621887494,0.7179400189004362,187.05502587306137,25.110340181434832,77.96059900667032,54.76904093044581,96.66872186828304,64.98277500181722,147.3649321602721,34.724534063724576,24.78716334272304,0.2222668956973555,18.08243429273348,1.2594633316547434,15.132019852944843,0.1832561803294778,208.56713218265205,16.959251931373704,206.7206865272336,17.399207148298068,25.04642466978165,0.4507178652129193
1472,3,1313.0,20260116115137862,3,是,是,94.0,base_info_20260116115137862.json,,43.815769890731325,0.4514954048513614,28.969186198052984,1.0262690490619308,172.01310742131446,36.21828333495599,188.05771671040523,44.03538110107356,137.73843258556724,55.37882706163777,152.5667647953255,68.31567387792748,81.595411229828,82.08306336399777,208.5128385944076,24.01053390274522,22.4682923352707,6.937027513122728,92.52098480956391,77.33239518129821,146.10187403672776,77.90852953136557,75.90789226449239,75.18631354933858,74.9113139955236,85.23659611969056,15.309384255585371,0.2025906867116114,31.605733422827853,0.6237343163228983,33.61803508070034,0.1139958225558707,24.391187020656563,0.292424419933544
1473,3,1314.0,20260116115140340,3,是,是,92.0,base_info_20260116115140340.json,,39.193482655224926,0.9771947906242812,29.28703589684194,1.7650001696968405,169.88962142346224,92.22521560342824,164.52204170075197,83.77326471481616,205.65361328122,7.063119827369543,226.19253230870171,8.937801533292223,97.49662652509988,32.594854721032995,214.9824736252397,33.59303496245677,153.96142267389848,106.94864570403294,82.11771744321165,107.97585481267998,222.04319315328777,9.586284391170484,88.08943079085334,32.153336007784645,95.61469634984957,33.74697270073569,14.778090314680492,0.3298998578596155,59.34157658786032,28.44942530593368,57.85994027586853,26.03433368798781,26.05235689097169,0.190579125410829
1474,3,1315.0,20260116115142766,3,是,是,75.0,base_info_20260116115142766.json,,36.26958630187556,0.2160573510684904,25.26486033030653,0.1409220118505429,34.193592052524174,0.3986741589832412,40.58107770250916,0.3522979744045166,69.62324587211141,0.2357485861050997,57.393572261146254,0.1732417454731031,23.78436625801767,0.3344535975365202,155.47160641036683,0.7580674544529091,42.18807386589102,0.2398932088954255,61.90255541236263,0.198758371177365,31.40618393871417,0.6449538461357237,29.73471628380923,2.47784298144716,11.92392803108505,0.3744119331034301,15.87494298080568,0.3810658294270559,22.1457796163634,1.364714409239483,32.23181108476297,0.4413164352305366,24.098511508424757,0.2071176121410026
1475,3,1316.0,20260116115145153,3,是,是,112.0,base_info_20260116115145153.json,,47.42905529954374,0.7137754527871347,30.61142791405697,0.095098259321084,208.7364015658275,18.24024104303313,218.63643899564724,21.32033801272073,154.36854852404528,33.085967548629064,184.53231471486075,35.21854667747124,242.8075559093168,19.669984087409468,252.7949406027024,13.744513523858023,12.526059877164812,3.9724874755329855,45.30480778366612,17.213573861237368,103.29788526126512,85.51473013205776,131.0579694530384,73.65973104546906,241.084345750101,20.328132781347737,15.87529095593647,0.2312663254775603,95.32166391167716,42.16159923988348,79.84111077348855,37.14032190793249,26.56360643826801,0.1840364613647632
1476,3,1317.0,20260116115146979,3,是,是,60.0,base_info_20260116115146979.json,,,,,,,,,,,,,,,,,,,,,,,,,,,,,,,,,,,
1477,3,1318.0,20260116115150493,3,是,是,61.66666666666666,base_info_20260116115150493.json,,,,,,,,,,,,,,,,,,,,,,,,,,,,,,,,,,,
1478,3,1319.0,20260116115152911,3,是,是,105.0,base_info_20260116115152911.json,,35.57870957995118,0.7375144161835804,34.10224441943282,0.6132166114753911,38.73871134493425,0.3334111911493931,212.11843785178655,18.059310939021245,68.62261146653877,0.4624072385764831,62.12168939694323,0.1371050539515781,26.715578595291163,0.1448577855170935,178.41045946142484,0.2717089054243882,225.18918504625344,18.094495895683515,205.65540836508285,18.303772092349828,35.23851743193594,0.3710068458318958,30.19367067280447,0.5861904018019487,13.037687982330889,0.1833687738708105,18.69625698973207,0.2417762080357106,207.82759552419785,17.31652110659774,166.57107892102405,50.18371244883099,52.12727618071014,29.506805782711044
1479,3,1320.0,20260116115155023,3,是,是,75.0,base_info_20260116115155023.json,,41.04998544427522,0.3319806258589394,26.151176781839165,1.150839682768752,206.13131216482665,17.508613648219548,145.44355719483863,74.15706699979647,60.2938376024534,1.2564615351561228,54.53767788934197,0.1340777251101242,217.80415491977683,19.217178663035032,229.1291851838752,13.079943915373992,78.85702858182462,101.4512021066853,148.03385768650256,63.55364227074725,35.71646594760542,1.1025811247996993,208.78973480791333,19.936609742707667,219.3428798130307,19.26758033125058,13.393857310383062,0.2461675941262601,28.01287131411288,0.5528875933013278,31.999117517883622,0.1184538854192933,25.64889270035745,0.2999513485041535
1480,3,1321.0,20260116115157578,3,是,是,68.0,base_info_20260116115157578.json,,38.82407472939237,1.0349979089849324,26.59511826862932,0.7985330498656816,226.43959350984943,8.57838709861314,225.2712672859935,9.46792580259093,88.97546593203829,36.89819813749055,100.93301334421795,45.8325884376726,118.65204152742164,53.98663948809772,247.31146068091329,6.186265220147757,2.920725376134533,1.5290025846539224,143.1958930892314,61.53831385960691,95.55781386355191,53.46928967407015,106.88556596186775,53.988342435209226,117.82438932661007,54.46187300167506,13.90254937852978,0.0884040499781044,132.95470017124538,83.51291492974443,122.827036532391,80.98402971340893,23.946224693080755,0.2572461313342398
1481,3,1322.0,20260116115159643,3,是,是,157.0,base_info_20260116115159643.json,,48.250890258873255,1.1861183963919757,33.82750884573929,2.6103086517089173,206.63511091930127,19.608478650602635,207.30924598823216,19.499342394636017,122.18380358867766,29.21890519259274,148.50361911110215,30.80592219453216,32.58348164747144,11.554981725901442,242.79559708349964,12.926970360762947,6.745653000415481,3.594078909731345,71.14374961926427,39.907591609245024,134.54352006316225,32.85365633653608,37.3963924385942,9.003323773116815,38.48661758359589,27.12249298887393,25.72233638263801,7.130451221541359,27.17180943307996,2.985145237638192,38.10557512797868,0.4236508167465784,27.253454501457792,0.1730696285232071
1482,3,1323.0,20260116115201848,3,是,是,72.0,base_info_20260116115201848.json,,34.60548772584567,1.5641276758962914,26.207389914548557,0.8389186717585899,224.598941545658,9.787817331175663,153.56798604811524,36.92827570029228,64.62954244114847,0.1855712032405364,52.00691316560744,0.378479364614912,237.08565965480443,9.668488670604132,240.2514429866337,7.558700413194557,73.98657516558421,43.06613499448897,152.96900968360578,35.36904198532437,52.36514266917501,27.118175873781272,179.07849346351972,41.428252847839886,236.79000401751972,9.2374862048971,13.95403799143446,0.061495429860108,24.715320243055636,0.280162004593444,29.21538123200817,0.8489330789238787,23.418922789688256,0.7423896623450759
1483,3,1324.0,20260116115204483,3,是,是,82.0,base_info_20260116115204483.json,,34.90456399013606,0.2908545360568703,29.717654054672124,0.2328227659540188,139.6701603443532,76.5483224155421,143.2382422604457,73.36505844274039,104.3727979491145,43.03928474837112,121.7518653128408,48.390712811937696,62.803165136710525,43.93548587867849,196.97580427675837,32.24715913958797,18.001895883519904,15.235363584663665,52.842776539758574,15.593960966501806,122.46269191332726,53.52345352365665,24.80904971249749,4.557641255679706,18.791574761022748,6.816309371408365,52.69801677562422,53.32266906151506,190.95552308400147,66.2885462147018,220.58427642206277,7.44463351424925,34.80588866440312,0.7166056177643051
1484,3,1325.0,20260116115207543,3,是,是,96.0,base_info_20260116115207543.json,,,,,,,,,,,,,,,,,,,,,,,,,,,,,,,,,,,
1485,3,1326.0,20260116115210311,3,是,是,138.0,base_info_20260116115210311.json,,65.18732388790234,35.43665146439903,37.91633764310448,0.7285935064118922,42.08394535260763,0.2824843112856278,231.7385369704366,9.689098444613478,210.02941687409637,3.227134015862592,156.58572397280872,42.12228843853701,221.96830375939965,11.95733504767529,192.30658507377763,0.1568628969924524,244.6736919305852,9.616081393577428,10.176172693124466,5.941797275966646,220.99884254239987,3.374257428825048,211.2502596810501,8.226058379398259,227.09814472521705,9.448330069588538,17.471483144171174,0.7126590924688025,30.8329748720851,1.547328197593395,197.2835353448033,12.151837266384211,136.37062729715635,55.87703993242255
1486,3,1327.0,20260116115212603,3,是,是,65.0,base_info_20260116115212603.json,,,,,,,,,,,,,,,,,,,,,,,,,,,,,,,,,,,
1487,3,1328.0,20260116115316838,3,是,是,109.0,base_info_20260116115316838.json,,162.13241338518915,37.23983393817189,35.32532303709243,0.4959044756576239,226.60177833993444,9.995183548778003,44.66762516318954,0.523845391892339,72.76251170919372,8.588334884682144,153.82455303243475,38.72180729030043,125.57589619073588,63.3256140489808,236.16559102207043,7.472120862214065,227.03282906987533,9.962227457863476,86.45631998802146,18.939909032775077,59.3100003717204,27.22941235613967,117.83788694296304,63.36775906909854,125.14931802661778,66.0576389760515,17.221292275667132,0.4595627081895875,30.61272266597399,0.2466763449198303,34.87866521887161,0.1375599604806605,182.0925893014873,37.11861718259406
1488,3,1329.0,20260116115319863,3,是,是,151.0,base_info_20260116115319863.json,,38.97318238939727,2.826792813508525,39.12200894373442,0.8996602302019331,126.77749482025564,70.62012500684648,228.24657290375583,9.758161428581902,196.1525898234322,7.936061483530413,213.455913123758,13.847789139645878,231.1701254326575,11.924726931897723,198.6514015441726,21.06091643477102,119.793616563529,81.74606131387316,5.233583603709877,2.8958559621993105,223.12930550920487,9.175599277670145,222.81261350503053,11.072418727850788,232.55313222622908,11.089819066095703,17.204780773521083,0.300290689479682,36.25772198558003,6.626071835590558,35.97957224260825,3.644631021037791,31.472212353523304,0.9667598790054353
1489,3,1330.0,20260116115323002,3,是,是,82.0,base_info_20260116115323002.json,,40.13891694529176,0.9071764135161932,26.647811796039715,1.6821975592009506,207.0793313546012,19.36161681133484,157.16184427179178,80.21322638292403,203.48368470307528,8.0378077990947,228.8109343079973,9.160264273159743,149.06742817223468,101.5139532257507,238.44178271791736,15.212328734568452,65.62413128713489,78.1607101728606,80.81702282059511,88.33085596517493,233.4946364873637,11.023138494180186,214.69214271543737,20.785376436931752,229.0207505747533,20.546531393501883,95.58167519197842,114.46400728370944,99.95030390031148,102.95763966143318,30.51233146784007,0.1773868168601975,23.70494018521717,0.48332270472876
1490,3,1331.0,20260116115327267,3,是,是,93.0,base_info_20260116115327267.json,,,,,,,,,,,,,,,,,,,,,,,,,,,,,,,,,,,
1491,3,1332.0,20260116115330271,3,是,是,120.0,base_info_20260116115330271.json,,32.813167876483554,0.8233421547581743,38.09674966256262,1.6618482284884644,194.72934149509456,50.29201920667302,212.9603003016809,37.70638274204384,72.50683402919063,0.5083504307624597,69.40451369896115,0.6025458852740377,204.6310119862487,18.43821316099348,212.63394973387463,14.606990783631248,19.385942121158383,13.75485644158929,221.01222825665647,7.362677676410636,36.74448961183786,0.1540944061174828,203.6542300943152,18.40570087781936,205.4899606272455,19.384220046896328,17.424193505720677,0.2195847622514686,28.52698044076564,1.289404112737023,36.284116885003066,1.2655227976422865,38.439204866252,0.8566294351307929
1492,3,1333.0,20260116115332846,3,是,是,99.0,base_info_20260116115332846.json,,,,,,,,,,,,,,,,,,,,,,,,,,,,,,,,,,,
1493,3,1334.0,20260116115335636,3,是,是,126.0,base_info_20260116115335636.json,,72.76096537994842,26.86544101567488,141.85039207724648,66.74668372858301,175.63442875855844,66.49456955028423,97.61424840860472,86.10081544533868,74.91202482967451,0.4808529973143889,109.8147148156408,31.90305031519472,204.2708694536387,30.855069439158907,178.46979168379133,0.7012430912738293,107.27294127486604,86.69028670072854,124.88642607127842,76.05469111012478,36.31927634894524,0.0644625602968222,210.7414722520188,17.112880692730744,224.73909407563903,20.988693738815492,26.703062173748663,7.7373278903558065,23.3873883432212,2.187429948558588,32.79423375614442,0.2652865219889881,86.38611159242264,37.02170670450431
1494,3,1335.0,20260116115339098,3,是,是,57.0,base_info_20260116115339098.json,,,,,,,,,,,,,,,,,,,,,,,,,,,,,,,,,,,
1495,3,1336.0,20260116115341132,3,是,是,190.0,base_info_20260116115341132.json,,28.595121112193954,4.499556919176006,62.59277481830395,23.84018223795321,145.38057885590814,42.87008185078542,151.95444474779643,43.411705474776575,74.7814792133102,5.892852688143004,86.93051279837482,9.55538369756504,171.5212596776026,36.7489189675176,183.8737565089885,21.1680525841434,14.339255429641597,7.42925266250095,141.68224969872463,55.58747211256284,43.732307130153096,8.509291794428881,34.9538037228089,0.5513820574632216,17.77046459362494,0.3272925168231214,166.71950271605934,38.04805218795467,166.90175482810105,37.57776745861143,36.17879878816743,0.4358300423819139,55.514169877576734,5.553871571570459
1496,3,1337.0,20260116115343961,3,是,是,90.0,base_info_20260116115343961.json,,42.74466791439264,0.2382593203694426,28.953902803440133,0.8429206659516851,172.6203543985347,37.40655757975431,207.66121585704693,18.90563770333111,199.718462362528,9.004879854302496,228.8006183154157,9.11104794855378,63.20991897815539,70.71023784675357,220.6857626528831,25.205131930158007,36.87117159749332,19.7431194677208,17.064564429587143,9.620477206228944,236.2354113085776,10.25607505907444,170.33707587036983,66.76882920067189,186.03460909145025,66.90551472586522,231.6792028142188,21.449862099396604,206.87261519286605,19.875180844295752,30.140952217043274,0.3805466533520018,24.04618735435564,0.6351924409929479
1497,3,1338.0,20260116115346778,3,是,是,123.0,base_info_20260116115346778.json,,32.846661682807,2.8574674110991487,34.35974289125463,1.4303456282464349,171.82223151345406,38.20802817048436,45.84780402921905,0.098651870570776,148.64175414513318,20.8516064692525,159.94166452027653,28.026535533451845,164.83627560476444,29.549690492434777,201.20400226132787,21.1714604127834,170.5804915432157,37.83144354571432,174.26324018578012,22.777875693108225,162.60610959280746,27.578882699670096,165.80243153632065,40.029802226170695,178.42509308746662,37.86875164887354,23.75164210026705,8.880879164203327,47.64962601003766,22.78254631263116,53.399062930648405,15.994840065273802,34.07582072467124,0.6537322973241209
1498,3,1339.0,20260116115349152,3,是,是,94.0,base_info_20260116115349152.json,,,,,,,,,,,,,,,,,,,,,,,,,,,,,,,,,,,
1499,3,1340.0,20260116115352529,3,是,是,241.0,base_info_20260116115352529.json,,159.32702044841216,43.86617412198929,46.61799610031847,1.485838254508465,213.1529674580507,20.10344280360481,216.0400774303829,18.538043615018196,195.21585529275515,6.917223642639035,40.57253143935441,47.31764221461405,62.383451272124944,45.31910247636908,232.9750274119624,12.646719081062608,8.127945103339021,4.40910139404188,20.34509612606964,10.942708701091975,164.47651898555242,44.167222819491165,79.98623868188928,45.79328656087752,17.851126396114484,0.22260588194813,54.97019081884432,50.7425685567788,63.5814697233293,26.697729999308542,35.19872241323224,0.2232915166024283,166.95548891885306,42.56237911451053
1500,3,1341.0,20260116115355047,3,是,是,165.0,base_info_20260116115355047.json,,42.9165316547371,1.0323830187602705,33.30020038759083,2.7039875569236216,115.33798791337256,2.057530183717784,199.4223205469752,21.91811864978312,176.58655330738443,16.865965516686817,199.0110014330576,19.672938308196795,183.36040860904015,69.67900991062115,180.2756916105559,3.1179273531564737,87.31224383626221,19.791545107885177,10.862573839713312,5.79241463849127,193.97668577270431,14.927025720741597,52.458560579937966,23.800205049954357,53.32290681932751,51.10235989049584,221.1567211163103,9.432703556766056,207.1071279901564,10.401493708109564,32.85152651827173,0.2725211012727233,30.13547202592655,0.2600665610162519
1501,3,1342.0,20260116115357328,3,是,是,56.66666666666666,base_info_20260116115357328.json,,,,,,,,,,,,,,,,,,,,,,,,,,,,,,,,,,,
1502,3,1343.0,20260116115401007,3,是,是,125.0,base_info_20260116115401007.json,,36.98609728019907,0.9914228796070296,18.764512376640443,0.4464519153639678,43.505464383532434,0.8559667941592762,49.11688492936153,0.6732952110285209,152.0725065439078,56.65848654137089,164.12086215802626,72.55175161228702,211.7590839933868,32.42512802912077,166.4878639703873,4.127017555914462,48.83295302391279,0.3186886991667158,172.03135943057762,72.4809683084587,163.2727732097499,91.55054181005865,29.47081257409544,2.1125286362908517,16.82999917235495,1.434289929405821,201.37737574992835,32.94201140030244,101.7337325924494,58.3479925330704,115.3099648593394,62.34029285935642,27.78293995554775,0.4033237747761137
1503,3,1344.0,20260116115403433,3,是,是,113.0,base_info_20260116115403433.json,,,,,,,,,,,,,,,,,,,,,,,,,,,,,,,,,,,
1504,3,1345.0,20260116115406116,3,是,是,141.0,base_info_20260116115406116.json,,39.29166538929451,0.5996331079665168,20.599569124266925,2.8628252878937444,194.7757862292352,20.18144300541053,52.870596747904735,3.818478181773373,73.99054029415642,0.3631796280291234,73.12392219089078,0.0737463325136584,206.3402271324944,30.353436940219368,236.1714253196918,6.919511334563925,222.99610340094355,10.599936906462272,71.51279649422014,0.5720497608327331,135.2424962820559,52.586032908936645,116.35748993546216,75.01919714324566,38.9339686610386,20.931792200104443,239.63087134659423,4.7774939051910605,234.87967773632283,4.717104528947735,35.94692272451741,0.4241413154666723,36.9291443045311,0.3876873295392133
1505,3,1346.0,20260116115408654,3,是,是,84.0,base_info_20260116115408654.json,,40.74084199649878,0.2336805148886773,29.580354366291854,0.4802082769047904,36.68251769171635,0.1216235419074148,44.89828917214872,0.0565765445314458,203.2221858834312,4.4819810835011,231.43704239132407,4.961427923094609,246.8149606551225,10.076913009738814,156.76628092819155,0.6524591192558936,41.94548206614536,0.1535353114585607,225.96603942038027,4.025053896362573,242.3072801318534,4.626935293433267,233.68360415685493,9.432746527192942,248.20314097663905,10.097520454973568,13.54955513135041,0.1953068577063083,38.25309150320373,9.013692743285716,34.29606936122026,4.409076815565831,27.739572005983828,0.2697443692653414
1506,3,1347.0,20260116115411068,3,是,是,108.0,base_info_20260116115411068.json,,44.90237757047039,1.6666977024127227,33.88013800694565,4.24404059890885,85.09956162187008,36.16063458301877,43.80965909638255,0.2504171082466246,77.38869453242985,1.0650717626807575,62.977482184600056,0.2827672067263672,52.86782858108129,37.02607174347166,187.37827620725065,11.81780399519562,87.68575768656875,32.86982650594466,66.98808925290314,0.6464108753063917,35.853321639899214,1.0095421152718138,49.8011111897333,28.12214338568153,45.01303906265449,43.9404360888388,17.393121263774443,0.427234975342191,38.692684348918135,0.9925951080732212,33.15028671866305,0.4153259310989468,27.18983600664914,0.6021185388678841
1507,3,1348.0,20260116115413811,3,是,是,96.33333333333331,base_info_20260116115413811.json,,,,,,,,,,,,,,,,,,,,,,,,,,,,,,,,,,,
1508,3,1349.0,20260116115416531,3,是,是,117.0,base_info_20260116115416531.json,,,,,,,,,,,,,,,,,,,,,,,,,,,,,,,,,,,
1509,3,1350.0,20260116115419298,3,是,是,116.0,base_info_20260116115419298.json,,62.20866943129323,41.365420329446586,62.92876165896018,48.35720197913125,36.55400169553085,0.3690113682186086,221.4526009173757,9.375930136716413,130.96990402876452,49.4336655406,176.37087087441742,54.86263602136874,25.34835854861095,0.6795634631320101,169.24525329344016,3.2142630449848,222.6072975408978,9.413186525396142,50.2192202659206,55.37043194884913,90.7277510296957,33.25299922413508,142.62538597244375,80.51594305061397,14.332431506668526,0.3238026765973475,15.259584284133297,0.3385613648911273,265.43165985921195,11.638897033336416,243.7232659166758,5.5320713340661305,36.36457135906243,0.3505754342866686
1510,3,1351.0,20260116115422714,3,是,是,170.66666666666666,base_info_20260116115422714.json,,83.16322363241892,48.49609949517427,20.95623965408205,0.3556514777061983,45.99637024476724,0.0583226175292086,50.20119023851975,0.1650271957578063,81.75748012429317,0.3377602120748935,131.80632942513765,44.493822143314624,29.49169743570558,0.2001265868296544,183.7575674156484,11.45739977368594,47.49622360998825,0.0923775570197701,79.57985127624653,0.22271040544058,82.35728849255074,40.11589183597046,104.3916738976428,45.3624186586047,37.39193357369296,25.202750447037538,38.488256884845335,24.574055164986063,45.15201631141573,0.3467072214490182,45.00442339632273,5.418160695969186,85.85486468154748,40.40432039263222
1511,3,1352.0,20260116115426724,3,是,是,147.0,base_info_20260116115426724.json,,30.480008334967067,0.3245702816730084,19.07677559104559,0.6275216648141472,59.13711785831108,18.79609155373952,49.188024525506336,0.4150397243616334,152.0926823114489,50.68864096384768,153.87252781671592,58.95762960191023,118.8272790956578,98.37976145081116,190.4210424154783,5.078446137800053,68.00187206296643,29.761509523143754,170.8985517272982,66.84112244267627,160.77108815901315,89.65032988357237,129.03615012951605,79.83496332240522,133.54279305974651,99.59700538835725,246.9253176824253,9.65549125188629,215.7075992000811,8.508228328828883,36.563183981968734,0.1386682519201042,38.58342362232223,2.598690690399527
1512,3,1353.0,20260116115429024,3,是,是,127.0,base_info_20260116115429024.json,,95.58035556601573,72.54479817181766,25.387905916603117,9.28628665383654,147.815309936291,42.34927389665364,45.63513042707984,0.7476608868243148,80.27101788183874,4.800701429784271,120.65161722800264,79.86678355278488,229.5993222012869,23.183763946307163,208.1253043589533,18.18305051452916,164.5423735875137,41.18025410185996,72.88818412559449,0.3504453275057771,95.83979439189471,47.03723687350642,112.45235515995698,48.01990706008643,20.18913448057187,5.444146814386421,218.38071036580175,34.16969947498681,204.6723037282142,20.468579974517933,35.87058835767284,0.2347057538799015,91.10083613095088,87.91810129982059
1513,3,1354.0,20260116115431376,3,是,是,92.0,base_info_20260116115431376.json,,32.350123897679616,1.4682045711268286,50.92624190277903,34.676770650636534,65.24520539613881,43.88284994649723,184.51953626805093,44.22308118739546,69.82668099626123,1.0472072000089778,61.75978291712545,5.067497383003906,206.743250073754,34.97890078777927,157.90907641816014,0.8233001090207668,161.37262553272262,84.70737738556555,175.55304432848789,80.90539071517541,37.32903297898083,6.71886884900704,196.2216683426011,35.86391743370803,227.12958841459567,22.362708763031044,25.75830600550521,9.714600122960013,22.27994172286323,3.9113073393055537,30.558743886581823,0.6498534065933155,32.52208068558588,7.726714613484178
1514,3,1355.0,20260116115433891,3,是,是,138.0,base_info_20260116115433891.json,,34.33880156595859,3.7369555599498527,30.12713389683157,2.369344741299499,40.75175353773141,0.4528527264904151,105.12317460162996,84.39746216262829,76.09855456986496,0.5876152434501624,67.18130540954002,0.8056469318245453,208.7827872563859,15.493865624876031,181.07111328099563,0.691285906675967,108.99382386252688,89.30079033298671,124.8623846428818,74.05503879352007,234.5306851246319,4.760205828921808,33.80738603494639,10.570269586366315,210.3775229908028,15.630850650672617,15.554333372415632,0.2051296723838931,47.558319529818725,23.03044712177297,46.25093220445717,13.54858909859257,30.63165293384806,0.4176212724371496
1515,3,1356.0,20260116115436101,3,是,是,101.0,base_info_20260116115436101.json,,38.668693693643306,0.6232850328626276,27.97291454565843,0.7894411915696837,205.48246199555768,19.096625159036563,44.97885280862486,0.0406809686687329,67.11156091393237,1.3992309482409562,62.15342620123506,0.1341588787664049,25.304272597364463,0.1873566888343283,224.89821896495948,14.509204979199954,202.1143723496941,19.79191978450366,65.33275412213938,0.6209222555046333,33.546996070468175,0.4490802684723088,29.731220921530124,2.1079306395284303,12.33396311354222,0.1642336785836096,18.10687693839095,0.2393037181493065,201.8838696827727,13.659834092051089,193.6650065244188,13.467666731405949,24.27006274374364,0.00179999642165
1516,3,1357.0,20260116115438644,3,是,是,78.0,base_info_20260116115438644.json,,,,,,,,,,,,,,,,,,,,,,,,,,,,,,,,,,,
1517,3,1358.0,20260116115441168,3,是,是,107.0,base_info_20260116115441168.json,,47.68680043372189,0.1097082046547074,29.239800544221,0.370673888180335,38.10371448581586,0.1521000532415467,49.27482708238895,1.0729792990374012,93.28957075041576,38.23607670254939,118.9608069702436,44.04654229155669,279.6466022301672,5.443434370133216,171.27349615963195,1.697849410421259,46.1514046589449,0.9151443686941813,91.14941845368143,35.46439639304977,142.81092459334235,29.02558311905336,165.51583509308145,97.01573346142952,276.1924170008709,8.409768787549583,15.737574260233815,0.8053454975290552,279.2032395834389,5.721421274091799,251.4758858463854,5.121713051847386,25.79465541912667,0.2251917702811808
1518,3,1359.0,20260116115443284,3,是,是,63.0,base_info_20260116115443284.json,,34.51818325978412,0.4313412506248773,27.45874573282899,0.2519078900596086,139.1697652114859,78.37064991001084,42.24616805763583,0.3738714294840472,131.87822066505603,61.6106905264688,143.04596044611063,69.87415433734758,239.074453852784,7.248618142430707,192.29443092400663,34.97299165102359,141.13289544407522,74.25140758662629,145.78563790935678,68.99476488287415,122.46002037042892,83.93668415800934,65.16427641403705,52.38519092012208,241.64468725394417,5.6671127902477005,14.0150560705676,0.6047039412685101,23.789051187393184,0.8090451021747281,28.90714471588535,0.4675231878596668,26.802008497090224,0.4383685773886874
1519,3,1360.0,20260116115445687,3,是,是,51.0,base_info_20260116115445687.json,,,,,,,,,,,,,,,,,,,,,,,,,,,,,,,,,,,
1520,3,1361.0,20260116115447954,3,是,是,56.0,base_info_20260116115447954.json,,,,,,,,,,,,,,,,,,,,,,,,,,,,,,,,,,,
1521,3,1362.0,20260116115450305,3,是,是,92.0,base_info_20260116115450305.json,,,,,,,,,,,,,,,,,,,,,,,,,,,,,,,,,,,
1522,3,1363.0,20260116115453032,3,是,是,55.0,base_info_20260116115453032.json,,,,,,,,,,,,,,,,,,,,,,,,,,,,,,,,,,,
1523,3,1364.0,20260116115455668,3,是,是,120.0,base_info_20260116115455668.json,,,,,,,,,,,,,,,,,,,,,,,,,,,,,,,,,,,
1524,3,1365.0,20260116115458028,3,是,是,159.0,base_info_20260116115458028.json,,31.50860720412928,0.8164063159259921,35.71714732489877,0.9508880350270008,41.8833904210676,0.2654087521497734,47.1841150038267,0.4260760788392028,79.24247963773058,0.8120002384887404,68.87937305683026,1.0069856712599368,93.80967531380549,80.30388907053313,192.55227175192277,3.1141903317837065,49.391485136223615,0.2618433302504853,81.3599407152286,0.5668113521235267,226.3426003887529,8.878056832129358,165.1103227360454,72.31918711697209,62.058325284579446,53.1256978012491,130.1909551298161,81.6501548192528,134.8998442910126,70.5225957223981,77.04752849648128,25.98001116275304,69.00888513818937,25.79074101030073
1525,3,1366.0,20260116115500730,3,是,是,106.0,base_info_20260116115500730.json,,25.081957903772658,0.4817479145271171,32.59423811699455,0.2670448991437521,132.84953289243506,79.33074433277545,106.0727492087163,88.20333268734556,70.78518318032958,0.0817032170195758,65.08212584576178,0.5383395508453644,156.5760198769063,110.00843919357094,186.8667498373217,38.87473512944869,147.3524405726328,75.61239436418907,122.37398514749611,75.36745818825517,134.85256056018227,81.33818358756261,109.48415533813194,83.98863671906926,237.21400016912384,4.821038952607919,91.3659461160917,105.90285701586728,93.49548365665652,90.73026283111896,35.322785880660014,2.3546795945122376,32.30932946632384,1.8091165186603992
1526,3,1367.0,20260116115503079,3,是,是,66.0,base_info_20260116115503079.json,,,,,,,,,,,,,,,,,,,,,,,,,,,,,,,,,,,
1527,3,1368.0,20260116115505497,3,是,是,138.0,base_info_20260116115505497.json,,,,,,,,,,,,,,,,,,,,,,,,,,,,,,,,,,,
1528,3,1369.0,20260116115508268,3,是,是,83.0,base_info_20260116115508268.json,,,,,,,,,,,,,,,,,,,,,,,,,,,,,,,,,,,
1529,3,1370.0,20260116115510842,3,是,是,200.66666666666663,base_info_20260116115510842.json,,47.731589745777455,1.908972728715496,45.161090184917214,2.134054784415436,223.861084511949,20.74151424907566,196.3387383128656,34.467019901849355,106.78584094475676,23.2097785477192,125.43918112688642,34.542203217174446,21.11914228240949,11.599319959135464,155.1724976283815,49.835704043237726,31.05502110156048,16.03470887665308,83.5198410883498,22.85039812393937,58.21236643285278,42.832142334573824,64.23067318627983,28.480927855322843,116.3916442969911,38.23984470618454,113.72667392414888,37.975452810294826,110.74486903288418,46.5892328377463,65.15355925646647,20.6035671850289,27.91821189377059,0.5059040266728311
1530,3,1371.0,20260116115542381,3,是,是,133.0,base_info_20260116115542381.json,,21.038828817305703,5.403440009695918,143.00347099972464,45.0228832208928,60.351663131606,46.26068387924206,173.74221119180524,41.64251210658061,112.43202655901162,41.72240488968336,103.94508805521068,33.353922535697926,263.8375653223621,2.7766040099103684,257.27363833197063,4.735667111557652,228.88485852450023,12.220622157094706,138.42509889635215,47.7303309056321,116.0914511459064,65.18927690740978,264.2926630024536,2.25196010630344,15.593119750436369,0.221750385818813,263.0396861158458,2.7471940082036577,232.8302078488322,2.7487483291274963,30.579425972294185,0.5752174645268108,50.68083796188129,4.716000521010546
1531,3,1372.0,20260116115545499,3,是,是,131.0,base_info_20260116115545499.json,,,,,,,,,,,,,,,,,,,,,,,,,,,,,,,,,,,
1532,3,1373.0,20260116115550202,3,是,是,82.0,base_info_20260116115550202.json,,41.642208730171554,0.8444161114265119,30.74598821352288,1.326591683171254,128.0027720088136,73.6744032659117,215.92792686551243,18.554669223704582,178.1174757449693,12.305174782574325,200.36134277518715,13.02763572307251,161.74573604456666,97.99243702291176,206.86675615125853,28.160838392440837,103.6896344090763,98.67371653975532,20.46325947770284,6.980093374707648,191.6397018690186,9.437743127741191,155.4279968662423,91.75817098250162,222.46342140725304,8.991032867659621,84.14544405130356,97.48669964318955,88.15547203853123,44.01816449550828,87.44150356674687,40.44957739594072,24.597789397877435,1.5001375840241418
1533,3,1374.0,20260116115553376,3,是,是,95.0,base_info_20260116115553376.json,,,,,,,,,,,,,,,,,,,,,,,,,,,,,,,,,,,
1534,3,1375.0,20260116115556010,3,是,是,147.0,base_info_20260116115556010.json,,34.36748872245844,2.04279800468468,31.81109151565975,7.70919439413545,45.34754436977877,4.712024423318831,143.8808418957127,73.05269356146633,151.27837623358377,39.39586319082744,160.07455066565043,47.098430430243496,110.62089481483476,64.57358030279781,224.84327842066256,18.463085304417536,162.6712063203968,82.23526403853333,54.99017396038545,56.59261602165273,59.25156340207144,50.68519681788232,233.81562292899085,9.799743165523475,177.2818177830953,39.230433328795584,75.05175562074582,49.17478314572737,82.62138642303618,62.05635831186865,102.37462498248676,58.51752363652477,107.71063051047516,54.90982667785936
1535,3,1376.0,20260116115558905,3,是,是,139.0,base_info_20260116115558905.json,,47.36404398331805,0.9301743410568836,37.55145035088258,0.5054029430389791,231.7893766658267,9.415371030726911,233.36495280509988,8.304644667323167,162.9479986470981,62.83400256905209,187.58059688896228,69.46459353361693,28.17653976626767,0.2469692757543986,143.31849607236396,40.59148485237338,3.5219387687688,1.962867199632937,52.21389133044841,69.2099245571957,181.0221544066532,74.9809092609867,28.68609511618365,0.3974307092501636,99.53517042601752,42.0832911240256,104.52302116464348,41.72058017318814,34.46042154708283,0.0455163880178614,37.79261501398359,0.277700650959822,31.466210249700637,0.1453278088953405
1536,3,1377.0,20260116115601172,3,是,是,165.0,base_info_20260116115601172.json,,42.09809462376159,0.5656060957658628,49.834714777115074,1.1512114109475022,159.55393654665735,82.3009161652174,247.23283050368408,12.649977868115474,136.4383635912825,30.262389018019174,155.05752356236638,31.478161673826868,168.6520066981029,65.63416053978733,204.39497544692549,8.902791476174285,109.82828630832093,122.20166675085216,77.7229251595287,43.48682322673337,121.90293680052082,32.48998395609176,151.33435003855016,65.41334954534393,168.7084838788853,68.21281971627825,18.13950645940467,0.1907255021264469,122.53330654032732,66.95602152728766,128.0173831522431,66.42756580265832,29.57853660547456,0.3125114338596104
1537,3,1378.0,20260116115604166,3,是,是,65.0,base_info_20260116115604166.json,,40.8551873401275,0.1965047162293456,26.4215131438166,0.3534095479706034,236.9753281464127,1.2380197099090406,236.953149978106,1.2485552560354294,214.82034015954824,4.682134600047758,244.1803237440641,4.758098012185479,279.5385624757458,0.6371331633263734,145.47968113478143,77.42979654015689,0.36400118899485,0.1950465371911467,2.8507073367479787,3.554018155589384,233.3295173443057,39.54204666123009,236.37610213473533,41.573509982424255,145.55586400939256,78.08856981171961,135.01289525544038,77.42260055087836,104.56171022066172,61.57407603303719,86.97204511212495,57.327189867887945,24.674092658135184,0.3759160350589006
1538,3,1379.0,20260116115607383,3,是,是,76.0,base_info_20260116115607383.json,,,,,,,,,,,,,,,,,,,,,,,,,,,,,,,,,,,
1539,3,1380.0,20260116115609935,3,是,是,119.0,base_info_20260116115609935.json,,92.05235616529002,23.477178935396683,33.56466332707322,1.9872536523449933,71.8016998694416,34.14094963341052,117.11367309156424,55.73645336780402,72.0339193211919,0.3500294262548377,123.86379457613712,20.893448630342995,26.162106704983263,0.3057962568310712,169.09862649850686,6.702329694548523,131.11999057610728,6.603310778924165,127.09450342443478,44.92352416030854,37.8034601614889,2.811080871679784,35.21480019886673,3.722680568136071,13.474742545777,0.0889548577682733,17.407703789018655,0.3554999328870354,23.504097320978577,0.2252408255439897,219.71059414033863,17.909586208573092,108.39449386914038,37.912495843382985
1540,3,1381.0,20260116115612830,3,是,是,133.0,base_info_20260116115612830.json,,37.01939219109732,1.011143540865734,36.10549623872975,1.2477405720930106,234.90087560170173,10.761956833683422,47.83467664392335,0.2281316902656686,69.99310183563477,2.375377991498977,68.87526565989897,4.272656626978244,27.102096655325152,0.1324707490211634,222.35903590440307,13.932117005019316,235.32436384677737,10.68810987162431,81.64103885730651,5.85337545396196,43.99599982934817,4.384745499641634,32.59778764735963,1.382218248364658,17.63643509040179,2.0578074328411606,18.481655124128935,1.5705370298639614,134.0617588317049,77.28193972479085,73.13002164697555,62.92621240145908,84.04332434828741,70.39512180997123
1541,3,1382.0,20260116115615576,3,是,是,122.0,base_info_20260116115615576.json,,,,,,,,,,,,,,,,,,,,,,,,,,,,,,,,,,,
1542,3,1383.0,20260116115618323,3,是,是,77.0,base_info_20260116115618323.json,,47.01745817476617,22.051257565185484,64.46608159596836,26.09259680882317,52.60803284484317,35.52411769552977,270.1804188779695,10.171146644764368,63.94182781015329,11.484279991205645,56.79036909936371,0.352117248426688,60.92904097224817,31.375065487764928,141.94043009377626,13.64289595787264,227.93041913067668,52.26438679015676,236.19981797941597,10.571955242728084,35.87047966257585,2.634732442390729,63.16725014732783,31.82351350118066,27.17294318684825,11.754451369210113,36.10252730532678,18.373840177200183,24.936124928084013,0.0895268824126916,35.70046588965458,3.2727577882394385,32.405079200406426,4.7745883543819225
1543,3,1384.0,20260116115621081,3,是,是,148.0,base_info_20260116115621081.json,,33.48786002415868,0.310828773602457,35.270256117896416,0.987922804852756,40.73772466154544,0.1656633178616976,46.13791228396764,0.4544439917459257,81.57719462572338,0.5455403779605482,73.2629402054125,0.4627130370106186,226.01380870653972,22.4730390540271,178.14666017357436,3.0665807053787475,49.98859957135708,3.3380611169147127,82.28294167681953,1.472643321365462,176.99873516337118,44.92789067347371,66.9930377937075,31.50058281408932,151.86188085283166,63.73088189980009,76.04858941942804,39.90857550906232,27.276410736342644,0.339451600774702,40.61923814667511,2.321815680374619,36.10213287105587,1.3646843856245852
1544,3,1385.0,20260116115623723,3,是,是,100.66666666666669,base_info_20260116115623723.json,,,,,,,,,,,,,,,,,,,,,,,,,,,,,,,,,,,
1545,3,1386.0,20260116115626476,3,是,是,130.0,base_info_20260116115626476.json,,48.668991151410665,0.2301204447656424,36.64424466761317,1.1755584914014137,160.3965231100174,83.306333626514,234.77779393169763,4.033709623060071,133.71135018115135,31.66283773391979,162.6022229381854,32.93796374625538,164.5935235380605,98.1289494836224,227.25253928209864,31.915382425966627,90.19544673501473,108.03538196762766,79.92196324790774,37.86254981770568,132.84476282390395,24.165395563699786,132.4892040070914,73.40311639610756,165.15922194522568,98.79489033092403,21.36447079023367,6.10645660688726,100.98165332046028,34.662206991732745,87.45737321843716,32.042958681873266,26.474997541939885,0.6738219189742246
1546,3,1387.0,20260116115629509,3,是,是,129.0,base_info_20260116115629509.json,,30.88840861559491,1.4819550459192998,22.3402112785906,3.0404505714714896,48.15639871211412,16.67371871769714,51.36381327773047,0.6648349827281449,79.82034243107883,1.9699294578565627,69.84838101848256,0.2709024975290908,84.74931158535283,117.20994018137336,176.41667655786804,2.531844880455706,71.53706682875622,19.6223129137567,72.47871801768834,0.2763805807851981,35.175809618557274,0.2791777823244493,165.45161105689877,95.57579396182813,167.7416992696876,109.5525294122753,246.53199022184535,10.115632574617102,159.43739576219767,93.19637162799168,85.46380528561752,66.60929556233432,36.84650508306137,0.5047150828868919
1547,3,1388.0,20260116115632633,3,是,是,99.0,base_info_20260116115632633.json,,,,,,,,,,,,,,,,,,,,,,,,,,,,,,,,,,,
1548,3,1389.0,20260116115634526,3,是,是,117.0,base_info_20260116115634526.json,,,,,,,,,,,,,,,,,,,,,,,,,,,,,,,,,,,
1549,3,1390.0,20260116115637516,3,是,是,129.33333333333334,base_info_20260116115637516.json,,40.47097621282472,0.1504993166162151,18.835828705728726,1.346769848182502,43.84885081610344,0.989862883785676,48.28702107899746,1.3624669127317872,77.14905601277677,0.6461958666462767,64.5411048327556,0.2140721644554234,65.29382580507854,50.26745870580279,171.3316117121632,2.710821015436834,46.56481187138258,0.0930324430912449,71.32005167034352,0.4824746170464044,33.3971499164534,0.4882164088168216,63.64308471590088,48.00765263637007,57.81397441345592,59.44896632718376,16.87287941806099,0.4787505708418543,74.14969443675439,36.48088787188109,72.91798805385565,8.018984542229727,92.25587990529488,47.67610605016854
1550,3,1391.0,20260116115640246,3,是,是,101.0,base_info_20260116115640246.json,,33.85044632282125,3.806241720885774,32.58532944397124,0.6403584949739726,138.17177590153446,59.33340785744152,45.1440158064815,0.9852101761518076,128.31886664937858,44.08987940067273,144.2894333502641,48.62077749290865,237.72533505557945,7.539397318734716,181.17768026213545,40.67520455389837,123.19517575193905,53.727585967224506,140.0143540738757,49.01099670704399,67.92213599030048,45.31075955821519,79.98039757508528,6.167892432318496,216.42416685055304,25.92351766019904,32.26637658716953,22.10592853075133,120.51404584449708,56.14670973593,80.29964462762025,38.7965760811211,37.21162064420154,1.1591240575184294
1551,3,1392.0,20260116115643477,3,是,是,90.0,base_info_20260116115643477.json,,115.22029566235648,60.03268150744611,28.890101870052828,0.8269288377275429,167.9207450573278,91.70210175912086,232.8749351522899,10.30287262106332,211.85144586944725,5.872625897867143,110.96137269030912,81.31522903353863,171.0318960260773,119.44534231938538,128.9970691606151,41.2562169775269,76.6725836825366,97.46478255543576,5.71386105497458,3.425116900368662,76.0619683769836,40.377197647846565,114.14609170096774,66.59951824549948,153.21588745311246,37.88583314391688,133.67896910797745,42.93314337565506,222.56385245888316,22.606051472833364,39.080146726605086,14.657531195623932,135.7441123783323,72.42779754456005
1552,3,1393.0,20260116115646224,3,是,是,67.0,base_info_20260116115646224.json,,35.92249531955732,0.294311610026246,32.50060010774104,0.4119554070552826,249.0728563479392,4.8436956060462935,42.17017836226139,0.1827333780092311,55.09780722848191,0.2722563826721701,52.70896759182057,0.1625221932221686,234.49814235329552,1.7102428396667269,229.03510040312483,4.3500224923280335,243.44092651473665,4.8771006503981305,58.971800009127286,0.3258227572092001,32.125346822196065,1.3263376511980252,223.5593678071722,6.669772106930931,233.2520551738829,2.1332173850962195,13.300915892246998,0.1635482578794186,26.559672379050824,0.2430706273367597,34.62436693914965,0.2245517762101406,26.337292712856392,0.2854477128463607
1553,3,1394.0,20260116115649419,3,是,是,112.0,base_info_20260116115649419.json,,,,,,,,,,,,,,,,,,,,,,,,,,,,,,,,,,,
1554,3,1395.0,20260116115651999,3,是,是,91.0,base_info_20260116115651999.json,,46.84704927698389,0.0046577616423896,30.350355483222923,0.0524887125935286,231.34246303975965,4.230435412706141,231.24869629385975,4.557126785729677,97.65398029897646,51.4282261968347,103.8688974148012,66.44440813640213,203.26806902245536,54.03859439195622,256.80704522522615,3.3720645233619244,1.5562426188861735,0.8288661785947602,159.6448735633952,82.48371075338981,148.50398895785378,77.13829336739389,117.9230762526675,95.02466816067576,202.94199313216092,54.34968213785224,14.401552539156723,0.2325537820593869,67.12345322153702,53.77343523877707,64.54081035476632,44.337841924117946,23.81179916441054,0.1142806356308471
1555,3,1396.0,20260116115654599,3,是,是,134.0,base_info_20260116115654599.json,,42.37175391842084,0.844273267818707,41.95395906941969,0.8498373948636775,108.12126382760847,95.03086506750677,240.8764090459956,9.97097002721099,67.49588018997694,0.4022572517918116,63.72511025926038,0.2001502601412622,222.7285485968392,10.04218067133699,204.04788235395145,17.36417447667195,169.69708131978987,118.32010416632184,217.57231516058783,10.378892328028858,37.59294053291598,0.1577465355145521,218.45350962918943,9.183471428193409,223.9664816966396,8.799136666937223,17.253604729624016,0.1110781274679884,29.783628620477582,0.1802798102847139,34.282694003553964,0.5741224424337117,31.44657139611533,1.7937166635430164
1556,3,1397.0,20260116115657041,3,是,是,113.0,base_info_20260116115657041.json,,61.88157390193775,38.81505682882689,34.726253975459024,1.397674347967288,235.63831879019347,10.669710418404923,237.015706350032,9.93430016087568,215.18837680584292,3.4730494574856934,174.34236164692288,50.79907517418298,232.08033798330453,4.433079206031241,230.97422710744505,7.1602625124125385,3.4576504437849813,1.843063292716668,9.47662213082154,5.304651068768609,229.40762391509023,4.14290916261162,27.074608961179663,0.1917384252824933,14.617409700085217,0.2990631859926173,234.26093400870343,3.706233932402303,218.4239479699508,3.68180766220122,36.54693030610937,0.2327544569217829,69.15322702637906,48.20137608644645
1557,3,1398.0,20260116115659947,3,是,是,63.0,base_info_20260116115659947.json,,,,,,,,,,,,,,,,,,,,,,,,,,,,,,,,,,,
1558,3,1399.0,20260116115702189,3,是,是,143.0,base_info_20260116115702189.json,,44.659594220542566,1.119251489112088,41.43057389977316,1.1165338546303043,177.16447268590278,95.28656041298088,241.5727282871005,4.872110021553812,65.0563296446446,0.5446117909321281,65.19287421815172,0.1718517357653223,243.7646613947597,2.109456795613605,226.3050835863848,24.32521837041051,82.93132200327285,115.59561310061368,210.6636962946676,3.854457096704464,167.308830636086,50.60524464726775,48.81872841255588,52.61287227467679,243.38894045368508,2.138763268873098,16.121846171370425,0.746987359206231,34.21440824208732,1.3275396996250888,38.139159961726726,2.4000723025125805,29.15337195499499,2.0980276014552506
1559,3,1400.0,20260116115704554,3,是,是,98.0,base_info_20260116115704554.json,,33.172505743728344,0.8335808374465213,28.926235684718492,1.3163284543675475,54.82056066799203,25.13245156741256,44.47633555042239,0.0949820938546218,68.10445483243531,0.5775966320470215,60.73104772771259,0.2830826372476829,78.62347851467608,74.86572816516271,165.69029739048358,3.449544357955457,60.40910137702191,23.17023826406994,67.47740678702748,0.3553419631661731,36.776266713238805,2.695453489696859,81.88873396180522,64.18185614559283,70.39778532332159,81.23208266836659,17.364240063145626,0.2602901573064414,78.9967981631577,76.96667924056162,83.08969604713205,68.70788167703934,28.07379705751844,0.4047569434101379
1560,3,1401.0,20260116115708216,3,是,是,76.0,base_info_20260116115708216.json,,37.500230070718175,0.2641708950300301,22.659422941063667,0.4521498784472401,32.47964222364323,0.3069518891127226,39.83442621712632,0.2646208667398808,67.70990891378335,0.3105065840118353,55.03301336887503,0.1301258764934856,21.932113188450582,0.0427469319780663,146.8101174286668,0.2862550272419651,41.26680424344414,0.1976499347792179,56.91298352282322,0.0750041412700782,29.25510060140136,0.4380657507822677,25.101788941180995,0.7157025906690083,11.367270052734137,0.1567598672864704,14.72639490267266,0.1308306398791973,29.03786972124863,0.0903577313745771,30.918288149864484,0.0599430951275355,24.283985494302367,0.0733235505442768
1561,3,1402.0,20260116115710701,3,是,是,79.0,base_info_20260116115710701.json,,42.39191626631757,0.802046128965931,29.11679611704932,0.7412050971815203,34.92576725600839,0.0537738522861874,224.37058473829305,9.052738510860763,74.62318290479267,26.49339636848703,83.36624696038234,38.88588694155146,93.36290528619368,57.88510058462718,154.98007050951847,0.3793370373944722,223.6599874841098,9.02541524071909,169.1842554885673,46.18431365135544,66.14851463809536,41.77964796559289,52.54443612709478,27.358534761240957,90.4289132908719,60.416860897800895,14.504420647260687,0.3881346451156641,30.373888672978516,0.1928749354437885,31.3004392031438,0.1900387116827022,21.960295898314232,0.0437859692250026
1562,3,1403.0,20260116115713600,3,是,是,51.0,base_info_20260116115713600.json,,38.06777603261903,0.5643718375494091,24.44834776103788,1.0478944826197718,218.17367565694005,10.02236402016486,227.31902311127203,5.406086379170615,106.5031732415118,72.53381807728228,107.73895116244204,87.15434594048385,236.75753884105956,9.781749906625828,240.61629663124413,9.11248082255459,9.341454648633263,4.736506776486036,155.02641476701405,106.67939157380314,100.7035854267358,99.40431507968616,230.20680935428916,10.293204867582372,236.72825535220235,11.55559348089479,13.463213562125594,0.2491688808995911,21.45702517665713,0.8538840986919705,27.260362399088645,0.5187665034051365,19.613330163999358,0.197260317125401
1563,3,1404.0,20260116115716277,3,是,是,221.0,base_info_20260116115716277.json,,48.5279246285534,1.416261360218644,42.066657774055166,1.460389393444249,216.4916980430244,19.99735702084275,220.3269723429424,17.905710594537904,188.3704344826521,13.46705690144858,217.33694234387644,16.11029752562407,69.15567897577513,94.09975465545872,237.60855118342388,12.050254299420216,8.456464988857306,4.584870322015564,11.75936563363767,6.414087416578019,170.92148644943526,41.03865253645265,168.43678596455584,42.37012784056216,226.27089657394072,18.60136680765466,164.92669868153058,103.241118862459,154.18625809720933,80.35097300701709,39.91059155049621,0.0676597284912175,37.49851660989749,0.8420426047371464
1564,3,1405.0,20260116115719302,3,是,是,71.0,base_info_20260116115719302.json,,92.16829667959558,74.81698469731923,31.8813717159311,2.1169061376633698,35.392727860111336,0.1492992640798582,82.3443944972405,36.025139507050284,161.61925590540417,71.2261915214664,230.89404545675663,10.656450185857874,245.36971851802028,4.448108390853992,151.4330866682286,0.5412897184076692,83.35791028713578,36.023677786729024,114.1088352478066,47.36441938306125,106.21259519291682,92.6570308531954,168.13664415282378,80.16335956022064,245.10296790047792,5.309925920333255,14.105189758575827,0.2941632976308285,196.82819135426573,73.02710829714509,188.1823306010575,72.44802673232208,92.5751992394011,97.7009798914961
1565,3,1406.0,20260116115721387,3,是,是,69.0,base_info_20260116115721387.json,,37.217680632234014,1.21692116592993,26.66124976255523,1.0164267392336714,32.90452329074065,0.2909904221368181,56.683718934944544,11.327778536680912,182.9375202634205,11.071339660784153,205.377759453562,12.338517876933908,218.17539969081335,20.238322606696585,150.17416960107064,0.596383868351325,55.79514636520511,11.12679127083774,165.71025068272718,28.86191264434756,212.6207312618237,11.915994844177844,21.24197844281785,0.3585273013319067,13.686888156125963,0.2644001954821782,222.18812182844053,20.323763006778936,155.93519955732378,64.37201700682893,67.09229644179574,48.70184254845719,23.655336152270525,0.4759768762435439
1566,3,1407.0,20260116115723718,3,是,是,0.0,base_info_20260116115723718.json,,,,,,,,,,,,,,,,,,,,,,,,,,,,,,,,,,,
1567,3,1408.0,20260116115726350,3,是,是,119.0,base_info_20260116115726350.json,,48.4501129901136,0.1152302021483576,32.45841837502997,0.0809107572931078,166.7540343767626,88.82433182372402,239.09527157169543,0.8171649797064181,64.05369360474583,0.3231499662128864,62.906738485418735,0.4524845524243757,272.04621424331793,0.8976500513284545,236.86713974085103,41.34089007720949,85.90675107395252,107.0399826262088,224.63036658895635,0.5046767649232881,45.06954021964746,1.402183099331448,254.0222765913816,1.8569471493909104,273.07109937456147,0.8906645833261847,16.52806027324714,0.3261284611641321,27.097809968578108,0.0149742669092577,36.18654494173529,0.2728329426129676,26.210015835479243,0.491609318529183
1568,3,1409.0,20260116115730216,3,是,是,87.0,base_info_20260116115730216.json,,44.68242944223806,0.3397966193470959,28.79027629378055,0.3587949511349142,122.4791357568932,70.5435947069937,233.7551881079161,2.024150864613079,142.02292616129608,62.1622478158587,159.56433310812255,76.28854755081245,154.35221640754003,87.74930696958077,196.51826452386143,35.6503042188667,124.01787959552084,84.41968892268136,94.7025448872692,95.10710697794194,119.13417200599986,63.600696419237366,82.08094558035842,89.8654830226139,154.1182988475199,89.13907926570101,15.52607450919289,0.1589855003327707,85.88101202275016,46.8971260421042,74.82092422986793,40.15836674147836,23.41967986004392,0.2150053512320409
1569,3,1410.0,20260116115733471,3,是,是,120.0,base_info_20260116115733471.json,,138.80763820301274,64.24563062026866,38.949840124190295,0.1951989948029302,243.34005850361845,4.557278740059398,248.14432487995592,2.006141023612767,158.3413368798026,30.97533190930137,78.630926203466,45.30196677466214,160.67706690772894,95.94507684760995,235.51973066093717,3.414386094416019,4.96864207641333,2.647078481276244,60.36116334735011,32.26771418850668,170.76185280189247,34.83141096946938,158.17474308579628,92.0173092281914,160.0691410011216,101.53604027875964,16.26395537617535,0.7468487719814262,30.490819810353752,1.927501464743302,34.16559534313718,1.3514532496063576,153.60265249097137,66.20151793216432
1570,3,1411.0,20260116115736837,3,是,是,74.0,base_info_20260116115736837.json,,,,,,,,,,,,,,,,,,,,,,,,,,,,,,,,,,,
1571,3,1412.0,20260116115739497,3,是,是,132.66666666666666,base_info_20260116115739497.json,,95.54288389275906,48.70909762212095,31.78850697835381,0.7395264541308413,202.8619416932472,18.78886451987771,46.44500109002245,0.3209901587455952,75.48249423189661,1.2970356105321688,129.64751579866376,50.79047443817832,218.60219498825165,21.60058989263716,216.4113719193317,23.396721942736026,203.8698631827972,19.580669471353453,72.52676347147276,0.6297033872215398,209.01052617534472,19.290447650006183,4.398295364429888,2.460839935001604,205.28779621717655,29.9642837405543,21.689181124764435,4.95296211904113,29.368402171089425,3.952723938886273,44.75974518565761,8.279125666637803,89.70667436539217,53.43336151528875
1572,3,1413.0,20260116115742203,3,是,是,101.0,base_info_20260116115742203.json,,41.30428791333265,9.518547065636929,179.9146963696992,18.168557156522464,5.698276466327595,3.1934500014915463,212.98134455098463,18.723795934775715,69.55635297877075,0.7753774898481517,70.45805909346643,15.268544220937985,24.4966458428284,0.2739324815785248,216.8866613261281,16.554976893632702,210.263482160624,20.454944251667147,66.42885753208223,0.5550312194817556,226.1757048702825,9.352280194603072,230.6039302737169,11.073306043994778,13.50158586143251,0.2097136672791845,15.558644725545358,0.2236632209170513,25.380174838128493,1.0961487172057949,61.166770293101735,36.79742403508597,35.08341339503455,11.800774738626291
1573,3,1414.0,20260116115744788,3,是,是,73.0,base_info_20260116115744788.json,,36.44610430334765,1.4866153270653149,23.909990004318782,1.7414044804346849,161.83610269326053,42.4663358888675,42.38055515860663,0.3169254411429491,113.11087550564405,54.98510987802751,126.40373632508812,64.5042906284925,113.6069845479244,70.02334406925029,209.71660873791012,24.384265890571022,166.7123335449146,36.73638047717693,129.42414905930684,60.728672887662185,123.69917678296838,70.36842266216031,104.14061478314048,61.12182159639232,113.98963874082727,76.01049929036672,17.183962508079468,2.0504411749908744,57.08327697670844,46.3478437161406,53.19541273475409,35.352398965473576,24.71885464114166,0.5413923325918937
1574,3,1415.0,20260116115747650,3,是,是,84.0,base_info_20260116115747650.json,,42.75728242043516,1.3689734429138185,27.99717611850445,1.6190680801801751,159.54389951300277,86.51152385962622,210.04051241668,17.570715370153017,157.33043798378375,31.56234520126475,180.59640881928928,34.806626221575705,22.150790965890597,0.4194823526170888,219.3799271167098,38.60261279443462,64.6728910370675,85.87558865360293,36.87635468136182,19.955981069851124,179.84209113497036,35.06707781697518,23.739728873278224,0.9079892065952114,14.795993353828898,0.2490621158308004,14.908707433927445,0.2779395921507133,30.83666988626565,0.7277782058379516,32.46402414378526,0.1596506279649978,23.458611860798595,0.095030304244355
1575,3,1416.0,20260116115750169,3,是,是,104.0,base_info_20260116115750169.json,,95.57350131554392,43.02190300673272,20.181229994812096,2.9068020923079407,38.54617166860957,0.6489502932795261,43.87215342918123,0.320863902761405,77.32845682950118,1.721564457317064,130.33810350635625,53.87819660173689,26.14587257161449,1.1340768650898496,172.03948362025642,0.4970794691029593,45.0031945458259,0.1270629986020936,67.22632736624097,0.5187422848466049,35.02681673053162,2.933802147276799,35.019305987975024,3.602501429121693,17.46798267170879,2.529235756992417,15.523406840010637,0.1107045282172547,46.23115491829309,10.654288327069542,37.7955050124963,4.42879211423719,115.81000135645216,65.86514966130353
1576,3,1417.0,20260116115752566,3,是,是,133.0,base_info_20260116115752566.json,,47.06167850085544,0.7100247348702611,37.73443675478486,0.0550456793351112,204.49342394275288,19.7713905038132,205.9463686020948,18.97565539414778,179.50793143710902,16.779611768084404,207.05131330084023,17.773380007256293,25.48207478629134,0.474643049636693,232.6662097689688,15.602721137852468,6.456336099634798,3.498488169719235,10.594372168043668,5.749908283463625,213.3834579453543,18.73123579296711,24.41991209148327,0.5932486510074167,18.02013364261558,0.4660903785063837,16.534800585366145,0.3140274511516763,150.73058385179854,58.85873420965105,138.38505853075026,55.29677808642688,26.98055244099025,0.0899731848897923
1577,3,1418.0,20260116115754584,3,是,是,48.0,base_info_20260116115754584.json,,33.52090896024717,16.148911573643794,23.147388797370343,0.9438443293777036,109.45745127217567,82.39950822935138,37.81423775813566,0.0579827694839352,54.09613939454891,0.2762507419378873,55.49871617418672,15.642476719264424,100.77220871893336,68.94440646852038,166.15209354625404,48.74591646933208,109.42574101221524,79.11029375534545,49.48795537910744,0.7158847100374047,25.34110104313902,0.1873775721160696,92.74010119027136,61.04869032602705,97.20464182950332,71.23867668469829,10.38530465610996,0.1877606674092851,41.76950727067049,8.141283267825234,34.67183473410629,7.911596242234654,42.40129572188156,22.52015457011138
1578,3,1419.0,20260116115757097,3,是,是,100.0,base_info_20260116115757097.json,,42.48094777882537,0.3253745131070434,35.43416346039742,0.0973018420710864,86.27508399703781,66.74363846286782,222.4262736823974,7.105038813718726,189.2590359958252,6.586605306214079,212.59213319033935,7.165760888438275,33.65757128124141,6.548902899619257,186.8615659102568,15.971059231229862,167.11907550818282,94.93379104704464,10.090885949385925,5.196388228031701,121.3665792163424,85.69387596900019,91.53808356788636,79.55587643766954,29.300098864061614,8.01020917419564,16.128794565000003,0.2205950416066475,38.21380929426088,16.48173614588754,41.67313643799847,9.428878699931197,28.330196175219257,0.6792569851572502
1579,3,1420.0,20260116115759842,3,是,是,91.0,base_info_20260116115759842.json,,41.20345472343523,0.2455632308368269,29.36278574335103,0.1353481521510896,35.96585342575528,0.193062509981891,43.4704167515365,0.1608445806515813,69.64929034079039,0.5840925251205252,56.921802014572414,0.2609844149581775,168.65483323982548,102.51751241208297,167.30179042437192,1.0898318298580332,44.7639469095401,0.1170697472480151,66.06388364989272,0.6201545470709723,30.674349758650564,0.1924570331165611,30.768719734042232,0.3822124616303359,14.032459060534118,0.2761469452183742,166.86175567368468,107.40685167375824,158.9946965913368,94.40177246189371,30.05675739844791,0.4055338267592517,25.96513997505042,0.2079933809658543
1580,3,1421.0,20260116115803696,3,是,是,60.0,base_info_20260116115803696.json,,37.567811663823385,0.4233656655121706,25.931768185013663,0.5189813517577628,90.9070289206843,82.71921772870739,40.049662382329466,0.2922143921657221,208.12614480439444,3.715901500320765,232.15326517265532,4.242849885597624,241.32590802530908,14.707831837289673,174.382011984302,43.17236379608226,96.24792443998,77.7118420654901,226.6816317381352,4.174333377190512,241.2404628918888,5.166647477925439,241.80813100799847,5.422799247914936,251.64063608502988,5.390846674899921,17.48360976897149,6.445707987475196,25.11222670632475,4.40670826402264,27.622027423123708,0.7252266838475857,22.98046052714238,0.2944485725583278
1581,3,1422.0,20260116115806241,3,是,是,157.0,base_info_20260116115806241.json,,169.19664971526666,30.005542193133124,34.54696922545268,0.1126547500975943,103.36811959743538,88.3330451204702,235.55225372741293,1.682268060401397,98.05406113280075,26.442754213489238,93.68979109981724,58.67125207946822,255.24754093724263,22.636560760572383,228.9574048813362,45.33395863142241,156.9836116543479,104.57465790800876,128.23985821431745,35.45970212622831,118.90295365073008,37.00607345522016,137.56503670534116,94.18606270939964,258.24238627163,23.40179997638429,17.694045065861243,0.5126443729264656,28.94076915586808,0.7201095484803348,42.35876790350297,1.7036831717064678,213.40182000099665,28.896118592295693
1582,3,1423.0,20260116115809615,3,是,是,136.0,base_info_20260116115809615.json,,46.25713023426491,0.0996521945212159,36.27050312993845,0.1337930969462003,235.69099143327432,1.2527479433562618,48.24480516542153,0.065121570110265,199.4536618475672,5.275756954323668,227.8936255579756,5.3788354223298205,160.3439697272388,41.72291148724357,261.1271917806927,2.001003653425336,236.18643702868567,1.3359384483136407,229.1951197634572,5.328834462210373,240.70804424630956,5.466735057755421,148.55919950838054,41.6085694832331,160.3061449631783,42.13614220680646,17.794307806903866,0.0612108351514163,61.71204863453142,31.83897264544935,55.38727872817092,24.298881703938477,27.75785923129948,0.2244126248668908
1583,3,1424.0,20260116115812020,3,是,是,150.0,base_info_20260116115812020.json,,48.96504298243304,0.1188638695122354,38.54105815130389,1.053006182398041,225.38393941310684,10.525760648794028,200.33198300950772,44.888570955949525,169.99389419735667,21.07174304250941,198.14833858408545,22.108041189638104,79.1928023931295,43.74675609963386,244.6763725465471,6.635060666055208,43.03111323430582,43.08089181793165,61.841777450785,25.981366185170003,180.92697798227888,33.30062775320966,50.15687221652413,16.94867213969551,74.91302063774805,47.57266772727398,18.288631197544618,0.2788917401815677,203.78473908308703,44.8607878125986,188.5024936654644,44.65687636617563,25.352718614385896,0.199792516291995
1584,3,1425.0,20260116115814665,3,是,是,95.0,base_info_20260116115814665.json,,40.72681195202575,0.2125443115993217,31.994144956942687,0.1750501749610349,233.7059198534184,4.388274655616191,202.87083531096852,21.05507266891945,176.5196890754958,30.15070854543172,199.57479979391815,30.63557685771253,68.2478512330254,64.32215255064666,242.0556603817296,3.469278427225198,31.80719154075692,17.278400093931296,16.3634582787728,5.052797898380199,185.25745909162612,34.84491300893514,61.370111549120985,50.00509038945952,62.57921424633286,67.79181418823836,14.286356022089278,0.2751856026499258,29.997753368881337,0.0060503917384541,32.90156604137638,0.1661228030083971,25.456915995600134,0.2122732637747366
1585,3,1426.0,20260116115817166,3,是,是,113.0,base_info_20260116115817166.json,,48.780966847969616,0.1805460948531987,30.109465417236265,0.6683219184154894,204.8510395281788,18.14221799562908,205.4255193238001,17.823605143945095,146.69123956976767,37.83845948108495,178.5586524468365,39.30791248936405,241.0041609383574,20.772766379931472,255.0717539562552,12.308146156745916,6.060682189247454,3.2344259128869925,46.44703273231479,49.28030179500906,34.53597498052809,39.43407826071499,70.24761444748943,92.33467755992102,241.56587212061936,20.306711368168205,16.2664291430464,0.4024816684827247,28.004427455274467,0.1959483080416293,34.77589015422256,0.1881146305973086,27.440712086061342,0.3350630735953741
1586,3,1427.0,20260116115819582,3,是,是,64.0,base_info_20260116115819582.json,,35.50755276668736,0.2685147217362821,24.309716632083312,0.0596602948419305,37.33444516468896,4.463747688264451,205.98558646979384,17.92485670909236,186.3154448074532,17.96462194304338,209.6379633837921,18.733805852588898,168.57700319155234,52.37470511810746,139.3394005786004,7.583746972298093,190.3911112518324,13.820555749399896,7.689287078986408,4.211078551026072,166.22225193384696,27.87810232213192,149.6148457936195,56.89193303783089,201.7804040088049,21.0723386024255,60.416817845062745,52.36486195608374,49.44205302662717,5.571674967761628,46.86190798618676,15.639928049643013,26.08560806837873,0.2467785636026339
1587,3,1428.0,20260116115822476,3,是,是,137.0,base_info_20260116115822476.json,,46.403032237916825,1.0125324456172498,33.453594249689424,1.1292175770913448,39.52440755705364,0.351890219861335,48.29731864922678,0.3119458617813677,178.8935653045465,16.381849617607443,209.77512845238297,17.921387227726004,33.3370636356971,3.2208304784756265,182.234409294272,2.0848074481271985,46.36995272528833,0.1223272127123327,205.01108675975684,17.03189098306657,61.44832819248918,78.59252039180619,183.24488149350483,65.56056403572306,17.854199657936864,0.2964329182772629,26.24436836842637,6.191017181273788,26.204177765467563,3.927030057049304,37.76143383546077,1.316653215423622,27.77358422486581,0.0876356931993478
1588,3,1429.0,20260116115825376,3,是,是,73.33333333333333,base_info_20260116115825376.json,,,,,,,,,,,,,,,,,,,,,,,,,,,,,,,,,,,
1589,3,1430.0,20260116115828037,3,是,是,81.0,base_info_20260116115828037.json,,146.81090810260568,50.35855269623337,30.519012425800195,0.5109967472165035,214.1706081525455,19.97096725415977,216.8232386691633,18.27876833405084,208.0575311968605,8.281704446223621,63.00283818628802,57.324402605817376,171.1328768150472,55.98585663410999,214.10471471331743,15.108062131658563,6.438695227687281,3.514440246750297,19.20000441414166,10.061682995115676,218.53888387094693,10.70809446267865,161.3601201139471,56.40965608989663,167.98669714733856,56.3630376868877,14.584878786629025,0.1367457410246095,28.956235703813537,0.1930701101553507,31.752323841531023,0.0659240587142177,162.35905464787297,50.86241898214325
1590,3,1431.0,20260116115830407,3,是,是,131.0,base_info_20260116115830407.json,,27.9441028776196,0.5868054558337918,38.357180264470514,0.9859685583667508,40.85399054418028,0.297305921512294,214.34015380051704,18.23918231655318,182.77233069999457,17.09481956365096,186.74149125777467,16.513017930852204,212.03193877168317,19.34445443494065,181.1794471580288,0.674534919383032,222.499789061868,18.250505397519373,10.081941609398266,5.402703333319864,158.45823163740096,41.85249010419267,156.15479210854542,41.4806638792544,210.8660215739543,19.68996258016798,13.424637733848298,0.0562723047257489,33.313001582847924,0.4179159529404764,30.584328976157053,0.1375751291530874,31.4779299013076,0.7233521597642089
1591,3,1432.0,20260116115832872,3,是,是,59.0,base_info_20260116115832872.json,,40.01288244492584,0.5614556766575455,24.70188815154791,0.2206478842652946,34.41545207539789,0.4639615822091123,227.13264326823867,8.715251437972109,126.74636468188852,49.21938262969724,149.54969836369634,53.06635295385984,146.53111457621495,39.42582698827999,139.55945495578905,4.110401309248229,221.31264701036795,9.16154300213865,89.39474438758583,47.75886990005637,110.08134230257616,41.71168101243904,121.94703195786074,65.88470213985492,148.46884626535484,42.02496074188894,13.095137289411085,0.8594031511280052,22.973301201281192,1.220656362746413,28.21662541704541,0.0171017920968702,21.05174326312734,0.2147574232911136
