collect_id,timestamp,image_num,avg_weight,collect_time,ms,collect_time_full,process_duration,sample_seq,image_valid,weight_valid,measure_success
1,20260116100032003,5,144.0,2026-01-16 10:00:32,0.003,2026-01-16 10:00:32.003,,1,不合格,有效,失败
2,20260116100055038,5,140.0,2026-01-16 10:00:55,0.038,2026-01-16 10:00:55.038,23.0350000858307,2,不合格,有效,失败
3,20260116100103537,5,290.0,2026-01-16 10:01:03,0.537,2026-01-16 10:01:03.537,8.49899983406067,3,不合格,有效,失败
4,20260116100110009,5,110.0,2026-01-16 10:01:10,0.009,2026-01-16 10:01:10.009,6.47200012207031,4,不合格,有效,失败
5,20260116100117526,5,129.8,2026-01-16 10:01:17,0.526,2026-01-16 10:01:17.526,7.51699995994568,5,不合格,有效,失败
6,20260116100127142,5,104.6,2026-01-16 10:01:27,0.142,2026-01-16 10:01:27.142,9.6159999370575,6,不合格,有效,失败
7,20260116100131551,5,113.8,2026-01-16 10:01:31,0.551,2026-01-16 10:01:31.551,4.40900015830994,7,不合格,有效,失败
8,20260116100135061,5,140.8,2026-01-16 10:01:35,0.061,2026-01-16 10:01:35.061,3.50999999046326,8,不合格,有效,失败
9,20260116100138156,5,125.0,2026-01-16 10:01:38,0.156,2026-01-16 10:01:38.156,3.09499979019165,9,不合格,有效,失败
10,20260116100146416,5,109.0,2026-01-16 10:01:46,0.416,2026-01-16 10:01:46.416,8.25999999046326,10,不合格,有效,失败
11,20260116100151841,5,132.0,2026-01-16 10:01:51,0.841,2026-01-16 10:01:51.841,5.42500019073486,11,不合格,有效,失败
12,20260116100156710,5,76.0,2026-01-16 10:01:56,0.71,2026-01-16 10:01:56.71,4.86899995803833,12,不合格,有效,失败
13,20260116100202313,5,143.0,2026-01-16 10:02:02,0.313,2026-01-16 10:02:02.313,5.6029999256134,13,不合格,有效,失败
1,20260116100932204,3,117.33,2026-01-16 10:09:32,0.204,2026-01-16 10:09:32.204,449.891000032425,14,合格,有效,成功
2,20260116100936940,3,128.67,2026-01-16 10:09:36,0.94,2026-01-16 10:09:36.94,4.73600006103516,15,合格,有效,成功
3,20260116100939659,3,114.0,2026-01-16 10:09:39,0.659,2026-01-16 10:09:39.659,2.7189998626709,16,合格,有效,成功
4,20260116101003298,3,133.0,2026-01-16 10:10:03,0.298,2026-01-16 10:10:03.298,23.6390001773834,17,合格,有效,成功
5,20260116101010568,3,126.0,2026-01-16 10:10:10,0.568,2026-01-16 10:10:10.568,7.26999998092651,18,合格,有效,成功
6,20260116101014845,3,88.0,2026-01-16 10:10:14,0.845,2026-01-16 10:10:14.845,4.27699995040894,19,合格,有效,成功
7,20260116101019186,3,119.0,2026-01-16 10:10:19,0.186,2026-01-16 10:10:19.186,4.34100008010864,20,合格,有效,成功
8,20260116101023951,3,97.0,2026-01-16 10:10:23,0.951,2026-01-16 10:10:23.951,4.7649998664856,21,合格,有效,成功
9,20260116101027977,3,157.0,2026-01-16 10:10:27,0.977,2026-01-16 10:10:27.977,4.02600002288818,22,合格,有效,成功
10,20260116101033101,3,82.0,2026-01-16 10:10:33,0.101,2026-01-16 10:10:33.101,5.12400007247925,23,合格,有效,成功
11,20260116101037534,3,135.0,2026-01-16 10:10:37,0.534,2026-01-16 10:10:37.534,4.43299984931946,24,合格,有效,成功
12,20260116101042542,3,86.0,2026-01-16 10:10:42,0.542,2026-01-16 10:10:42.542,5.00800013542175,25,合格,有效,成功
13,20260116101046477,3,130.0,2026-01-16 10:10:46,0.477,2026-01-16 10:10:46.477,3.93499994277954,26,合格,有效,成功
14,20260116101051735,3,133.0,2026-01-16 10:10:51,0.735,2026-01-16 10:10:51.735,5.25799989700317,27,合格,有效,成功
15,20260116101055993,3,153.0,2026-01-16 10:10:55,0.993,2026-01-16 10:10:55.993,4.25800013542175,28,合格,有效,成功
16,20260116101102206,3,117.0,2026-01-16 10:11:02,0.206,2026-01-16 10:11:02.206,6.21300005912781,29,合格,有效,成功
17,20260116101107343,3,161.33,2026-01-16 10:11:07,0.343,2026-01-16 10:11:07.343,5.13699984550476,30,合格,有效,成功
18,20260116101111032,3,116.0,2026-01-16 10:11:11,0.032,2026-01-16 10:11:11.032,3.68900012969971,31,合格,有效,成功
19,20260116101115262,3,140.67,2026-01-16 10:11:15,0.262,2026-01-16 10:11:15.262,4.23000001907349,32,合格,有效,成功
20,20260116101118457,3,140.0,2026-01-16 10:11:18,0.457,2026-01-16 10:11:18.457,3.1949999332428,33,合格,有效,成功
21,20260116101122163,3,60.0,2026-01-16 10:11:22,0.163,2026-01-16 10:11:22.163,3.70600008964539,34,合格,有效,成功
22,20260116101126780,3,100.0,2026-01-16 10:11:26,0.78,2026-01-16 10:11:26.78,4.61699986457825,35,合格,有效,成功
23,20260116101134942,3,189.0,2026-01-16 10:11:34,0.942,2026-01-16 10:11:34.942,8.16199994087219,36,合格,有效,成功
24,20260116101140131,3,157.0,2026-01-16 10:11:40,0.131,2026-01-16 10:11:40.131,5.18900012969971,37,合格,有效,成功
25,20260116101143967,3,145.67,2026-01-16 10:11:43,0.967,2026-01-16 10:11:43.967,3.83599996566772,38,合格,有效,成功
26,20260116101147138,3,125.0,2026-01-16 10:11:47,0.138,2026-01-16 10:11:47.138,3.1710000038147,39,合格,有效,成功
27,20260116101150695,3,101.0,2026-01-16 10:11:50,0.695,2026-01-16 10:11:50.695,3.55699992179871,40,合格,有效,成功
28,20260116101154730,3,79.0,2026-01-16 10:11:54,0.73,2026-01-16 10:11:54.73,4.03500008583069,41,合格,有效,成功
29,20260116101159134,3,95.0,2026-01-16 10:11:59,0.134,2026-01-16 10:11:59.134,4.40400004386902,42,合格,有效,成功
30,20260116101202995,3,311.0,2026-01-16 10:12:02,0.995,2026-01-16 10:12:02.995,3.86099982261658,43,合格,有效,成功
31,20260116101208034,3,198.0,2026-01-16 10:12:08,0.034,2026-01-16 10:12:08.034,5.03900003433228,44,合格,有效,成功
32,20260116101212543,3,111.0,2026-01-16 10:12:12,0.543,2026-01-16 10:12:12.543,4.5090000629425,45,合格,有效,成功
33,20260116101216538,3,117.0,2026-01-16 10:12:16,0.538,2026-01-16 10:12:16.538,3.99500012397766,46,合格,有效,成功
34,20260116101220775,3,122.0,2026-01-16 10:12:20,0.775,2026-01-16 10:12:20.775,4.23699998855591,47,合格,有效,成功
35,20260116101224551,3,99.0,2026-01-16 10:12:24,0.551,2026-01-16 10:12:24.551,3.77600002288818,48,合格,有效,成功
36,20260116101228578,3,111.0,2026-01-16 10:12:28,0.578,2026-01-16 10:12:28.578,4.02699995040894,49,合格,有效,成功
37,20260116101232659,3,85.0,2026-01-16 10:12:32,0.659,2026-01-16 10:12:32.659,4.08099985122681,50,合格,有效,成功
38,20260116101236863,3,84.0,2026-01-16 10:12:36,0.863,2026-01-16 10:12:36.863,4.2039999961853,51,合格,有效,成功
39,20260116101241041,3,79.0,2026-01-16 10:12:41,0.041,2026-01-16 10:12:41.041,4.17799997329712,52,合格,有效,成功
40,20260116101245444,3,77.0,2026-01-16 10:12:45,0.444,2026-01-16 10:12:45.444,4.40300011634827,53,合格,有效,成功
41,20260116101248809,3,95.0,2026-01-16 10:12:48,0.809,2026-01-16 10:12:48.809,3.36500000953674,54,合格,有效,成功
42,20260116101252782,3,123.0,2026-01-16 10:12:52,0.782,2026-01-16 10:12:52.782,3.97300004959106,55,合格,有效,成功
43,20260116101256946,3,138.0,2026-01-16 10:12:56,0.946,2026-01-16 10:12:56.946,4.16400003433228,56,合格,有效,成功
44,20260116101301129,3,124.0,2026-01-16 10:13:01,0.129,2026-01-16 10:13:01.129,4.18299984931946,57,合格,有效,成功
45,20260116101305769,3,80.0,2026-01-16 10:13:05,0.769,2026-01-16 10:13:05.769,4.64000010490417,58,合格,有效,成功
46,20260116101309487,3,89.0,2026-01-16 10:13:09,0.487,2026-01-16 10:13:09.487,3.71799993515015,59,合格,有效,成功
47,20260116101313867,3,77.0,2026-01-16 10:13:13,0.867,2026-01-16 10:13:13.867,4.38000011444092,60,合格,有效,成功
48,20260116101317965,3,107.0,2026-01-16 10:13:17,0.965,2026-01-16 10:13:17.965,4.09799981117249,61,合格,有效,成功
49,20260116101321129,3,106.0,2026-01-16 10:13:21,0.129,2026-01-16 10:13:21.129,3.16400003433228,62,合格,有效,成功
50,20260116101325142,3,83.0,2026-01-16 10:13:25,0.142,2026-01-16 10:13:25.142,4.01300001144409,63,合格,有效,成功
51,20260116101329567,3,73.0,2026-01-16 10:13:29,0.567,2026-01-16 10:13:29.567,4.42499995231628,64,合格,有效,成功
52,20260116101333651,3,120.0,2026-01-16 10:13:33,0.651,2026-01-16 10:13:33.651,4.08400011062622,65,合格,有效,成功
53,20260116101337419,3,123.0,2026-01-16 10:13:37,0.419,2026-01-16 10:13:37.419,3.76799988746643,66,合格,有效,成功
54,20260116101342033,3,79.0,2026-01-16 10:13:42,0.033,2026-01-16 10:13:42.033,4.61400008201599,67,合格,有效,成功
55,20260116101438887,3,93.0,2026-01-16 10:14:38,0.887,2026-01-16 10:14:38.887,56.8540000915527,68,合格,有效,成功
56,20260116101444370,3,94.0,2026-01-16 10:14:44,0.37,2026-01-16 10:14:44.37,5.48299980163574,69,合格,有效,成功
57,20260116101447736,3,107.0,2026-01-16 10:14:47,0.736,2026-01-16 10:14:47.736,3.36600017547607,70,合格,有效,成功
58,20260116101452506,3,105.0,2026-01-16 10:14:52,0.506,2026-01-16 10:14:52.506,4.76999998092651,71,合格,有效,成功
59,20260116101500989,3,138.33,2026-01-16 10:15:00,0.989,2026-01-16 10:15:00.989,8.48300004005432,72,合格,有效,成功
60,20260116101510414,3,112.0,2026-01-16 10:15:10,0.414,2026-01-16 10:15:10.414,9.42499995231628,73,合格,有效,成功
61,20260116101515483,3,82.0,2026-01-16 10:15:15,0.483,2026-01-16 10:15:15.483,5.06900000572205,74,合格,有效,成功
62,20260116101519296,3,114.33,2026-01-16 10:15:19,0.296,2026-01-16 10:15:19.296,3.81299996376038,75,合格,有效,成功
63,20260116101523548,3,122.0,2026-01-16 10:15:23,0.548,2026-01-16 10:15:23.548,4.25200009346008,76,合格,有效,成功
64,20260116101528426,3,168.0,2026-01-16 10:15:28,0.426,2026-01-16 10:15:28.426,4.87800002098083,77,合格,有效,成功
65,20260116101533997,3,167.0,2026-01-16 10:15:33,0.997,2026-01-16 10:15:33.997,5.57099986076355,78,合格,有效,成功
66,20260116101537909,3,123.0,2026-01-16 10:15:37,0.909,2026-01-16 10:15:37.909,3.91199994087219,79,合格,有效,成功
67,20260116101541297,3,127.67,2026-01-16 10:15:41,0.297,2026-01-16 10:15:41.297,3.38800001144409,80,合格,有效,成功
68,20260116101545308,3,201.0,2026-01-16 10:15:45,0.308,2026-01-16 10:15:45.308,4.01100015640259,81,合格,有效,成功
69,20260116101548796,3,79.0,2026-01-16 10:15:48,0.796,2026-01-16 10:15:48.796,3.48799991607666,82,合格,有效,成功
70,20260116101553165,3,99.0,2026-01-16 10:15:53,0.165,2026-01-16 10:15:53.165,4.36899995803833,83,合格,有效,成功
71,20260116101557556,3,108.33,2026-01-16 10:15:57,0.556,2026-01-16 10:15:57.556,4.39100003242493,84,合格,有效,成功
72,20260116101600796,3,111.0,2026-01-16 10:16:00,0.796,2026-01-16 10:16:00.796,3.24000000953674,85,合格,有效,成功
73,20260116101604801,3,123.0,2026-01-16 10:16:04,0.801,2026-01-16 10:16:04.801,4.00500011444092,86,合格,有效,成功
74,20260116101608814,3,135.67,2026-01-16 10:16:08,0.814,2026-01-16 10:16:08.814,4.01299977302551,87,合格,有效,成功
75,20260116101611649,3,107.0,2026-01-16 10:16:11,0.649,2026-01-16 10:16:11.649,2.83500003814697,88,合格,有效,成功
76,20260116101616918,3,158.0,2026-01-16 10:16:16,0.918,2026-01-16 10:16:16.918,5.26900005340576,89,合格,有效,成功
77,20260116101621192,3,141.0,2026-01-16 10:16:21,0.192,2026-01-16 10:16:21.192,4.2739999294281,90,合格,有效,成功
78,20260116101626765,3,163.0,2026-01-16 10:16:26,0.765,2026-01-16 10:16:26.765,5.57300019264221,91,合格,有效,成功
79,20260116101630879,3,108.0,2026-01-16 10:16:30,0.879,2026-01-16 10:16:30.879,4.11399984359741,92,合格,有效,成功
80,20260116101635186,3,132.0,2026-01-16 10:16:35,0.186,2026-01-16 10:16:35.186,4.30700016021729,93,合格,有效,成功
81,20260116101638502,3,67.0,2026-01-16 10:16:38,0.502,2026-01-16 10:16:38.502,3.31599998474121,94,合格,有效,成功
82,20260116101642586,3,67.0,2026-01-16 10:16:42,0.586,2026-01-16 10:16:42.586,4.08399987220764,95,合格,有效,成功
83,20260116101646484,3,106.0,2026-01-16 10:16:46,0.484,2026-01-16 10:16:46.484,3.89800000190735,96,合格,有效,成功
84,20260116101650637,3,55.0,2026-01-16 10:16:50,0.637,2026-01-16 10:16:50.637,4.15300011634827,97,合格,有效,成功
85,20260116101654450,3,123.0,2026-01-16 10:16:54,0.45,2026-01-16 10:16:54.45,3.81299996376038,98,合格,有效,成功
86,20260116101659247,3,130.0,2026-01-16 10:16:59,0.247,2026-01-16 10:16:59.247,4.79699993133545,99,合格,有效,成功
87,20260116101703133,3,114.67,2026-01-16 10:17:03,0.133,2026-01-16 10:17:03.133,3.88599991798401,100,合格,有效,成功
88,20260116101706012,3,133.0,2026-01-16 10:17:06,0.012,2026-01-16 10:17:06.012,2.87900018692017,101,合格,有效,成功
89,20260116101709745,3,96.0,2026-01-16 10:17:09,0.745,2026-01-16 10:17:09.745,3.73299980163574,102,合格,有效,成功
90,20260116101713628,3,83.0,2026-01-16 10:17:13,0.628,2026-01-16 10:17:13.628,3.88300013542175,103,合格,有效,成功
91,20260116101723151,3,110.0,2026-01-16 10:17:23,0.151,2026-01-16 10:17:23.151,9.52300000190735,104,合格,有效,成功
92,20260116101728052,3,139.0,2026-01-16 10:17:28,0.052,2026-01-16 10:17:28.052,4.90100002288818,105,合格,有效,成功
93,20260116101733789,3,127.0,2026-01-16 10:17:33,0.789,2026-01-16 10:17:33.789,5.73699998855591,106,合格,有效,成功
94,20260116101746554,3,75.67,2026-01-16 10:17:46,0.554,2026-01-16 10:17:46.554,12.7649998664856,107,合格,有效,成功
95,20260116101751763,3,177.0,2026-01-16 10:17:51,0.763,2026-01-16 10:17:51.763,5.20900011062622,108,合格,有效,成功
96,20260116101754417,3,120.0,2026-01-16 10:17:54,0.417,2026-01-16 10:17:54.417,2.65400004386902,109,合格,有效,成功
97,20260116101758764,3,153.0,2026-01-16 10:17:58,0.764,2026-01-16 10:17:58.764,4.34699988365173,110,合格,有效,成功
98,20260116101801968,3,165.0,2026-01-16 10:18:01,0.968,2026-01-16 10:18:01.968,3.2039999961853,111,合格,有效,成功
99,20260116101805798,3,124.67,2026-01-16 10:18:05,0.798,2026-01-16 10:18:05.798,3.83000016212463,112,合格,有效,成功
100,20260116101808448,3,99.0,2026-01-16 10:18:08,0.448,2026-01-16 10:18:08.448,2.64999985694885,113,合格,有效,成功
101,20260116101812725,3,187.67,2026-01-16 10:18:12,0.725,2026-01-16 10:18:12.725,4.27699995040894,114,合格,有效,成功
102,20260116101815745,3,110.0,2026-01-16 10:18:15,0.745,2026-01-16 10:18:15.745,3.01999998092651,115,合格,有效,成功
103,20260116101819789,3,128.0,2026-01-16 10:18:19,0.789,2026-01-16 10:18:19.789,4.04400014877319,116,合格,有效,成功
104,20260116101823527,3,116.0,2026-01-16 10:18:23,0.527,2026-01-16 10:18:23.527,3.73799991607666,117,合格,有效,成功
105,20260116101826734,3,128.0,2026-01-16 10:18:26,0.734,2026-01-16 10:18:26.734,3.20700001716614,118,合格,有效,成功
106,20260116101829443,3,96.0,2026-01-16 10:18:29,0.443,2026-01-16 10:18:29.443,2.70900011062622,119,合格,有效,成功
107,20260116101833138,3,116.0,2026-01-16 10:18:33,0.138,2026-01-16 10:18:33.138,3.6949999332428,120,合格,有效,成功
108,20260116101836442,3,129.0,2026-01-16 10:18:36,0.442,2026-01-16 10:18:36.442,3.30399990081787,121,合格,有效,成功
109,20260116101840311,3,67.0,2026-01-16 10:18:40,0.311,2026-01-16 10:18:40.311,3.86900019645691,122,合格,有效,成功
110,20260116101844024,3,81.0,2026-01-16 10:18:44,0.024,2026-01-16 10:18:44.024,3.71299982070923,123,合格,有效,成功
111,20260116101847763,3,75.0,2026-01-16 10:18:47,0.763,2026-01-16 10:18:47.763,3.73900008201599,124,合格,有效,成功
112,20260116101851666,3,69.0,2026-01-16 10:18:51,0.666,2026-01-16 10:18:51.666,3.90299987792969,125,合格,有效,成功
113,20260116101854016,3,67.0,2026-01-16 10:18:54,0.016,2026-01-16 10:18:54.016,2.35000014305115,126,合格,有效,成功
114,20260116101857376,3,64.0,2026-01-16 10:18:57,0.376,2026-01-16 10:18:57.376,3.35999989509583,127,合格,有效,成功
115,20260116101901316,3,54.0,2026-01-16 10:19:01,0.316,2026-01-16 10:19:01.316,3.94000005722046,128,合格,有效,成功
116,20260116101905252,3,55.0,2026-01-16 10:19:05,0.252,2026-01-16 10:19:05.252,3.93600010871887,129,合格,有效,成功
117,20260116102023797,3,118.0,2026-01-16 10:20:23,0.797,2026-01-16 10:20:23.797,78.5449998378754,130,合格,有效,成功
118,20260116102027084,3,83.0,2026-01-16 10:20:27,0.084,2026-01-16 10:20:27.084,3.28700017929077,131,合格,有效,成功
119,20260116102035684,3,112.0,2026-01-16 10:20:35,0.684,2026-01-16 10:20:35.684,8.59999990463257,132,合格,有效,成功
120,20260116102046321,3,132.0,2026-01-16 10:20:46,0.321,2026-01-16 10:20:46.321,10.6370000839233,133,合格,有效,成功
121,20260116102124979,3,86.0,2026-01-16 10:21:24,0.979,2026-01-16 10:21:24.979,38.6579999923706,134,合格,有效,成功
122,20260116102128877,3,106.0,2026-01-16 10:21:28,0.877,2026-01-16 10:21:28.877,3.89800000190735,135,合格,有效,成功
123,20260116102133910,3,311.67,2026-01-16 10:21:33,0.91,2026-01-16 10:21:33.91,5.03299999237061,136,合格,有效,成功
124,20260116102139315,3,155.0,2026-01-16 10:21:39,0.315,2026-01-16 10:21:39.315,5.40499997138977,137,合格,有效,成功
125,20260116102143204,3,122.0,2026-01-16 10:21:43,0.204,2026-01-16 10:21:43.204,3.88899993896484,138,合格,有效,成功
126,20260116102147589,3,176.0,2026-01-16 10:21:47,0.589,2026-01-16 10:21:47.589,4.38499999046326,139,合格,有效,成功
127,20260116102151123,3,127.0,2026-01-16 10:21:51,0.123,2026-01-16 10:21:51.123,3.53399991989136,140,合格,有效,成功
128,20260116102155635,3,170.0,2026-01-16 10:21:55,0.635,2026-01-16 10:21:55.635,4.51200008392334,141,合格,有效,成功
129,20260116102201130,3,444.67,2026-01-16 10:22:01,0.13,2026-01-16 10:22:01.13,5.49500012397766,142,合格,无效,失败
130,20260116102207336,3,280.67,2026-01-16 10:22:07,0.336,2026-01-16 10:22:07.336,6.20599985122681,143,合格,有效,成功
131,20260116102210376,3,207.0,2026-01-16 10:22:10,0.376,2026-01-16 10:22:10.376,3.03999996185303,144,合格,有效,成功
132,20260116102215837,3,145.0,2026-01-16 10:22:15,0.837,2026-01-16 10:22:15.837,5.46099996566772,145,合格,有效,成功
133,20260116102223006,3,133.0,2026-01-16 10:22:23,0.006,2026-01-16 10:22:23.006,7.16900014877319,146,合格,有效,成功
134,20260116102227101,3,125.0,2026-01-16 10:22:27,0.101,2026-01-16 10:22:27.101,4.09500002861023,147,合格,有效,成功
135,20260116102231203,3,114.0,2026-01-16 10:22:31,0.203,2026-01-16 10:22:31.203,4.10199999809265,148,合格,有效,成功
136,20260116102234608,3,83.33,2026-01-16 10:22:34,0.608,2026-01-16 10:22:34.608,3.40499997138977,149,合格,有效,成功
137,20260116102238120,3,119.0,2026-01-16 10:22:38,0.12,2026-01-16 10:22:38.12,3.51199984550476,150,合格,有效,成功
138,20260116102242719,3,140.0,2026-01-16 10:22:42,0.719,2026-01-16 10:22:42.719,4.5990002155304,151,合格,有效,成功
139,20260116102246360,3,144.0,2026-01-16 10:22:46,0.36,2026-01-16 10:22:46.36,3.64099979400635,152,合格,有效,成功
140,20260116102250130,3,121.0,2026-01-16 10:22:50,0.13,2026-01-16 10:22:50.13,3.77000021934509,153,合格,有效,成功
141,20260116102255320,3,116.0,2026-01-16 10:22:55,0.32,2026-01-16 10:22:55.32,5.18999981880188,154,合格,有效,成功
142,20260116102258841,3,98.0,2026-01-16 10:22:58,0.841,2026-01-16 10:22:58.841,3.52100014686584,155,合格,有效,成功
143,20260116102302740,3,98.0,2026-01-16 10:23:02,0.74,2026-01-16 10:23:02.74,3.8989999294281,156,合格,有效,成功
144,20260116102308049,3,84.0,2026-01-16 10:23:08,0.049,2026-01-16 10:23:08.049,5.30900001525879,157,合格,有效,成功
145,20260116102313435,3,138.0,2026-01-16 10:23:13,0.435,2026-01-16 10:23:13.435,5.38599991798401,158,合格,有效,成功
146,20260116102316178,3,90.0,2026-01-16 10:23:16,0.178,2026-01-16 10:23:16.178,2.74300003051758,159,合格,有效,成功
1,20260116102357238,1,0.0,2026-01-16 10:23:57,0.238,2026-01-16 10:23:57.238,41.0599999427795,160,不合格,无效,失败
2,20260116102411257,3,135.0,2026-01-16 10:24:11,0.257,2026-01-16 10:24:11.257,14.0190000534058,161,合格,有效,成功
3,20260116102414925,3,92.0,2026-01-16 10:24:14,0.925,2026-01-16 10:24:14.925,3.66799998283386,162,合格,有效,成功
4,20260116102419019,3,107.0,2026-01-16 10:24:19,0.019,2026-01-16 10:24:19.019,4.09400010108948,163,合格,有效,成功
5,20260116102422214,3,93.0,2026-01-16 10:24:22,0.214,2026-01-16 10:24:22.214,3.1949999332428,164,合格,有效,成功
6,20260116102425631,3,67.0,2026-01-16 10:24:25,0.631,2026-01-16 10:24:25.631,3.41700005531311,165,合格,有效,成功
7,20260116102428958,3,183.0,2026-01-16 10:24:28,0.958,2026-01-16 10:24:28.958,3.32699990272522,166,合格,有效,成功
8,20260116102433457,3,121.0,2026-01-16 10:24:33,0.457,2026-01-16 10:24:33.457,4.49900007247925,167,合格,有效,成功
9,20260116102436613,3,87.0,2026-01-16 10:24:36,0.613,2026-01-16 10:24:36.613,3.15599989891052,168,合格,有效,成功
10,20260116102440329,3,104.0,2026-01-16 10:24:40,0.329,2026-01-16 10:24:40.329,3.71600008010864,169,合格,有效,成功
11,20260116102443295,3,56.0,2026-01-16 10:24:43,0.295,2026-01-16 10:24:43.295,2.96600008010864,170,合格,有效,成功
12,20260116102446889,3,115.0,2026-01-16 10:24:46,0.889,2026-01-16 10:24:46.889,3.5939998626709,171,合格,有效,成功
13,20260116102450118,3,110.0,2026-01-16 10:24:50,0.118,2026-01-16 10:24:50.118,3.22900009155273,172,合格,有效,成功
14,20260116102455262,3,115.0,2026-01-16 10:24:55,0.262,2026-01-16 10:24:55.262,5.14400005340576,173,合格,有效,成功
15,20260116102458715,3,83.0,2026-01-16 10:24:58,0.715,2026-01-16 10:24:58.715,3.45299983024597,174,合格,有效,成功
16,20260116102501773,3,69.0,2026-01-16 10:25:01,0.773,2026-01-16 10:25:01.773,3.05800008773804,175,合格,有效,成功
17,20260116102505125,3,63.0,2026-01-16 10:25:05,0.125,2026-01-16 10:25:05.125,3.35199999809265,176,合格,有效,成功
18,20260116102509032,3,83.0,2026-01-16 10:25:09,0.032,2026-01-16 10:25:09.032,3.90700006484985,177,合格,有效,成功
19,20260116102513260,3,177.0,2026-01-16 10:25:13,0.26,2026-01-16 10:25:13.26,4.2279999256134,178,合格,有效,成功
20,20260116102524327,3,214.33,2026-01-16 10:25:24,0.327,2026-01-16 10:25:24.327,11.066999912262,179,合格,有效,成功
21,20260116102534548,3,127.0,2026-01-16 10:25:34,0.548,2026-01-16 10:25:34.548,10.2210001945496,180,合格,有效,成功
22,20260116102543055,3,180.0,2026-01-16 10:25:43,0.055,2026-01-16 10:25:43.055,8.50699996948242,181,合格,有效,成功
23,20260116102549389,3,130.0,2026-01-16 10:25:49,0.389,2026-01-16 10:25:49.389,6.33399987220764,182,合格,有效,成功
24,20260116102554755,3,140.0,2026-01-16 10:25:54,0.755,2026-01-16 10:25:54.755,5.36600017547607,183,合格,有效,成功
25,20260116102559777,3,118.0,2026-01-16 10:25:59,0.777,2026-01-16 10:25:59.777,5.02199983596802,184,合格,有效,成功
26,20260116102604726,3,129.0,2026-01-16 10:26:04,0.726,2026-01-16 10:26:04.726,4.94900012016296,185,合格,有效,成功
27,20260116102609408,3,101.0,2026-01-16 10:26:09,0.408,2026-01-16 10:26:09.408,4.68199992179871,186,合格,有效,成功
28,20260116102614773,3,247.0,2026-01-16 10:26:14,0.773,2026-01-16 10:26:14.773,5.36500000953674,187,合格,有效,成功
29,20260116102619608,3,170.0,2026-01-16 10:26:19,0.608,2026-01-16 10:26:19.608,4.83500003814697,188,合格,有效,成功
30,20260116102625480,3,185.0,2026-01-16 10:26:25,0.48,2026-01-16 10:26:25.48,5.87199997901917,189,合格,有效,成功
31,20260116102629298,3,156.0,2026-01-16 10:26:29,0.298,2026-01-16 10:26:29.298,3.81800007820129,190,合格,有效,成功
32,20260116102634325,3,186.0,2026-01-16 10:26:34,0.325,2026-01-16 10:26:34.325,5.02699995040894,191,合格,有效,成功
33,20260116102638163,3,119.0,2026-01-16 10:26:38,0.163,2026-01-16 10:26:38.163,3.83800005912781,192,合格,有效,成功
34,20260116102641296,3,99.0,2026-01-16 10:26:41,0.296,2026-01-16 10:26:41.296,3.13299989700317,193,合格,有效,成功
35,20260116102646769,3,87.0,2026-01-16 10:26:46,0.769,2026-01-16 10:26:46.769,5.47300004959106,194,合格,有效,成功
36,20260116102651798,3,147.0,2026-01-16 10:26:51,0.798,2026-01-16 10:26:51.798,5.02900004386902,195,合格,有效,成功
37,20260116102655645,3,125.0,2026-01-16 10:26:55,0.645,2026-01-16 10:26:55.645,3.84699988365173,196,合格,有效,成功
38,20260116102701168,3,107.0,2026-01-16 10:27:01,0.168,2026-01-16 10:27:01.168,5.52300000190735,197,合格,有效,成功
39,20260116102706944,3,97.0,2026-01-16 10:27:06,0.944,2026-01-16 10:27:06.944,5.77600002288818,198,合格,有效,成功
40,20260116102710519,3,90.0,2026-01-16 10:27:10,0.519,2026-01-16 10:27:10.519,3.57500004768372,199,合格,有效,成功
41,20260116102714895,3,111.0,2026-01-16 10:27:14,0.895,2026-01-16 10:27:14.895,4.37599992752075,200,合格,有效,成功
42,20260116102719922,3,103.0,2026-01-16 10:27:19,0.922,2026-01-16 10:27:19.922,5.02699995040894,201,合格,有效,成功
43,20260116102723585,3,90.0,2026-01-16 10:27:23,0.585,2026-01-16 10:27:23.585,3.66300010681152,202,合格,有效,成功
44,20260116102726958,3,49.0,2026-01-16 10:27:26,0.958,2026-01-16 10:27:26.958,3.37299990653992,203,合格,有效,成功
45,20260116102731106,3,56.0,2026-01-16 10:27:31,0.106,2026-01-16 10:27:31.106,4.14800000190735,204,合格,有效,成功
46,20260116102734894,3,62.0,2026-01-16 10:27:34,0.894,2026-01-16 10:27:34.894,3.78800010681152,205,合格,有效,成功
47,20260116102737439,3,86.0,2026-01-16 10:27:37,0.439,2026-01-16 10:27:37.439,2.54499983787537,206,合格,有效,成功
48,20260116102740503,3,86.0,2026-01-16 10:27:40,0.503,2026-01-16 10:27:40.503,3.06400012969971,207,合格,有效,成功
49,20260116102744823,3,122.0,2026-01-16 10:27:44,0.823,2026-01-16 10:27:44.823,4.3199999332428,208,合格,有效,成功
50,20260116102748099,3,122.0,2026-01-16 10:27:48,0.099,2026-01-16 10:27:48.099,3.27600002288818,209,合格,有效,成功
51,20260116102751343,3,135.0,2026-01-16 10:27:51,0.343,2026-01-16 10:27:51.343,3.24399995803833,210,合格,有效,成功
52,20260116102753930,3,105.0,2026-01-16 10:27:53,0.93,2026-01-16 10:27:53.93,2.58700013160706,211,合格,有效,成功
53,20260116102757226,3,93.0,2026-01-16 10:27:57,0.226,2026-01-16 10:27:57.226,3.2960000038147,212,合格,有效,成功
54,20260116102800693,3,123.0,2026-01-16 10:28:00,0.693,2026-01-16 10:28:00.693,3.46700000762939,213,合格,有效,成功
55,20260116102803972,3,108.0,2026-01-16 10:28:03,0.972,2026-01-16 10:28:03.972,3.27899980545044,214,合格,有效,成功
56,20260116102808074,3,108.0,2026-01-16 10:28:08,0.074,2026-01-16 10:28:08.074,4.10199999809265,215,合格,有效,成功
57,20260116102811647,3,111.0,2026-01-16 10:28:11,0.647,2026-01-16 10:28:11.647,3.57300019264221,216,合格,有效,成功
58,20260116102815982,3,120.0,2026-01-16 10:28:15,0.982,2026-01-16 10:28:15.982,4.33500003814697,217,合格,有效,成功
59,20260116102819005,3,113.0,2026-01-16 10:28:19,0.005,2026-01-16 10:28:19.005,3.02300000190735,218,合格,有效,成功
60,20260116102822192,3,94.0,2026-01-16 10:28:22,0.192,2026-01-16 10:28:22.192,3.18699979782104,219,合格,有效,成功
61,20260116102825886,3,121.0,2026-01-16 10:28:25,0.886,2026-01-16 10:28:25.886,3.69400000572205,220,合格,有效,成功
62,20260116102829499,3,118.0,2026-01-16 10:28:29,0.499,2026-01-16 10:28:29.499,3.61300015449524,221,合格,有效,成功
63,20260116102832762,3,98.0,2026-01-16 10:28:32,0.762,2026-01-16 10:28:32.762,3.26300001144409,222,合格,有效,成功
64,20260116102835955,3,92.0,2026-01-16 10:28:35,0.955,2026-01-16 10:28:35.955,3.19299983978271,223,合格,有效,成功
65,20260116102839162,3,112.0,2026-01-16 10:28:39,0.162,2026-01-16 10:28:39.162,3.20700001716614,224,合格,有效,成功
66,20260116102842149,3,154.0,2026-01-16 10:28:42,0.149,2026-01-16 10:28:42.149,2.98699998855591,225,合格,有效,成功
67,20260116102845041,3,83.0,2026-01-16 10:28:45,0.041,2026-01-16 10:28:45.041,2.89199995994568,226,合格,有效,成功
68,20260116102848214,3,111.0,2026-01-16 10:28:48,0.214,2026-01-16 10:28:48.214,3.17300009727478,227,合格,有效,成功
69,20260116102851359,3,74.0,2026-01-16 10:28:51,0.359,2026-01-16 10:28:51.359,3.14499998092651,228,合格,有效,成功
70,20260116102854644,3,132.0,2026-01-16 10:28:54,0.644,2026-01-16 10:28:54.644,3.28500008583069,229,合格,有效,成功
71,20260116102900194,3,162.67,2026-01-16 10:29:00,0.194,2026-01-16 10:29:00.194,5.54999995231628,230,合格,有效,成功
72,20260116102903782,3,86.0,2026-01-16 10:29:03,0.782,2026-01-16 10:29:03.782,3.58800005912781,231,合格,有效,成功
73,20260116102906755,3,73.0,2026-01-16 10:29:06,0.755,2026-01-16 10:29:06.755,2.97300004959106,232,合格,有效,成功
74,20260116102909716,3,115.0,2026-01-16 10:29:09,0.716,2026-01-16 10:29:09.716,2.96099996566772,233,合格,有效,成功
75,20260116102912877,3,120.0,2026-01-16 10:29:12,0.877,2026-01-16 10:29:12.877,3.16100001335144,234,合格,有效,成功
76,20260116102916424,3,95.67,2026-01-16 10:29:16,0.424,2026-01-16 10:29:16.424,3.54699993133545,235,合格,有效,成功
77,20260116102920221,3,61.0,2026-01-16 10:29:20,0.221,2026-01-16 10:29:20.221,3.79699993133545,236,合格,有效,成功
78,20260116102923054,3,80.0,2026-01-16 10:29:23,0.054,2026-01-16 10:29:23.054,2.83299994468689,237,合格,有效,成功
79,20260116102925822,3,80.0,2026-01-16 10:29:25,0.822,2026-01-16 10:29:25.822,2.76800012588501,238,合格,有效,成功
80,20260116102930081,3,90.67,2026-01-16 10:29:30,0.081,2026-01-16 10:29:30.081,4.2590000629425,239,合格,有效,成功
81,20260116102932878,3,87.0,2026-01-16 10:29:32,0.878,2026-01-16 10:29:32.878,2.79699993133545,240,合格,有效,成功
82,20260116102935835,3,55.0,2026-01-16 10:29:35,0.835,2026-01-16 10:29:35.835,2.95700001716614,241,合格,有效,成功
83,20260116103108011,3,117.0,2026-01-16 10:31:08,0.011,2026-01-16 10:31:08.011,92.175999879837,242,合格,有效,成功
84,20260116103111567,3,115.0,2026-01-16 10:31:11,0.567,2026-01-16 10:31:11.567,3.55599999427795,243,合格,有效,成功
85,20260116103115107,3,70.0,2026-01-16 10:31:15,0.107,2026-01-16 10:31:15.107,3.54000020027161,244,合格,有效,成功
86,20260116103117989,3,79.67,2026-01-16 10:31:17,0.989,2026-01-16 10:31:17.989,2.88199996948242,245,合格,有效,成功
87,20260116103121135,3,86.0,2026-01-16 10:31:21,0.135,2026-01-16 10:31:21.135,3.14599990844727,246,合格,有效,成功
88,20260116103124026,3,93.0,2026-01-16 10:31:24,0.026,2026-01-16 10:31:24.026,2.89100003242493,247,合格,有效,成功
89,20260116103127476,3,82.0,2026-01-16 10:31:27,0.476,2026-01-16 10:31:27.476,3.45000004768372,248,合格,有效,成功
90,20260116103130338,3,94.0,2026-01-16 10:31:30,0.338,2026-01-16 10:31:30.338,2.86199998855591,249,合格,有效,成功
91,20260116103134323,3,132.0,2026-01-16 10:31:34,0.323,2026-01-16 10:31:34.323,3.98499989509583,250,合格,有效,成功
92,20260116103137476,3,72.0,2026-01-16 10:31:37,0.476,2026-01-16 10:31:37.476,3.15300011634827,251,合格,有效,成功
93,20260116103140453,3,139.0,2026-01-16 10:31:40,0.453,2026-01-16 10:31:40.453,2.97699999809265,252,合格,有效,成功
94,20260116103145289,3,150.0,2026-01-16 10:31:45,0.289,2026-01-16 10:31:45.289,4.83599996566772,253,合格,有效,成功
95,20260116103148867,3,276.0,2026-01-16 10:31:48,0.867,2026-01-16 10:31:48.867,3.57800006866455,254,合格,有效,成功
96,20260116103153678,3,180.0,2026-01-16 10:31:53,0.678,2026-01-16 10:31:53.678,4.81099987030029,255,合格,有效,成功
97,20260116103157336,3,84.0,2026-01-16 10:31:57,0.336,2026-01-16 10:31:57.336,3.65799999237061,256,合格,有效,成功
98,20260116103200877,3,92.0,2026-01-16 10:32:00,0.877,2026-01-16 10:32:00.877,3.54100012779236,257,合格,有效,成功
99,20260116103204204,3,114.0,2026-01-16 10:32:04,0.204,2026-01-16 10:32:04.204,3.32699990272522,258,合格,有效,成功
100,20260116103207078,3,89.0,2026-01-16 10:32:07,0.078,2026-01-16 10:32:07.078,2.87400007247925,259,合格,有效,成功
101,20260116103212442,3,105.0,2026-01-16 10:32:12,0.442,2026-01-16 10:32:12.442,5.36399984359741,260,合格,有效,成功
102,20260116103215630,3,107.0,2026-01-16 10:32:15,0.63,2026-01-16 10:32:15.63,3.18800020217896,261,合格,有效,成功
103,20260116103218813,3,136.0,2026-01-16 10:32:18,0.813,2026-01-16 10:32:18.813,3.18299984931946,262,合格,有效,成功
104,20260116103222136,3,128.0,2026-01-16 10:32:22,0.136,2026-01-16 10:32:22.136,3.32299995422363,263,合格,有效,成功
105,20260116103225593,3,139.0,2026-01-16 10:32:25,0.593,2026-01-16 10:32:25.593,3.45700001716614,264,合格,有效,成功
106,20260116103228674,3,107.0,2026-01-16 10:32:28,0.674,2026-01-16 10:32:28.674,3.08100008964539,265,合格,有效,成功
107,20260116103231753,3,106.0,2026-01-16 10:32:31,0.753,2026-01-16 10:32:31.753,3.0789999961853,266,合格,有效,成功
108,20260116103234707,3,97.0,2026-01-16 10:32:34,0.707,2026-01-16 10:32:34.707,2.9539999961853,267,合格,有效,成功
109,20260116103237735,3,113.0,2026-01-16 10:32:37,0.735,2026-01-16 10:32:37.735,3.02799987792969,268,合格,有效,成功
110,20260116103240534,3,87.0,2026-01-16 10:32:40,0.534,2026-01-16 10:32:40.534,2.79900002479553,269,合格,有效,成功
111,20260116103243173,3,86.0,2026-01-16 10:32:43,0.173,2026-01-16 10:32:43.173,2.63900017738342,270,合格,有效,成功
112,20260116103245674,3,103.0,2026-01-16 10:32:45,0.674,2026-01-16 10:32:45.674,2.50099992752075,271,合格,有效,成功
113,20260116103249137,3,130.0,2026-01-16 10:32:49,0.137,2026-01-16 10:32:49.137,3.46300005912781,272,合格,有效,成功
114,20260116103252311,3,111.0,2026-01-16 10:32:52,0.311,2026-01-16 10:32:52.311,3.17400002479553,273,合格,有效,成功
115,20260116103255529,3,91.0,2026-01-16 10:32:55,0.529,2026-01-16 10:32:55.529,3.21799993515015,274,合格,有效,成功
116,20260116103258396,3,116.0,2026-01-16 10:32:58,0.396,2026-01-16 10:32:58.396,2.86699986457825,275,合格,有效,成功
117,20260116103301874,3,85.0,2026-01-16 10:33:01,0.874,2026-01-16 10:33:01.874,3.47800016403198,276,合格,有效,成功
118,20260116103305143,3,92.0,2026-01-16 10:33:05,0.143,2026-01-16 10:33:05.143,3.26899981498718,277,合格,有效,成功
119,20260116103308355,3,137.0,2026-01-16 10:33:08,0.355,2026-01-16 10:33:08.355,3.21200013160706,278,合格,有效,成功
120,20260116103427147,3,87.0,2026-01-16 10:34:27,0.147,2026-01-16 10:34:27.147,78.7920000553131,279,合格,有效,成功
121,20260116103432100,3,179.0,2026-01-16 10:34:32,0.1,2026-01-16 10:34:32.1,4.95299983024597,280,合格,有效,成功
122,20260116103436718,3,186.33,2026-01-16 10:34:36,0.718,2026-01-16 10:34:36.718,4.61800003051758,281,合格,有效,成功
123,20260116103439941,3,101.33,2026-01-16 10:34:39,0.941,2026-01-16 10:34:39.941,3.22300004959106,282,合格,有效,成功
124,20260116103443660,3,98.0,2026-01-16 10:34:43,0.66,2026-01-16 10:34:43.66,3.71900010108948,283,合格,有效,成功
125,20260116103449884,3,110.0,2026-01-16 10:34:49,0.884,2026-01-16 10:34:49.884,6.22399997711182,284,合格,有效,成功
126,20260116103453651,3,125.0,2026-01-16 10:34:53,0.651,2026-01-16 10:34:53.651,3.76699995994568,285,合格,有效,成功
127,20260116103457450,3,141.0,2026-01-16 10:34:57,0.45,2026-01-16 10:34:57.45,3.79900002479553,286,合格,有效,成功
128,20260116103502953,3,127.0,2026-01-16 10:35:02,0.953,2026-01-16 10:35:02.953,5.50300002098083,287,合格,有效,成功
129,20260116103506849,3,148.0,2026-01-16 10:35:06,0.849,2026-01-16 10:35:06.849,3.89599990844727,288,合格,有效,成功
130,20260116103510333,3,121.0,2026-01-16 10:35:10,0.333,2026-01-16 10:35:10.333,3.48399996757507,289,合格,有效,成功
131,20260116103514024,3,125.0,2026-01-16 10:35:14,0.024,2026-01-16 10:35:14.024,3.69099998474121,290,合格,有效,成功
132,20260116103520670,3,94.0,2026-01-16 10:35:20,0.67,2026-01-16 10:35:20.67,6.64600014686584,291,合格,有效,成功
133,20260116103531179,3,113.0,2026-01-16 10:35:31,0.179,2026-01-16 10:35:31.179,10.5089998245239,292,合格,有效,成功
134,20260116103534805,3,94.0,2026-01-16 10:35:34,0.805,2026-01-16 10:35:34.805,3.62600016593933,293,合格,有效,成功
135,20260116103538345,3,114.0,2026-01-16 10:35:38,0.345,2026-01-16 10:35:38.345,3.53999996185303,294,合格,有效,成功
136,20260116103544379,3,76.0,2026-01-16 10:35:44,0.379,2026-01-16 10:35:44.379,6.03399991989136,295,合格,有效,成功
137,20260116103547831,3,54.0,2026-01-16 10:35:47,0.831,2026-01-16 10:35:47.831,3.4520001411438,296,合格,有效,成功
138,20260116103552478,3,86.0,2026-01-16 10:35:52,0.478,2026-01-16 10:35:52.478,4.64699983596802,297,合格,有效,成功
139,20260116103556934,3,213.0,2026-01-16 10:35:56,0.934,2026-01-16 10:35:56.934,4.45600008964539,298,合格,有效,成功
140,20260116103601659,3,118.0,2026-01-16 10:36:01,0.659,2026-01-16 10:36:01.659,4.72499990463257,299,合格,有效,成功
141,20260116103605194,3,102.0,2026-01-16 10:36:05,0.194,2026-01-16 10:36:05.194,3.53500008583069,300,合格,有效,成功
142,20260116103608298,3,103.0,2026-01-16 10:36:08,0.298,2026-01-16 10:36:08.298,3.10400009155273,301,合格,有效,成功
143,20260116103611277,3,136.0,2026-01-16 10:36:11,0.277,2026-01-16 10:36:11.277,2.97899985313416,302,合格,有效,成功
144,20260116103615790,3,116.0,2026-01-16 10:36:15,0.79,2026-01-16 10:36:15.79,4.51300001144409,303,合格,有效,成功
145,20260116103618668,3,94.33,2026-01-16 10:36:18,0.668,2026-01-16 10:36:18.668,2.87800002098083,304,合格,有效,成功
146,20260116103622019,3,78.0,2026-01-16 10:36:22,0.019,2026-01-16 10:36:22.019,3.3510000705719,305,合格,有效,成功
147,20260116103625716,3,59.0,2026-01-16 10:36:25,0.716,2026-01-16 10:36:25.716,3.69700002670288,306,合格,有效,成功
148,20260116103628418,3,104.0,2026-01-16 10:36:28,0.418,2026-01-16 10:36:28.418,2.70199990272522,307,合格,有效,成功
149,20260116103633568,3,104.0,2026-01-16 10:36:33,0.568,2026-01-16 10:36:33.568,5.15000009536743,308,合格,有效,成功
150,20260116103636872,3,94.0,2026-01-16 10:36:36,0.872,2026-01-16 10:36:36.872,3.30399990081787,309,合格,有效,成功
151,20260116103640768,3,134.0,2026-01-16 10:36:40,0.768,2026-01-16 10:36:40.768,3.89599990844727,310,合格,有效,成功
152,20260116103642739,3,87.0,2026-01-16 10:36:42,0.739,2026-01-16 10:36:42.739,1.97100019454956,311,合格,有效,成功
153,20260116103645783,3,128.0,2026-01-16 10:36:45,0.783,2026-01-16 10:36:45.783,3.04399991035461,312,合格,有效,成功
154,20260116103649270,3,99.0,2026-01-16 10:36:49,0.27,2026-01-16 10:36:49.27,3.48699998855591,313,合格,有效,成功
155,20260116103652294,3,78.0,2026-01-16 10:36:52,0.294,2026-01-16 10:36:52.294,3.0239999294281,314,合格,有效,成功
156,20260116103655311,3,84.0,2026-01-16 10:36:55,0.311,2026-01-16 10:36:55.311,3.01700019836426,315,合格,有效,成功
157,20260116103657823,3,59.67,2026-01-16 10:36:57,0.823,2026-01-16 10:36:57.823,2.51199984550476,316,合格,有效,成功
158,20260116103700942,3,70.0,2026-01-16 10:37:00,0.942,2026-01-16 10:37:00.942,3.11899995803833,317,合格,有效,成功
159,20260116103703863,3,76.0,2026-01-16 10:37:03,0.863,2026-01-16 10:37:03.863,2.9210000038147,318,合格,有效,成功
160,20260116103706804,3,110.0,2026-01-16 10:37:06,0.804,2026-01-16 10:37:06.804,2.94099998474121,319,合格,有效,成功
161,20260116103709743,3,117.0,2026-01-16 10:37:09,0.743,2026-01-16 10:37:09.743,2.93900012969971,320,合格,有效,成功
162,20260116103712818,3,127.0,2026-01-16 10:37:12,0.818,2026-01-16 10:37:12.818,3.07500004768372,321,合格,有效,成功
163,20260116103716275,3,126.67,2026-01-16 10:37:16,0.275,2026-01-16 10:37:16.275,3.45700001716614,322,合格,有效,成功
164,20260116103719785,3,134.0,2026-01-16 10:37:19,0.785,2026-01-16 10:37:19.785,3.50999999046326,323,合格,有效,成功
165,20260116103722769,3,132.0,2026-01-16 10:37:22,0.769,2026-01-16 10:37:22.769,2.98399996757507,324,合格,有效,成功
166,20260116103726141,3,100.0,2026-01-16 10:37:26,0.141,2026-01-16 10:37:26.141,3.37199997901917,325,合格,有效,成功
167,20260116103729160,3,92.0,2026-01-16 10:37:29,0.16,2026-01-16 10:37:29.16,3.01900005340576,326,合格,有效,成功
168,20260116103732455,3,90.0,2026-01-16 10:37:32,0.455,2026-01-16 10:37:32.455,3.29499983787537,327,合格,有效,成功
169,20260116103735909,3,116.0,2026-01-16 10:37:35,0.909,2026-01-16 10:37:35.909,3.4539999961853,328,合格,有效,成功
170,20260116103738651,3,67.0,2026-01-16 10:37:38,0.651,2026-01-16 10:37:38.651,2.74200010299683,329,合格,有效,成功
171,20260116103742156,3,79.0,2026-01-16 10:37:42,0.156,2026-01-16 10:37:42.156,3.50499987602234,330,合格,有效,成功
172,20260116103744774,3,77.0,2026-01-16 10:37:44,0.774,2026-01-16 10:37:44.774,2.61800003051758,331,合格,有效,成功
173,20260116103747761,3,52.0,2026-01-16 10:37:47,0.761,2026-01-16 10:37:47.761,2.98699998855591,332,合格,有效,成功
174,20260116103750649,3,85.0,2026-01-16 10:37:50,0.649,2026-01-16 10:37:50.649,2.88800001144409,333,合格,有效,成功
175,20260116103753888,3,71.0,2026-01-16 10:37:53,0.888,2026-01-16 10:37:53.888,3.23900008201599,334,合格,有效,成功
176,20260116103842094,3,75.0,2026-01-16 10:38:42,0.094,2026-01-16 10:38:42.094,48.2060000896454,335,合格,有效,成功
177,20260116103935995,3,81.0,2026-01-16 10:39:35,0.995,2026-01-16 10:39:35.995,53.9009997844696,336,合格,有效,成功
178,20260116103941421,3,104.0,2026-01-16 10:39:41,0.421,2026-01-16 10:39:41.421,5.42600011825562,337,合格,有效,成功
179,20260116103944793,3,139.0,2026-01-16 10:39:44,0.793,2026-01-16 10:39:44.793,3.37199997901917,338,合格,有效,成功
180,20260116103947839,3,86.0,2026-01-16 10:39:47,0.839,2026-01-16 10:39:47.839,3.0460000038147,339,合格,有效,成功
181,20260116103951173,3,100.0,2026-01-16 10:39:51,0.173,2026-01-16 10:39:51.173,3.33400011062622,340,合格,有效,成功
182,20260116103954833,3,113.0,2026-01-16 10:39:54,0.833,2026-01-16 10:39:54.833,3.65999984741211,341,合格,有效,成功
183,20260116103957882,3,78.0,2026-01-16 10:39:57,0.882,2026-01-16 10:39:57.882,3.04900002479553,342,合格,有效,成功
184,20260116104000342,3,95.0,2026-01-16 10:40:00,0.342,2026-01-16 10:40:00.342,2.46000003814697,343,合格,有效,成功
185,20260116104003035,3,94.0,2026-01-16 10:40:03,0.035,2026-01-16 10:40:03.035,2.69300007820129,344,合格,有效,成功
186,20260116104006606,3,154.0,2026-01-16 10:40:06,0.606,2026-01-16 10:40:06.606,3.57099986076355,345,合格,有效,成功
187,20260116104009161,3,100.0,2026-01-16 10:40:09,0.161,2026-01-16 10:40:09.161,2.5550000667572,346,合格,有效,成功
188,20260116104012048,3,132.0,2026-01-16 10:40:12,0.048,2026-01-16 10:40:12.048,2.88700008392334,347,合格,有效,成功
189,20260116104014784,3,74.0,2026-01-16 10:40:14,0.784,2026-01-16 10:40:14.784,2.73599982261658,348,合格,有效,成功
190,20260116104022933,3,107.0,2026-01-16 10:40:22,0.933,2026-01-16 10:40:22.933,8.14900016784668,349,合格,有效,成功
191,20260116104025413,3,112.0,2026-01-16 10:40:25,0.413,2026-01-16 10:40:25.413,2.48000001907349,350,合格,有效,成功
192,20260116104027948,3,77.67,2026-01-16 10:40:27,0.948,2026-01-16 10:40:27.948,2.53499984741211,351,合格,有效,成功
193,20260116104030933,3,114.0,2026-01-16 10:40:30,0.933,2026-01-16 10:40:30.933,2.9850001335144,352,合格,有效,成功
194,20260116104033773,3,136.0,2026-01-16 10:40:33,0.773,2026-01-16 10:40:33.773,2.83999991416931,353,合格,有效,成功
195,20260116104036630,3,207.0,2026-01-16 10:40:36,0.63,2026-01-16 10:40:36.63,2.85700011253357,354,合格,有效,成功
196,20260116104040224,3,108.0,2026-01-16 10:40:40,0.224,2026-01-16 10:40:40.224,3.5939998626709,355,合格,有效,成功
197,20260116104043275,3,125.0,2026-01-16 10:40:43,0.275,2026-01-16 10:40:43.275,3.05100011825562,356,合格,有效,成功
198,20260116104045745,3,76.67,2026-01-16 10:40:45,0.745,2026-01-16 10:40:45.745,2.46999979019165,357,合格,有效,成功
199,20260116104047900,3,90.33,2026-01-16 10:40:47,0.9,2026-01-16 10:40:47.9,2.15500020980835,358,合格,有效,成功
200,20260116104050442,3,107.67,2026-01-16 10:40:50,0.442,2026-01-16 10:40:50.442,2.54199981689453,359,合格,有效,成功
201,20260116104053080,3,121.0,2026-01-16 10:40:53,0.08,2026-01-16 10:40:53.08,2.63800001144409,360,合格,有效,成功
202,20260116104055145,3,73.0,2026-01-16 10:40:55,0.145,2026-01-16 10:40:55.145,2.06500005722046,361,合格,有效,成功
203,20260116104057399,3,60.33,2026-01-16 10:40:57,0.399,2026-01-16 10:40:57.399,2.25399994850159,362,合格,有效,成功
204,20260116104100363,3,95.0,2026-01-16 10:41:00,0.363,2026-01-16 10:41:00.363,2.96399998664856,363,合格,有效,成功
205,20260116104102588,3,93.0,2026-01-16 10:41:02,0.588,2026-01-16 10:41:02.588,2.22500014305115,364,合格,有效,成功
206,20260116104105263,3,141.0,2026-01-16 10:41:05,0.263,2026-01-16 10:41:05.263,2.67499995231628,365,合格,有效,成功
207,20260116104108619,3,126.0,2026-01-16 10:41:08,0.619,2026-01-16 10:41:08.619,3.35599994659424,366,合格,有效,成功
208,20260116104111105,3,76.0,2026-01-16 10:41:11,0.105,2026-01-16 10:41:11.105,2.48600006103516,367,合格,有效,成功
209,20260116104114091,3,79.0,2026-01-16 10:41:14,0.091,2026-01-16 10:41:14.091,2.98600006103516,368,合格,有效,成功
210,20260116104117338,3,145.0,2026-01-16 10:41:17,0.338,2026-01-16 10:41:17.338,3.24699997901917,369,合格,有效,成功
211,20260116104119574,3,75.0,2026-01-16 10:41:19,0.574,2026-01-16 10:41:19.574,2.23599982261658,370,合格,有效,成功
212,20260116104124571,3,151.0,2026-01-16 10:41:24,0.571,2026-01-16 10:41:24.571,4.99700021743774,371,合格,有效,成功
213,20260116104126915,3,104.0,2026-01-16 10:41:26,0.915,2026-01-16 10:41:26.915,2.3439998626709,372,合格,有效,成功
214,20260116104129527,3,84.33,2026-01-16 10:41:29,0.527,2026-01-16 10:41:29.527,2.61199998855591,373,合格,有效,成功
215,20260116104132487,3,106.0,2026-01-16 10:41:32,0.487,2026-01-16 10:41:32.487,2.96000003814697,374,合格,有效,成功
216,20260116104135280,3,113.0,2026-01-16 10:41:35,0.28,2026-01-16 10:41:35.28,2.79299998283386,375,合格,有效,成功
217,20260116104137680,3,66.0,2026-01-16 10:41:37,0.68,2026-01-16 10:41:37.68,2.40000009536743,376,合格,有效,成功
218,20260116104139648,3,72.0,2026-01-16 10:41:39,0.648,2026-01-16 10:41:39.648,1.96799993515015,377,合格,有效,成功
219,20260116104141811,3,107.0,2026-01-16 10:41:41,0.811,2026-01-16 10:41:41.811,2.16300010681152,378,合格,有效,成功
220,20260116104144296,3,105.0,2026-01-16 10:41:44,0.296,2026-01-16 10:41:44.296,2.48499989509583,379,合格,有效,成功
221,20260116104147111,3,107.67,2026-01-16 10:41:47,0.111,2026-01-16 10:41:47.111,2.81500005722046,380,合格,有效,成功
222,20260116104151205,3,166.0,2026-01-16 10:41:51,0.205,2026-01-16 10:41:51.205,4.0939998626709,381,合格,有效,成功
223,20260116104155688,3,136.0,2026-01-16 10:41:55,0.688,2026-01-16 10:41:55.688,4.48300004005432,382,合格,有效,成功
224,20260116104158918,3,89.0,2026-01-16 10:41:58,0.918,2026-01-16 10:41:58.918,3.23000001907349,383,合格,有效,成功
225,20260116104202312,3,159.0,2026-01-16 10:42:02,0.312,2026-01-16 10:42:02.312,3.39400005340576,384,合格,有效,成功
226,20260116104204951,3,77.0,2026-01-16 10:42:04,0.951,2026-01-16 10:42:04.951,2.63899993896484,385,合格,有效,成功
227,20260116104207179,3,85.0,2026-01-16 10:42:07,0.179,2026-01-16 10:42:07.179,2.2279999256134,386,合格,有效,成功
228,20260116104209465,3,89.0,2026-01-16 10:42:09,0.465,2026-01-16 10:42:09.465,2.28600001335144,387,合格,有效,成功
229,20260116104211932,3,135.0,2026-01-16 10:42:11,0.932,2026-01-16 10:42:11.932,2.46700000762939,388,合格,有效,成功
230,20260116104214718,3,119.0,2026-01-16 10:42:14,0.718,2026-01-16 10:42:14.718,2.78600001335144,389,合格,有效,成功
231,20260116104217214,3,154.0,2026-01-16 10:42:17,0.214,2026-01-16 10:42:17.214,2.49600005149841,390,合格,有效,成功
232,20260116104220087,3,99.0,2026-01-16 10:42:20,0.087,2026-01-16 10:42:20.087,2.87299990653992,391,合格,有效,成功
233,20260116104222140,3,69.0,2026-01-16 10:42:22,0.14,2026-01-16 10:42:22.14,2.0530002117157,392,合格,有效,成功
234,20260116104224446,3,142.67,2026-01-16 10:42:24,0.446,2026-01-16 10:42:24.446,2.30599999427795,393,合格,有效,成功
235,20260116104226374,3,100.0,2026-01-16 10:42:26,0.374,2026-01-16 10:42:26.374,1.92799997329712,394,合格,有效,成功
236,20260116104229023,3,101.0,2026-01-16 10:42:29,0.023,2026-01-16 10:42:29.023,2.6489999294281,395,合格,有效,成功
237,20260116104230895,3,117.0,2026-01-16 10:42:30,0.895,2026-01-16 10:42:30.895,1.87199997901917,396,合格,有效,成功
238,20260116104233039,3,125.0,2026-01-16 10:42:33,0.039,2026-01-16 10:42:33.039,2.14400005340576,397,合格,有效,成功
239,20260116104235148,3,121.33,2026-01-16 10:42:35,0.148,2026-01-16 10:42:35.148,2.10899996757507,398,合格,有效,成功
240,20260116104241160,3,282.33,2026-01-16 10:42:41,0.16,2026-01-16 10:42:41.16,6.01200008392334,399,合格,有效,成功
241,20260116104244991,3,77.0,2026-01-16 10:42:44,0.991,2026-01-16 10:42:44.991,3.83099985122681,400,合格,有效,成功
242,20260116104247767,3,65.0,2026-01-16 10:42:47,0.767,2026-01-16 10:42:47.767,2.77600002288818,401,合格,有效,成功
243,20260116104250839,3,113.0,2026-01-16 10:42:50,0.839,2026-01-16 10:42:50.839,3.07200002670288,402,合格,有效,成功
244,20260116104253333,3,7.67,2026-01-16 10:42:53,0.333,2026-01-16 10:42:53.333,2.49399995803833,403,合格,无效,失败
245,20260116104255900,3,105.0,2026-01-16 10:42:55,0.9,2026-01-16 10:42:55.9,2.56700015068054,404,合格,有效,成功
246,20260116104301796,3,206.0,2026-01-16 10:43:01,0.796,2026-01-16 10:43:01.796,5.89599990844727,405,合格,有效,成功
247,20260116104305554,3,126.0,2026-01-16 10:43:05,0.554,2026-01-16 10:43:05.554,3.75799989700317,406,合格,有效,成功
248,20260116104309027,3,93.0,2026-01-16 10:43:09,0.027,2026-01-16 10:43:09.027,3.47300004959106,407,合格,有效,成功
249,20260116104311535,3,110.0,2026-01-16 10:43:11,0.535,2026-01-16 10:43:11.535,2.50800013542175,408,合格,有效,成功
250,20260116104313787,3,126.0,2026-01-16 10:43:13,0.787,2026-01-16 10:43:13.787,2.2519998550415,409,合格,有效,成功
251,20260116104316358,3,152.67,2026-01-16 10:43:16,0.358,2026-01-16 10:43:16.358,2.57100009918213,410,合格,有效,成功
252,20260116104320302,3,0.0,2026-01-16 10:43:20,0.302,2026-01-16 10:43:20.302,3.94400000572205,411,合格,无效,失败
253,20260116104322568,3,140.67,2026-01-16 10:43:22,0.568,2026-01-16 10:43:22.568,2.26600003242493,412,合格,有效,成功
254,20260116104325935,3,102.33,2026-01-16 10:43:25,0.935,2026-01-16 10:43:25.935,3.36699986457825,413,合格,有效,成功
255,20260116104328288,3,121.0,2026-01-16 10:43:28,0.288,2026-01-16 10:43:28.288,2.35300016403198,414,合格,有效,成功
256,20260116104331082,3,104.0,2026-01-16 10:43:31,0.082,2026-01-16 10:43:31.082,2.79399991035461,415,合格,有效,成功
257,20260116104333714,3,83.0,2026-01-16 10:43:33,0.714,2026-01-16 10:43:33.714,2.63199996948242,416,合格,有效,成功
258,20260116104336166,3,101.33,2026-01-16 10:43:36,0.166,2026-01-16 10:43:36.166,2.45199990272522,417,合格,有效,成功
259,20260116104339097,3,95.0,2026-01-16 10:43:39,0.097,2026-01-16 10:43:39.097,2.93099999427795,418,合格,有效,成功
260,20260116104341923,3,67.0,2026-01-16 10:43:41,0.923,2026-01-16 10:43:41.923,2.82600021362305,419,合格,有效,成功
261,20260116104344796,3,104.0,2026-01-16 10:43:44,0.796,2026-01-16 10:43:44.796,2.87299990653992,420,合格,有效,成功
262,20260116104348187,3,105.0,2026-01-16 10:43:48,0.187,2026-01-16 10:43:48.187,3.39100003242493,421,合格,有效,成功
263,20260116104350286,3,123.0,2026-01-16 10:43:50,0.286,2026-01-16 10:43:50.286,2.09899997711182,422,合格,有效,成功
264,20260116104353853,3,166.0,2026-01-16 10:43:53,0.853,2026-01-16 10:43:53.853,3.56699991226196,423,合格,有效,成功
265,20260116104357594,3,82.0,2026-01-16 10:43:57,0.594,2026-01-16 10:43:57.594,3.74100017547607,424,合格,有效,成功
266,20260116104400603,3,96.0,2026-01-16 10:44:00,0.603,2026-01-16 10:44:00.603,3.00899982452393,425,合格,有效,成功
267,20260116104403615,3,88.0,2026-01-16 10:44:03,0.615,2026-01-16 10:44:03.615,3.01200008392334,426,合格,有效,成功
268,20260116104406128,3,57.0,2026-01-16 10:44:06,0.128,2026-01-16 10:44:06.128,2.51300001144409,427,合格,有效,成功
269,20260116104409449,3,145.0,2026-01-16 10:44:09,0.449,2026-01-16 10:44:09.449,3.32099986076355,428,合格,有效,成功
270,20260116104411837,3,73.0,2026-01-16 10:44:11,0.837,2026-01-16 10:44:11.837,2.38800001144409,429,合格,有效,成功
271,20260116104414754,3,98.0,2026-01-16 10:44:14,0.754,2026-01-16 10:44:14.754,2.91700005531311,430,合格,有效,成功
272,20260116104419690,3,91.0,2026-01-16 10:44:19,0.69,2026-01-16 10:44:19.69,4.93600010871887,431,合格,有效,成功
273,20260116104423162,3,79.0,2026-01-16 10:44:23,0.162,2026-01-16 10:44:23.162,3.47199988365173,432,合格,有效,成功
274,20260116104426164,3,166.0,2026-01-16 10:44:26,0.164,2026-01-16 10:44:26.164,3.00200009346008,433,合格,有效,成功
275,20260116104429831,3,87.0,2026-01-16 10:44:29,0.831,2026-01-16 10:44:29.831,3.66700005531311,434,合格,有效,成功
276,20260116104433112,3,131.33,2026-01-16 10:44:33,0.112,2026-01-16 10:44:33.112,3.28099989891052,435,合格,有效,成功
277,20260116104436636,3,109.0,2026-01-16 10:44:36,0.636,2026-01-16 10:44:36.636,3.5239999294281,436,合格,有效,成功
278,20260116104441420,3,94.0,2026-01-16 10:44:41,0.42,2026-01-16 10:44:41.42,4.78400015830994,437,合格,有效,成功
279,20260116104447127,3,66.0,2026-01-16 10:44:47,0.127,2026-01-16 10:44:47.127,5.70700001716614,438,合格,有效,成功
280,20260116104450276,3,78.0,2026-01-16 10:44:50,0.276,2026-01-16 10:44:50.276,3.1489999294281,439,合格,有效,成功
281,20260116104452908,3,132.67,2026-01-16 10:44:52,0.908,2026-01-16 10:44:52.908,2.63199996948242,440,合格,有效,成功
282,20260116104455218,3,94.33,2026-01-16 10:44:55,0.218,2026-01-16 10:44:55.218,2.30999994277954,441,合格,有效,成功
283,20260116104457995,3,107.0,2026-01-16 10:44:57,0.995,2026-01-16 10:44:57.995,2.77699995040894,442,合格,有效,成功
284,20260116104500082,3,131.0,2026-01-16 10:45:00,0.082,2026-01-16 10:45:00.082,2.08700013160706,443,合格,有效,成功
285,20260116104501479,3,137.0,2026-01-16 10:45:01,0.479,2026-01-16 10:45:01.479,1.3970000743866,444,合格,有效,成功
286,20260116104503985,3,93.0,2026-01-16 10:45:03,0.985,2026-01-16 10:45:03.985,2.50599980354309,445,合格,有效,成功
287,20260116104506839,3,117.33,2026-01-16 10:45:06,0.839,2026-01-16 10:45:06.839,2.85400009155273,446,合格,有效,成功
288,20260116104515238,3,120.0,2026-01-16 10:45:15,0.238,2026-01-16 10:45:15.238,8.3989999294281,447,合格,有效,成功
289,20260116104518170,3,100.0,2026-01-16 10:45:18,0.17,2026-01-16 10:45:18.17,2.93200016021729,448,合格,有效,成功
290,20260116104524329,3,101.0,2026-01-16 10:45:24,0.329,2026-01-16 10:45:24.329,6.15899991989136,449,合格,有效,成功
291,20260116104527883,3,85.0,2026-01-16 10:45:27,0.883,2026-01-16 10:45:27.883,3.55399990081787,450,合格,有效,成功
292,20260116104531295,3,55.0,2026-01-16 10:45:31,0.295,2026-01-16 10:45:31.295,3.41200017929077,451,合格,有效,成功
293,20260116104534198,3,72.0,2026-01-16 10:45:34,0.198,2026-01-16 10:45:34.198,2.90299987792969,452,合格,有效,成功
294,20260116104538246,3,197.0,2026-01-16 10:45:38,0.246,2026-01-16 10:45:38.246,4.04800009727478,453,合格,有效,成功
295,20260116104541916,3,134.0,2026-01-16 10:45:41,0.916,2026-01-16 10:45:41.916,3.66999983787537,454,合格,有效,成功
296,20260116104544716,3,86.0,2026-01-16 10:45:44,0.716,2026-01-16 10:45:44.716,2.80000019073486,455,合格,有效,成功
297,20260116104549241,3,135.0,2026-01-16 10:45:49,0.241,2026-01-16 10:45:49.241,4.52499985694885,456,合格,有效,成功
298,20260116104556347,3,130.0,2026-01-16 10:45:56,0.347,2026-01-16 10:45:56.347,7.10599994659424,457,合格,有效,成功
299,20260116104558430,3,110.33,2026-01-16 10:45:58,0.43,2026-01-16 10:45:58.43,2.08300018310547,458,合格,有效,成功
300,20260116104601173,3,84.0,2026-01-16 10:46:01,0.173,2026-01-16 10:46:01.173,2.74300003051758,459,合格,有效,成功
301,20260116104603706,3,128.0,2026-01-16 10:46:03,0.706,2026-01-16 10:46:03.706,2.53299999237061,460,合格,有效,成功
302,20260116104606441,3,95.0,2026-01-16 10:46:06,0.441,2026-01-16 10:46:06.441,2.73499989509583,461,合格,有效,成功
303,20260116104609150,3,64.0,2026-01-16 10:46:09,0.15,2026-01-16 10:46:09.15,2.70900011062622,462,合格,有效,成功
304,20260116104612170,3,98.0,2026-01-16 10:46:12,0.17,2026-01-16 10:46:12.17,3.01999998092651,463,合格,有效,成功
305,20260116104615275,3,110.0,2026-01-16 10:46:15,0.275,2026-01-16 10:46:15.275,3.10500001907349,464,合格,有效,成功
306,20260116104617990,3,132.0,2026-01-16 10:46:17,0.99,2026-01-16 10:46:17.99,2.71499991416931,465,合格,有效,成功
307,20260116104622256,3,106.0,2026-01-16 10:46:22,0.256,2026-01-16 10:46:22.256,4.26600003242493,466,合格,有效,成功
308,20260116104625293,3,79.0,2026-01-16 10:46:25,0.293,2026-01-16 10:46:25.293,3.03699994087219,467,合格,有效,成功
309,20260116104629020,3,81.0,2026-01-16 10:46:29,0.02,2026-01-16 10:46:29.02,3.72699999809265,468,合格,有效,成功
310,20260116104631814,3,89.0,2026-01-16 10:46:31,0.814,2026-01-16 10:46:31.814,2.79399991035461,469,合格,有效,成功
311,20260116104634245,3,88.0,2026-01-16 10:46:34,0.245,2026-01-16 10:46:34.245,2.43099999427795,470,合格,有效,成功
312,20260116104636352,3,118.0,2026-01-16 10:46:36,0.352,2026-01-16 10:46:36.352,2.10700011253357,471,合格,有效,成功
313,20260116104639390,3,88.0,2026-01-16 10:46:39,0.39,2026-01-16 10:46:39.39,3.03800010681152,472,合格,有效,成功
314,20260116104641645,3,78.0,2026-01-16 10:46:41,0.645,2026-01-16 10:46:41.645,2.25499987602234,473,合格,有效,成功
315,20260116104644228,3,73.0,2026-01-16 10:46:44,0.228,2026-01-16 10:46:44.228,2.58299994468689,474,合格,有效,成功
316,20260116104646959,3,108.33,2026-01-16 10:46:46,0.959,2026-01-16 10:46:46.959,2.73100018501282,475,合格,有效,成功
317,20260116104649197,3,41.0,2026-01-16 10:46:49,0.197,2026-01-16 10:46:49.197,2.23799991607666,476,合格,有效,成功
318,20260116104651516,3,88.0,2026-01-16 10:46:51,0.516,2026-01-16 10:46:51.516,2.31900000572205,477,合格,有效,成功
319,20260116104653731,3,103.67,2026-01-16 10:46:53,0.731,2026-01-16 10:46:53.731,2.21499991416931,478,合格,有效,成功
320,20260116104656014,3,73.0,2026-01-16 10:46:56,0.014,2026-01-16 10:46:56.014,2.28299999237061,479,合格,有效,成功
321,20260116104658684,3,82.67,2026-01-16 10:46:58,0.684,2026-01-16 10:46:58.684,2.67000007629395,480,合格,有效,成功
322,20260116104700761,3,79.0,2026-01-16 10:47:00,0.761,2026-01-16 10:47:00.761,2.07699990272522,481,合格,有效,成功
323,20260116104703843,3,92.0,2026-01-16 10:47:03,0.843,2026-01-16 10:47:03.843,3.08200001716614,482,合格,有效,成功
324,20260116104706261,3,85.0,2026-01-16 10:47:06,0.261,2026-01-16 10:47:06.261,2.41799998283386,483,合格,有效,成功
325,20260116104708440,3,79.33,2026-01-16 10:47:08,0.44,2026-01-16 10:47:08.44,2.17900013923645,484,合格,有效,成功
326,20260116104715065,3,95.0,2026-01-16 10:47:15,0.065,2026-01-16 10:47:15.065,6.625,485,合格,有效,成功
327,20260116104719563,3,82.0,2026-01-16 10:47:19,0.563,2026-01-16 10:47:19.563,4.49799990653992,486,合格,有效,成功
328,20260116104727100,3,150.67,2026-01-16 10:47:27,0.1,2026-01-16 10:47:27.1,7.53699994087219,487,合格,有效,成功
329,20260116104732281,3,123.0,2026-01-16 10:47:32,0.281,2026-01-16 10:47:32.281,5.18099999427795,488,合格,有效,成功
330,20260116104735792,3,118.0,2026-01-16 10:47:35,0.792,2026-01-16 10:47:35.792,3.51100015640259,489,合格,有效,成功
331,20260116104738916,3,117.0,2026-01-16 10:47:38,0.916,2026-01-16 10:47:38.916,3.12399983406067,490,合格,有效,成功
332,20260116104741603,3,151.0,2026-01-16 10:47:41,0.603,2026-01-16 10:47:41.603,2.68700003623962,491,合格,有效,成功
333,20260116104744816,3,159.0,2026-01-16 10:47:44,0.816,2026-01-16 10:47:44.816,3.21300005912781,492,合格,有效,成功
334,20260116104747998,3,76.0,2026-01-16 10:47:47,0.998,2026-01-16 10:47:47.998,3.18199992179871,493,合格,有效,成功
335,20260116104751072,3,116.0,2026-01-16 10:47:51,0.072,2026-01-16 10:47:51.072,3.07400012016296,494,合格,有效,成功
336,20260116104755304,3,69.33,2026-01-16 10:47:55,0.304,2026-01-16 10:47:55.304,4.23199987411499,495,合格,有效,成功
337,20260116104758368,3,111.0,2026-01-16 10:47:58,0.368,2026-01-16 10:47:58.368,3.06400012969971,496,合格,有效,成功
338,20260116104801613,3,124.0,2026-01-16 10:48:01,0.613,2026-01-16 10:48:01.613,3.24499988555908,497,合格,有效,成功
339,20260116104804445,3,124.0,2026-01-16 10:48:04,0.445,2026-01-16 10:48:04.445,2.83200001716614,498,合格,有效,成功
340,20260116104806823,3,113.0,2026-01-16 10:48:06,0.823,2026-01-16 10:48:06.823,2.37800002098083,499,合格,有效,成功
341,20260116104809869,3,122.0,2026-01-16 10:48:09,0.869,2026-01-16 10:48:09.869,3.0460000038147,500,合格,有效,成功
342,20260116104812838,3,95.33,2026-01-16 10:48:12,0.838,2026-01-16 10:48:12.838,2.96900010108948,501,合格,有效,成功
343,20260116104815866,3,77.0,2026-01-16 10:48:15,0.866,2026-01-16 10:48:15.866,3.02799987792969,502,合格,有效,成功
344,20260116104818883,3,114.0,2026-01-16 10:48:18,0.883,2026-01-16 10:48:18.883,3.01699995994568,503,合格,有效,成功
345,20260116104821570,3,113.0,2026-01-16 10:48:21,0.57,2026-01-16 10:48:21.57,2.68700003623962,504,合格,有效,成功
346,20260116104824907,3,124.0,2026-01-16 10:48:24,0.907,2026-01-16 10:48:24.907,3.33700013160706,505,合格,有效,成功
347,20260116104827990,3,134.0,2026-01-16 10:48:27,0.99,2026-01-16 10:48:27.99,3.08299994468689,506,合格,有效,成功
348,20260116104830619,3,71.0,2026-01-16 10:48:30,0.619,2026-01-16 10:48:30.619,2.62899994850159,507,合格,有效,成功
349,20260116104833248,3,81.33,2026-01-16 10:48:33,0.248,2026-01-16 10:48:33.248,2.62899994850159,508,合格,有效,成功
350,20260116104836765,3,145.0,2026-01-16 10:48:36,0.765,2026-01-16 10:48:36.765,3.51700019836426,509,合格,有效,成功
351,20260116104839651,3,201.0,2026-01-16 10:48:39,0.651,2026-01-16 10:48:39.651,2.88599991798401,510,合格,有效,成功
352,20260116104842427,3,148.0,2026-01-16 10:48:42,0.427,2026-01-16 10:48:42.427,2.77600002288818,511,合格,有效,成功
353,20260116104845513,3,68.0,2026-01-16 10:48:45,0.513,2026-01-16 10:48:45.513,3.08599996566772,512,合格,有效,成功
354,20260116104847968,3,117.0,2026-01-16 10:48:47,0.968,2026-01-16 10:48:47.968,2.45499992370605,513,合格,有效,成功
355,20260116104850563,3,96.0,2026-01-16 10:48:50,0.563,2026-01-16 10:48:50.563,2.59500002861023,514,合格,有效,成功
356,20260116104852526,3,76.67,2026-01-16 10:48:52,0.526,2026-01-16 10:48:52.526,1.96300005912781,515,合格,有效,成功
357,20260116104855130,3,194.0,2026-01-16 10:48:55,0.13,2026-01-16 10:48:55.13,2.60400009155273,516,合格,有效,成功
358,20260116104858086,3,84.0,2026-01-16 10:48:58,0.086,2026-01-16 10:48:58.086,2.95599985122681,517,合格,有效,成功
359,20260116104900679,3,68.0,2026-01-16 10:49:00,0.679,2026-01-16 10:49:00.679,2.59299993515015,518,合格,有效,成功
360,20260116104903879,3,191.0,2026-01-16 10:49:03,0.879,2026-01-16 10:49:03.879,3.20000004768372,519,合格,有效,成功
361,20260116104907188,3,132.0,2026-01-16 10:49:07,0.188,2026-01-16 10:49:07.188,3.30900001525879,520,合格,有效,成功
362,20260116104909392,3,104.0,2026-01-16 10:49:09,0.392,2026-01-16 10:49:09.392,2.2039999961853,521,合格,有效,成功
363,20260116104911739,3,95.0,2026-01-16 10:49:11,0.739,2026-01-16 10:49:11.739,2.34700012207031,522,合格,有效,成功
364,20260116104914327,3,125.0,2026-01-16 10:49:14,0.327,2026-01-16 10:49:14.327,2.58799982070923,523,合格,有效,成功
365,20260116104916364,3,111.0,2026-01-16 10:49:16,0.364,2026-01-16 10:49:16.364,2.03700017929077,524,合格,有效,成功
366,20260116104918765,3,143.0,2026-01-16 10:49:18,0.765,2026-01-16 10:49:18.765,2.40100002288818,525,合格,有效,成功
367,20260116104922279,3,98.0,2026-01-16 10:49:22,0.279,2026-01-16 10:49:22.279,3.51399993896484,526,合格,有效,成功
368,20260116104924864,3,85.0,2026-01-16 10:49:24,0.864,2026-01-16 10:49:24.864,2.58500003814697,527,合格,有效,成功
369,20260116104927731,3,127.0,2026-01-16 10:49:27,0.731,2026-01-16 10:49:27.731,2.86699986457825,528,合格,有效,成功
370,20260116104929855,3,108.33,2026-01-16 10:49:29,0.855,2026-01-16 10:49:29.855,2.12400007247925,529,合格,有效,成功
371,20260116104933103,3,104.67,2026-01-16 10:49:33,0.103,2026-01-16 10:49:33.103,3.24799990653992,530,合格,有效,成功
372,20260116104936036,3,141.67,2026-01-16 10:49:36,0.036,2026-01-16 10:49:36.036,2.93300008773804,531,合格,有效,成功
373,20260116104939044,3,118.67,2026-01-16 10:49:39,0.044,2026-01-16 10:49:39.044,3.00799989700317,532,合格,有效,成功
374,20260116104942319,3,157.0,2026-01-16 10:49:42,0.319,2026-01-16 10:49:42.319,3.27500009536743,533,合格,有效,成功
375,20260116104944876,3,145.67,2026-01-16 10:49:44,0.876,2026-01-16 10:49:44.876,2.55699992179871,534,合格,有效,成功
376,20260116104948923,3,58.33,2026-01-16 10:49:48,0.923,2026-01-16 10:49:48.923,4.04700016975403,535,合格,有效,成功
377,20260116104954507,3,93.0,2026-01-16 10:49:54,0.507,2026-01-16 10:49:54.507,5.58399987220764,536,合格,有效,成功
378,20260116104957200,3,88.0,2026-01-16 10:49:57,0.2,2026-01-16 10:49:57.2,2.69300007820129,537,合格,有效,成功
379,20260116105000455,3,96.67,2026-01-16 10:50:00,0.455,2026-01-16 10:50:00.455,3.25499987602234,538,合格,有效,成功
380,20260116105003054,3,86.0,2026-01-16 10:50:03,0.054,2026-01-16 10:50:03.054,2.59899997711182,539,合格,有效,成功
381,20260116105005785,3,105.0,2026-01-16 10:50:05,0.785,2026-01-16 10:50:05.785,2.73100018501282,540,合格,有效,成功
382,20260116105008598,3,91.0,2026-01-16 10:50:08,0.598,2026-01-16 10:50:08.598,2.81299996376038,541,合格,有效,成功
383,20260116105011748,3,64.0,2026-01-16 10:50:11,0.748,2026-01-16 10:50:11.748,3.14999985694885,542,合格,有效,成功
384,20260116105015023,3,113.0,2026-01-16 10:50:15,0.023,2026-01-16 10:50:15.023,3.27500009536743,543,合格,有效,成功
385,20260116105017430,3,87.0,2026-01-16 10:50:17,0.43,2026-01-16 10:50:17.43,2.40700006484985,544,合格,有效,成功
386,20260116105020137,3,87.0,2026-01-16 10:50:20,0.137,2026-01-16 10:50:20.137,2.70700001716614,545,合格,有效,成功
387,20260116105023013,3,109.67,2026-01-16 10:50:23,0.013,2026-01-16 10:50:23.013,2.87599992752075,546,合格,有效,成功
388,20260116105025171,3,135.0,2026-01-16 10:50:25,0.171,2026-01-16 10:50:25.171,2.15799999237061,547,合格,有效,成功
389,20260116105027141,3,61.0,2026-01-16 10:50:27,0.141,2026-01-16 10:50:27.141,1.97000002861023,548,合格,有效,成功
390,20260116105030906,3,86.0,2026-01-16 10:50:30,0.906,2026-01-16 10:50:30.906,3.7649998664856,549,合格,有效,成功
391,20260116105033498,3,76.0,2026-01-16 10:50:33,0.498,2026-01-16 10:50:33.498,2.59200000762939,550,合格,有效,成功
392,20260116105035922,3,84.0,2026-01-16 10:50:35,0.922,2026-01-16 10:50:35.922,2.42400002479553,551,合格,有效,成功
393,20260116105038554,3,98.0,2026-01-16 10:50:38,0.554,2026-01-16 10:50:38.554,2.63199996948242,552,合格,有效,成功
394,20260116105041350,3,120.0,2026-01-16 10:50:41,0.35,2026-01-16 10:50:41.35,2.7960000038147,553,合格,有效,成功
395,20260116105043878,3,92.0,2026-01-16 10:50:43,0.878,2026-01-16 10:50:43.878,2.52800011634827,554,合格,有效,成功
396,20260116105046857,3,147.0,2026-01-16 10:50:46,0.857,2026-01-16 10:50:46.857,2.97900009155273,555,合格,有效,成功
397,20260116105049179,3,81.0,2026-01-16 10:50:49,0.179,2026-01-16 10:50:49.179,2.3219997882843,556,合格,有效,成功
398,20260116105052126,3,123.0,2026-01-16 10:50:52,0.126,2026-01-16 10:50:52.126,2.94700002670288,557,合格,有效,成功
399,20260116105054420,3,89.0,2026-01-16 10:50:54,0.42,2026-01-16 10:50:54.42,2.29400014877319,558,合格,有效,成功
400,20260116105059995,3,129.0,2026-01-16 10:50:59,0.995,2026-01-16 10:50:59.995,5.57499980926514,559,合格,有效,成功
401,20260116105102771,3,145.67,2026-01-16 10:51:02,0.771,2026-01-16 10:51:02.771,2.77600002288818,560,合格,有效,成功
402,20260116105114811,3,108.0,2026-01-16 10:51:14,0.811,2026-01-16 10:51:14.811,12.0400002002716,561,合格,有效,成功
403,20260116105119513,3,69.0,2026-01-16 10:51:19,0.513,2026-01-16 10:51:19.513,4.70199990272522,562,合格,有效,成功
404,20260116105126075,3,113.0,2026-01-16 10:51:26,0.075,2026-01-16 10:51:26.075,6.56200003623962,563,合格,有效,成功
405,20260116105130415,3,128.0,2026-01-16 10:51:30,0.415,2026-01-16 10:51:30.415,4.33999991416931,564,合格,有效,成功
406,20260116105133293,3,76.0,2026-01-16 10:51:33,0.293,2026-01-16 10:51:33.293,2.87800002098083,565,合格,有效,成功
407,20260116105137935,3,47.0,2026-01-16 10:51:37,0.935,2026-01-16 10:51:37.935,4.64199995994568,566,合格,有效,成功
408,20260116105141207,3,90.0,2026-01-16 10:51:41,0.207,2026-01-16 10:51:41.207,3.2720000743866,567,合格,有效,成功
409,20260116105143386,3,74.0,2026-01-16 10:51:43,0.386,2026-01-16 10:51:43.386,2.17899990081787,568,合格,有效,成功
410,20260116105146276,3,196.0,2026-01-16 10:51:46,0.276,2026-01-16 10:51:46.276,2.89000010490417,569,合格,有效,成功
411,20260116105149440,3,189.33,2026-01-16 10:51:49,0.44,2026-01-16 10:51:49.44,3.16400003433228,570,合格,有效,成功
412,20260116105154208,3,118.0,2026-01-16 10:51:54,0.208,2026-01-16 10:51:54.208,4.76799988746643,571,合格,有效,成功
413,20260116105157233,3,114.0,2026-01-16 10:51:57,0.233,2026-01-16 10:51:57.233,3.02500009536743,572,合格,有效,成功
414,20260116105200101,3,115.67,2026-01-16 10:52:00,0.101,2026-01-16 10:52:00.101,2.86800003051758,573,合格,有效,成功
415,20260116105203089,3,79.0,2026-01-16 10:52:03,0.089,2026-01-16 10:52:03.089,2.98799991607666,574,合格,有效,成功
416,20260116105205507,3,103.0,2026-01-16 10:52:05,0.507,2026-01-16 10:52:05.507,2.41799998283386,575,合格,有效,成功
417,20260116105207809,3,91.0,2026-01-16 10:52:07,0.809,2026-01-16 10:52:07.809,2.30200004577637,576,合格,有效,成功
418,20260116105211116,3,131.0,2026-01-16 10:52:11,0.116,2026-01-16 10:52:11.116,3.30699992179871,577,合格,有效,成功
419,20260116105214142,3,117.0,2026-01-16 10:52:14,0.142,2026-01-16 10:52:14.142,3.02600002288818,578,合格,有效,成功
420,20260116105216890,3,73.0,2026-01-16 10:52:16,0.89,2026-01-16 10:52:16.89,2.7480001449585,579,合格,有效,成功
421,20260116105219450,3,73.0,2026-01-16 10:52:19,0.45,2026-01-16 10:52:19.45,2.55999994277954,580,合格,有效,成功
422,20260116105222111,3,59.0,2026-01-16 10:52:22,0.111,2026-01-16 10:52:22.111,2.66100001335144,581,合格,有效,成功
423,20260116105225190,3,96.33,2026-01-16 10:52:25,0.19,2026-01-16 10:52:25.19,3.0789999961853,582,合格,有效,成功
424,20260116105227157,3,66.0,2026-01-16 10:52:27,0.157,2026-01-16 10:52:27.157,1.96700000762939,583,合格,有效,成功
425,20260116105229995,3,99.0,2026-01-16 10:52:29,0.995,2026-01-16 10:52:29.995,2.83799982070923,584,合格,有效,成功
426,20260116105232970,3,113.0,2026-01-16 10:52:32,0.97,2026-01-16 10:52:32.97,2.97500014305115,585,合格,有效,成功
427,20260116105235602,3,88.0,2026-01-16 10:52:35,0.602,2026-01-16 10:52:35.602,2.63199996948242,586,合格,有效,成功
428,20260116105238724,3,194.0,2026-01-16 10:52:38,0.724,2026-01-16 10:52:38.724,3.12199997901917,587,合格,有效,成功
429,20260116105241269,3,89.0,2026-01-16 10:52:41,0.269,2026-01-16 10:52:41.269,2.54500007629395,588,合格,有效,成功
430,20260116105245100,3,146.0,2026-01-16 10:52:45,0.1,2026-01-16 10:52:45.1,3.83099985122681,589,合格,有效,成功
431,20260116105248055,3,139.0,2026-01-16 10:52:48,0.055,2026-01-16 10:52:48.055,2.95500016212463,590,合格,有效,成功
432,20260116105250872,3,138.0,2026-01-16 10:52:50,0.872,2026-01-16 10:52:50.872,2.81699991226196,591,合格,有效,成功
433,20260116105255100,3,123.0,2026-01-16 10:52:55,0.1,2026-01-16 10:52:55.1,4.2279999256134,592,合格,有效,成功
434,20260116105257922,3,187.0,2026-01-16 10:52:57,0.922,2026-01-16 10:52:57.922,2.82200002670288,593,合格,有效,成功
435,20260116105301851,3,167.0,2026-01-16 10:53:01,0.851,2026-01-16 10:53:01.851,3.92900013923645,594,合格,有效,成功
436,20260116105306526,3,134.0,2026-01-16 10:53:06,0.526,2026-01-16 10:53:06.526,4.67499995231628,595,合格,有效,成功
437,20260116105308951,3,130.0,2026-01-16 10:53:08,0.951,2026-01-16 10:53:08.951,2.42499995231628,596,合格,有效,成功
438,20260116105312532,3,147.0,2026-01-16 10:53:12,0.532,2026-01-16 10:53:12.532,3.58100008964539,597,合格,有效,成功
439,20260116105315242,3,100.0,2026-01-16 10:53:15,0.242,2026-01-16 10:53:15.242,2.71000003814697,598,合格,有效,成功
440,20260116105318513,3,90.0,2026-01-16 10:53:18,0.513,2026-01-16 10:53:18.513,3.27099990844727,599,合格,有效,成功
441,20260116105321935,3,67.0,2026-01-16 10:53:21,0.935,2026-01-16 10:53:21.935,3.42199993133545,600,合格,有效,成功
442,20260116105324155,3,83.0,2026-01-16 10:53:24,0.155,2026-01-16 10:53:24.155,2.22000002861023,601,合格,有效,成功
443,20260116105327175,3,109.0,2026-01-16 10:53:27,0.175,2026-01-16 10:53:27.175,3.01999998092651,602,合格,有效,成功
444,20260116105329738,3,104.0,2026-01-16 10:53:29,0.738,2026-01-16 10:53:29.738,2.56299996376038,603,合格,有效,成功
445,20260116105331938,3,115.0,2026-01-16 10:53:31,0.938,2026-01-16 10:53:31.938,2.20000004768372,604,合格,有效,成功
446,20260116105334607,3,202.0,2026-01-16 10:53:34,0.607,2026-01-16 10:53:34.607,2.66900014877319,605,合格,有效,成功
447,20260116105347221,3,30.33,2026-01-16 10:53:47,0.221,2026-01-16 10:53:47.221,12.6139998435974,606,合格,有效,成功
448,20260116105348848,3,112.0,2026-01-16 10:53:48,0.848,2026-01-16 10:53:48.848,1.62700009346008,607,合格,有效,成功
449,20260116105351848,3,66.0,2026-01-16 10:53:51,0.848,2026-01-16 10:53:51.848,3.0,608,合格,有效,成功
450,20260116105355080,3,85.0,2026-01-16 10:53:55,0.08,2026-01-16 10:53:55.08,3.23199987411499,609,合格,有效,成功
451,20260116105357892,3,144.0,2026-01-16 10:53:57,0.892,2026-01-16 10:53:57.892,2.81200003623962,610,合格,有效,成功
452,20260116105400697,3,104.0,2026-01-16 10:54:00,0.697,2026-01-16 10:54:00.697,2.8050000667572,611,合格,有效,成功
453,20260116105403190,3,79.0,2026-01-16 10:54:03,0.19,2026-01-16 10:54:03.19,2.49300003051758,612,合格,有效,成功
454,20260116105406177,3,83.0,2026-01-16 10:54:06,0.177,2026-01-16 10:54:06.177,2.98699998855591,613,合格,有效,成功
455,20260116105408766,3,111.0,2026-01-16 10:54:08,0.766,2026-01-16 10:54:08.766,2.58899998664856,614,合格,有效,成功
456,20260116105411713,3,108.0,2026-01-16 10:54:11,0.713,2026-01-16 10:54:11.713,2.94700002670288,615,合格,有效,成功
457,20260116105414520,3,114.0,2026-01-16 10:54:14,0.52,2026-01-16 10:54:14.52,2.80699992179871,616,合格,有效,成功
458,20260116105416829,3,104.0,2026-01-16 10:54:16,0.829,2026-01-16 10:54:16.829,2.30900001525879,617,合格,有效,成功
459,20260116105419328,3,99.0,2026-01-16 10:54:19,0.328,2026-01-16 10:54:19.328,2.49900007247925,618,合格,有效,成功
460,20260116105422492,3,96.0,2026-01-16 10:54:22,0.492,2026-01-16 10:54:22.492,3.16400003433228,619,合格,有效,成功
461,20260116105425096,3,61.0,2026-01-16 10:54:25,0.096,2026-01-16 10:54:25.096,2.60399985313416,620,合格,有效,成功
462,20260116105427977,3,132.0,2026-01-16 10:54:27,0.977,2026-01-16 10:54:27.977,2.88100004196167,621,合格,有效,成功
463,20260116105430339,3,78.0,2026-01-16 10:54:30,0.339,2026-01-16 10:54:30.339,2.36199998855591,622,合格,有效,成功
464,20260116105432932,3,53.0,2026-01-16 10:54:32,0.932,2026-01-16 10:54:32.932,2.59299993515015,623,合格,有效,成功
465,20260116105435487,3,94.0,2026-01-16 10:54:35,0.487,2026-01-16 10:54:35.487,2.5550000667572,624,合格,有效,成功
466,20260116105438115,3,124.0,2026-01-16 10:54:38,0.115,2026-01-16 10:54:38.115,2.62800002098083,625,合格,有效,成功
467,20260116105440973,3,123.0,2026-01-16 10:54:40,0.973,2026-01-16 10:54:40.973,2.85800004005432,626,合格,有效,成功
468,20260116105443504,3,58.0,2026-01-16 10:54:43,0.504,2026-01-16 10:54:43.504,2.53099989891052,627,合格,有效,成功
469,20260116105446203,3,96.0,2026-01-16 10:54:46,0.203,2026-01-16 10:54:46.203,2.69900012016296,628,合格,有效,成功
470,20260116105449131,3,88.0,2026-01-16 10:54:49,0.131,2026-01-16 10:54:49.131,2.92799997329712,629,合格,有效,成功
471,20260116105451335,3,107.0,2026-01-16 10:54:51,0.335,2026-01-16 10:54:51.335,2.2039999961853,630,合格,有效,成功
472,20260116105453892,3,113.0,2026-01-16 10:54:53,0.892,2026-01-16 10:54:53.892,2.55699992179871,631,合格,有效,成功
473,20260116105457053,3,119.0,2026-01-16 10:54:57,0.053,2026-01-16 10:54:57.053,3.16100001335144,632,合格,有效,成功
474,20260116105459691,3,76.0,2026-01-16 10:54:59,0.691,2026-01-16 10:54:59.691,2.63800001144409,633,合格,有效,成功
475,20260116105501997,3,94.0,2026-01-16 10:55:01,0.997,2026-01-16 10:55:01.997,2.30599999427795,634,合格,有效,成功
476,20260116105504845,3,110.33,2026-01-16 10:55:04,0.845,2026-01-16 10:55:04.845,2.84800004959106,635,合格,有效,成功
477,20260116105507457,3,54.0,2026-01-16 10:55:07,0.457,2026-01-16 10:55:07.457,2.61199998855591,636,合格,有效,成功
478,20260116105510544,3,124.0,2026-01-16 10:55:10,0.544,2026-01-16 10:55:10.544,3.08699989318848,637,合格,有效,成功
479,20260116105513557,3,81.0,2026-01-16 10:55:13,0.557,2026-01-16 10:55:13.557,3.01300001144409,638,合格,有效,成功
480,20260116105516416,3,90.0,2026-01-16 10:55:16,0.416,2026-01-16 10:55:16.416,2.85899996757507,639,合格,有效,成功
481,20260116105518892,3,121.67,2026-01-16 10:55:18,0.892,2026-01-16 10:55:18.892,2.4760000705719,640,合格,有效,成功
482,20260116105522178,3,74.0,2026-01-16 10:55:22,0.178,2026-01-16 10:55:22.178,3.28600001335144,641,合格,有效,成功
483,20260116105524904,3,111.0,2026-01-16 10:55:24,0.904,2026-01-16 10:55:24.904,2.7260000705719,642,合格,有效,成功
484,20260116105528270,3,81.0,2026-01-16 10:55:28,0.27,2026-01-16 10:55:28.27,3.3659999370575,643,合格,有效,成功
485,20260116105531403,3,121.0,2026-01-16 10:55:31,0.403,2026-01-16 10:55:31.403,3.13300013542175,644,合格,有效,成功
486,20260116105533973,3,69.0,2026-01-16 10:55:33,0.973,2026-01-16 10:55:33.973,2.5699999332428,645,合格,有效,成功
487,20260116105536750,3,62.0,2026-01-16 10:55:36,0.75,2026-01-16 10:55:36.75,2.77699995040894,646,合格,有效,成功
488,20260116105539286,3,81.0,2026-01-16 10:55:39,0.286,2026-01-16 10:55:39.286,2.53600001335144,647,合格,有效,成功
489,20260116105542251,3,64.0,2026-01-16 10:55:42,0.251,2026-01-16 10:55:42.251,2.96499991416931,648,合格,有效,成功
490,20260116105546111,3,82.0,2026-01-16 10:55:46,0.111,2026-01-16 10:55:46.111,3.8600001335144,649,合格,有效,成功
491,20260116105548408,3,105.0,2026-01-16 10:55:48,0.408,2026-01-16 10:55:48.408,2.29699993133545,650,合格,有效,成功
492,20260116105550908,3,71.0,2026-01-16 10:55:50,0.908,2026-01-16 10:55:50.908,2.5,651,合格,有效,成功
493,20260116105553269,3,86.0,2026-01-16 10:55:53,0.269,2026-01-16 10:55:53.269,2.36100006103516,652,合格,有效,成功
494,20260116105556614,3,62.0,2026-01-16 10:55:56,0.614,2026-01-16 10:55:56.614,3.34500002861023,653,合格,有效,成功
495,20260116105558809,3,84.0,2026-01-16 10:55:58,0.809,2026-01-16 10:55:58.809,2.1949999332428,654,合格,有效,成功
496,20260116105601147,3,109.0,2026-01-16 10:56:01,0.147,2026-01-16 10:56:01.147,2.33800005912781,655,合格,有效,成功
497,20260116105604244,3,72.0,2026-01-16 10:56:04,0.244,2026-01-16 10:56:04.244,3.09699988365173,656,合格,有效,成功
498,20260116105606403,3,136.0,2026-01-16 10:56:06,0.403,2026-01-16 10:56:06.403,2.15900015830994,657,合格,有效,成功
499,20260116105609648,3,131.0,2026-01-16 10:56:09,0.648,2026-01-16 10:56:09.648,3.24499988555908,658,合格,有效,成功
500,20260116105613447,3,102.33,2026-01-16 10:56:13,0.447,2026-01-16 10:56:13.447,3.79900002479553,659,合格,有效,成功
501,20260116105616398,3,74.0,2026-01-16 10:56:16,0.398,2026-01-16 10:56:16.398,2.95099997520447,660,合格,有效,成功
502,20260116105619453,3,135.0,2026-01-16 10:56:19,0.453,2026-01-16 10:56:19.453,3.0550000667572,661,合格,有效,成功
503,20260116105622557,3,106.0,2026-01-16 10:56:22,0.557,2026-01-16 10:56:22.557,3.10399985313416,662,合格,有效,成功
504,20260116105625830,3,95.0,2026-01-16 10:56:25,0.83,2026-01-16 10:56:25.83,3.27300000190735,663,合格,有效,成功
505,20260116105629402,3,93.0,2026-01-16 10:56:29,0.402,2026-01-16 10:56:29.402,3.57200002670288,664,合格,有效,成功
506,20260116105632969,3,109.0,2026-01-16 10:56:32,0.969,2026-01-16 10:56:32.969,3.56700015068054,665,合格,有效,成功
507,20260116105639753,3,78.0,2026-01-16 10:56:39,0.753,2026-01-16 10:56:39.753,6.78399991989136,666,合格,有效,成功
508,20260116105643360,3,45.0,2026-01-16 10:56:43,0.36,2026-01-16 10:56:43.36,3.60699987411499,667,合格,有效,成功
509,20260116105650297,3,90.0,2026-01-16 10:56:50,0.297,2026-01-16 10:56:50.297,6.93700003623962,668,合格,有效,成功
510,20260116105652860,3,73.0,2026-01-16 10:56:52,0.86,2026-01-16 10:56:52.86,2.56299996376038,669,合格,有效,成功
511,20260116105656731,3,139.0,2026-01-16 10:56:56,0.731,2026-01-16 10:56:56.731,3.87100005149841,670,合格,有效,成功
512,20260116105700490,3,90.0,2026-01-16 10:57:00,0.49,2026-01-16 10:57:00.49,3.7590000629425,671,合格,有效,成功
513,20260116105703411,3,83.0,2026-01-16 10:57:03,0.411,2026-01-16 10:57:03.411,2.9210000038147,672,合格,有效,成功
514,20260116105705998,3,99.0,2026-01-16 10:57:05,0.998,2026-01-16 10:57:05.998,2.58699989318848,673,合格,有效,成功
515,20260116105709429,3,110.0,2026-01-16 10:57:09,0.429,2026-01-16 10:57:09.429,3.43099999427795,674,合格,有效,成功
516,20260116105712075,3,68.33,2026-01-16 10:57:12,0.075,2026-01-16 10:57:12.075,2.64600014686584,675,合格,有效,成功
517,20260116105715142,3,143.0,2026-01-16 10:57:15,0.142,2026-01-16 10:57:15.142,3.06699991226196,676,合格,有效,成功
518,20260116105717798,3,144.0,2026-01-16 10:57:17,0.798,2026-01-16 10:57:17.798,2.6560001373291,677,合格,有效,成功
519,20260116105720658,3,134.0,2026-01-16 10:57:20,0.658,2026-01-16 10:57:20.658,2.85999989509583,678,合格,有效,成功
520,20260116105723154,3,148.33,2026-01-16 10:57:23,0.154,2026-01-16 10:57:23.154,2.49600005149841,679,合格,有效,成功
521,20260116105741530,3,119.67,2026-01-16 10:57:41,0.53,2026-01-16 10:57:41.53,18.3759999275208,680,合格,有效,成功
522,20260116105744304,3,110.33,2026-01-16 10:57:44,0.304,2026-01-16 10:57:44.304,2.7739999294281,681,合格,有效,成功
523,20260116105747210,3,68.67,2026-01-16 10:57:47,0.21,2026-01-16 10:57:47.21,2.9060001373291,682,合格,有效,成功
524,20260116105751007,3,111.0,2026-01-16 10:57:51,0.007,2026-01-16 10:57:51.007,3.79699993133545,683,合格,有效,成功
525,20260116105753687,3,117.0,2026-01-16 10:57:53,0.687,2026-01-16 10:57:53.687,2.6800000667572,684,合格,有效,成功
526,20260116105757400,3,80.0,2026-01-16 10:57:57,0.4,2026-01-16 10:57:57.4,3.71300005912781,685,合格,有效,成功
527,20260116105759911,3,90.0,2026-01-16 10:57:59,0.911,2026-01-16 10:57:59.911,2.51099991798401,686,合格,有效,成功
528,20260116105804057,3,59.0,2026-01-16 10:58:04,0.057,2026-01-16 10:58:04.057,4.14599990844727,687,合格,有效,成功
529,20260116105806264,3,81.0,2026-01-16 10:58:06,0.264,2026-01-16 10:58:06.264,2.20700001716614,688,合格,有效,成功
530,20260116105808160,3,74.67,2026-01-16 10:58:08,0.16,2026-01-16 10:58:08.16,1.89600014686584,689,合格,有效,成功
531,20260116105810089,3,78.33,2026-01-16 10:58:10,0.089,2026-01-16 10:58:10.089,1.92899990081787,690,合格,有效,成功
532,20260116105811919,3,66.0,2026-01-16 10:58:11,0.919,2026-01-16 10:58:11.919,1.82999992370605,691,合格,有效,成功
533,20260116105813620,3,103.0,2026-01-16 10:58:13,0.62,2026-01-16 10:58:13.62,1.70099997520447,692,合格,有效,成功
534,20260116105815385,3,116.33,2026-01-16 10:58:15,0.385,2026-01-16 10:58:15.385,1.76500010490417,693,合格,有效,成功
535,20260116105817133,3,103.67,2026-01-16 10:58:17,0.133,2026-01-16 10:58:17.133,1.74799990653992,694,合格,有效,成功
536,20260116105818788,3,87.0,2026-01-16 10:58:18,0.788,2026-01-16 10:58:18.788,1.65500020980835,695,合格,有效,成功
537,20260116105820693,3,129.67,2026-01-16 10:58:20,0.693,2026-01-16 10:58:20.693,1.90499997138977,696,合格,有效,成功
538,20260116105825382,3,158.0,2026-01-16 10:58:25,0.382,2026-01-16 10:58:25.382,4.68899989128113,697,合格,有效,成功
539,20260116105829480,3,104.0,2026-01-16 10:58:29,0.48,2026-01-16 10:58:29.48,4.09800004959106,698,合格,有效,成功
540,20260116105832081,3,102.0,2026-01-16 10:58:32,0.081,2026-01-16 10:58:32.081,2.6010000705719,699,合格,有效,成功
541,20260116105834084,3,90.0,2026-01-16 10:58:34,0.084,2026-01-16 10:58:34.084,2.00300002098083,700,合格,有效,成功
542,20260116105835991,3,86.0,2026-01-16 10:58:35,0.991,2026-01-16 10:58:35.991,1.90699982643127,701,合格,有效,成功
543,20260116105838193,3,124.33,2026-01-16 10:58:38,0.193,2026-01-16 10:58:38.193,2.2020001411438,702,合格,有效,成功
544,20260116105849780,3,165.0,2026-01-16 10:58:49,0.78,2026-01-16 10:58:49.78,11.5869998931885,703,合格,有效,成功
545,20260116105853292,3,154.0,2026-01-16 10:58:53,0.292,2026-01-16 10:58:53.292,3.51200008392334,704,合格,有效,成功
546,20260116105856186,3,98.0,2026-01-16 10:58:56,0.186,2026-01-16 10:58:56.186,2.89400005340576,705,合格,有效,成功
547,20260116105858653,3,88.0,2026-01-16 10:58:58,0.653,2026-01-16 10:58:58.653,2.46700000762939,706,合格,有效,成功
548,20260116105900717,3,108.0,2026-01-16 10:59:00,0.717,2026-01-16 10:59:00.717,2.06399989128113,707,合格,有效,成功
549,20260116105903325,3,125.0,2026-01-16 10:59:03,0.325,2026-01-16 10:59:03.325,2.60800004005432,708,合格,有效,成功
550,20260116105906543,3,203.0,2026-01-16 10:59:06,0.543,2026-01-16 10:59:06.543,3.21799993515015,709,合格,有效,成功
551,20260116105908826,3,105.0,2026-01-16 10:59:08,0.826,2026-01-16 10:59:08.826,2.28299999237061,710,合格,有效,成功
552,20260116105911159,3,118.33,2026-01-16 10:59:11,0.159,2026-01-16 10:59:11.159,2.33299994468689,711,合格,有效,成功
553,20260116105913850,3,108.0,2026-01-16 10:59:13,0.85,2026-01-16 10:59:13.85,2.69099998474121,712,合格,有效,成功
554,20260116105916779,3,170.0,2026-01-16 10:59:16,0.779,2026-01-16 10:59:16.779,2.92900013923645,713,合格,有效,成功
555,20260116105919382,3,206.0,2026-01-16 10:59:19,0.382,2026-01-16 10:59:19.382,2.6029999256134,714,合格,有效,成功
556,20260116105922409,3,91.0,2026-01-16 10:59:22,0.409,2026-01-16 10:59:22.409,3.02699995040894,715,合格,有效,成功
557,20260116105924411,3,113.0,2026-01-16 10:59:24,0.411,2026-01-16 10:59:24.411,2.00200009346008,716,合格,有效,成功
558,20260116105927075,3,88.0,2026-01-16 10:59:27,0.075,2026-01-16 10:59:27.075,2.66400003433228,717,合格,有效,成功
559,20260116105929020,3,95.0,2026-01-16 10:59:29,0.02,2026-01-16 10:59:29.02,1.9449999332428,718,合格,有效,成功
560,20260116105931609,3,55.0,2026-01-16 10:59:31,0.609,2026-01-16 10:59:31.609,2.58899998664856,719,合格,有效,成功
561,20260116105934023,3,60.67,2026-01-16 10:59:34,0.023,2026-01-16 10:59:34.023,2.41400003433228,720,合格,有效,成功
562,20260116105937639,3,56.0,2026-01-16 10:59:37,0.639,2026-01-16 10:59:37.639,3.6159999370575,721,合格,有效,成功
563,20260116105943196,3,112.0,2026-01-16 10:59:43,0.196,2026-01-16 10:59:43.196,5.55700016021729,722,合格,有效,成功
564,20260116105945449,3,99.0,2026-01-16 10:59:45,0.449,2026-01-16 10:59:45.449,2.25299978256226,723,合格,有效,成功
565,20260116105948960,3,114.0,2026-01-16 10:59:48,0.96,2026-01-16 10:59:48.96,3.51100015640259,724,合格,有效,成功
566,20260116105952081,3,115.67,2026-01-16 10:59:52,0.081,2026-01-16 10:59:52.081,3.12100005149841,725,合格,有效,成功
567,20260116105954822,3,95.67,2026-01-16 10:59:54,0.822,2026-01-16 10:59:54.822,2.7409999370575,726,合格,有效,成功
568,20260116105957908,3,200.0,2026-01-16 10:59:57,0.908,2026-01-16 10:59:57.908,3.08599996566772,727,合格,有效,成功
569,20260116110000314,3,88.0,2026-01-16 11:00:00,0.314,2026-01-16 11:00:00.314,2.40599989891052,728,合格,有效,成功
570,20260116110003678,3,139.0,2026-01-16 11:00:03,0.678,2026-01-16 11:00:03.678,3.36400008201599,729,合格,有效,成功
571,20260116110005326,3,62.0,2026-01-16 11:00:05,0.326,2026-01-16 11:00:05.326,1.64800000190735,730,合格,有效,成功
572,20260116110009232,3,88.0,2026-01-16 11:00:09,0.232,2026-01-16 11:00:09.232,3.9060001373291,731,合格,有效,成功
573,20260116110012087,3,173.0,2026-01-16 11:00:12,0.087,2026-01-16 11:00:12.087,2.85499978065491,732,合格,有效,成功
574,20260116110016593,3,139.0,2026-01-16 11:00:16,0.593,2026-01-16 11:00:16.593,4.50600004196167,733,合格,有效,成功
575,20260116110019805,3,126.0,2026-01-16 11:00:19,0.805,2026-01-16 11:00:19.805,3.21200013160706,734,合格,有效,成功
576,20260116110022392,3,85.0,2026-01-16 11:00:22,0.392,2026-01-16 11:00:22.392,2.58699989318848,735,合格,有效,成功
577,20260116110024627,3,87.0,2026-01-16 11:00:24,0.627,2026-01-16 11:00:24.627,2.2350001335144,736,合格,有效,成功
578,20260116110026477,3,82.0,2026-01-16 11:00:26,0.477,2026-01-16 11:00:26.477,1.84999990463257,737,合格,有效,成功
579,20260116110028449,3,79.0,2026-01-16 11:00:28,0.449,2026-01-16 11:00:28.449,1.97199988365173,738,合格,有效,成功
580,20260116110030165,3,83.67,2026-01-16 11:00:30,0.165,2026-01-16 11:00:30.165,1.71600008010864,739,合格,有效,成功
581,20260116110031873,3,62.0,2026-01-16 11:00:31,0.873,2026-01-16 11:00:31.873,1.70799994468689,740,合格,有效,成功
582,20260116110033951,3,97.67,2026-01-16 11:00:33,0.951,2026-01-16 11:00:33.951,2.07800006866455,741,合格,有效,成功
583,20260116110035573,3,90.0,2026-01-16 11:00:35,0.573,2026-01-16 11:00:35.573,1.62199997901917,742,合格,有效,成功
584,20260116110037185,3,88.0,2026-01-16 11:00:37,0.185,2026-01-16 11:00:37.185,1.61199998855591,743,合格,有效,成功
585,20260116110038813,3,146.0,2026-01-16 11:00:38,0.813,2026-01-16 11:00:38.813,1.62800002098083,744,合格,有效,成功
586,20260116110040580,3,110.33,2026-01-16 11:00:40,0.58,2026-01-16 11:00:40.58,1.76699995994568,745,合格,有效,成功
587,20260116110041960,3,116.0,2026-01-16 11:00:41,0.96,2026-01-16 11:00:41.96,1.38000011444092,746,合格,有效,成功
588,20260116110043334,3,39.0,2026-01-16 11:00:43,0.334,2026-01-16 11:00:43.334,1.37400007247925,747,合格,有效,成功
589,20260116110045025,3,142.0,2026-01-16 11:00:45,0.025,2026-01-16 11:00:45.025,1.69099998474121,748,合格,有效,成功
590,20260116110048179,3,92.0,2026-01-16 11:00:48,0.179,2026-01-16 11:00:48.179,3.15399980545044,749,合格,有效,成功
591,20260116110052649,3,123.0,2026-01-16 11:00:52,0.649,2026-01-16 11:00:52.649,4.47000002861023,750,合格,有效,成功
592,20260116110055355,3,106.0,2026-01-16 11:00:55,0.355,2026-01-16 11:00:55.355,2.70600008964539,751,合格,有效,成功
593,20260116110057205,3,88.0,2026-01-16 11:00:57,0.205,2026-01-16 11:00:57.205,1.84999990463257,752,合格,有效,成功
594,20260116110059775,3,95.0,2026-01-16 11:00:59,0.775,2026-01-16 11:00:59.775,2.57000017166138,753,合格,有效,成功
595,20260116110104097,3,125.0,2026-01-16 11:01:04,0.097,2026-01-16 11:01:04.097,4.3219997882843,754,合格,有效,成功
596,20260116110106381,3,61.0,2026-01-16 11:01:06,0.381,2026-01-16 11:01:06.381,2.28400015830994,755,合格,有效,成功
597,20260116110108594,3,132.33,2026-01-16 11:01:08,0.594,2026-01-16 11:01:08.594,2.21300005912781,756,合格,有效,成功
598,20260116110112134,3,62.0,2026-01-16 11:01:12,0.134,2026-01-16 11:01:12.134,3.53999996185303,757,合格,有效,成功
599,20260116110114542,3,105.0,2026-01-16 11:01:14,0.542,2026-01-16 11:01:14.542,2.40799999237061,758,合格,有效,成功
600,20260116110118326,3,92.0,2026-01-16 11:01:18,0.326,2026-01-16 11:01:18.326,3.78399991989136,759,合格,有效,成功
601,20260116110122159,3,130.0,2026-01-16 11:01:22,0.159,2026-01-16 11:01:22.159,3.83299994468689,760,合格,有效,成功
602,20260116110124509,3,124.0,2026-01-16 11:01:24,0.509,2026-01-16 11:01:24.509,2.35000014305115,761,合格,有效,成功
603,20260116110126710,3,104.0,2026-01-16 11:01:26,0.71,2026-01-16 11:01:26.71,2.20099997520447,762,合格,有效,成功
604,20260116110131367,3,156.0,2026-01-16 11:01:31,0.367,2026-01-16 11:01:31.367,4.65700006484985,763,合格,有效,成功
605,20260116110134277,3,47.0,2026-01-16 11:01:34,0.277,2026-01-16 11:01:34.277,2.90999984741211,764,合格,有效,成功
606,20260116110137638,3,152.0,2026-01-16 11:01:37,0.638,2026-01-16 11:01:37.638,3.36100006103516,765,合格,有效,成功
607,20260116110140071,3,76.0,2026-01-16 11:01:40,0.071,2026-01-16 11:01:40.071,2.43300008773804,766,合格,有效,成功
608,20260116110143311,3,149.0,2026-01-16 11:01:43,0.311,2026-01-16 11:01:43.311,3.24000000953674,767,合格,有效,成功
609,20260116110145749,3,71.0,2026-01-16 11:01:45,0.749,2026-01-16 11:01:45.749,2.43799996376038,768,合格,有效,成功
610,20260116110152314,3,61.67,2026-01-16 11:01:52,0.314,2026-01-16 11:01:52.314,6.56499981880188,769,合格,有效,成功
611,20260116110155655,3,101.0,2026-01-16 11:01:55,0.655,2026-01-16 11:01:55.655,3.34100008010864,770,合格,有效,成功
612,20260116110200155,3,96.0,2026-01-16 11:02:00,0.155,2026-01-16 11:02:00.155,4.5,771,合格,有效,成功
613,20260116110202036,3,104.0,2026-01-16 11:02:02,0.036,2026-01-16 11:02:02.036,1.88100004196167,772,合格,有效,成功
614,20260116110204425,3,86.0,2026-01-16 11:02:04,0.425,2026-01-16 11:02:04.425,2.38899993896484,773,合格,有效,成功
615,20260116110207677,3,144.0,2026-01-16 11:02:07,0.677,2026-01-16 11:02:07.677,3.25200009346008,774,合格,有效,成功
616,20260116110210794,3,191.0,2026-01-16 11:02:10,0.794,2026-01-16 11:02:10.794,3.11699986457825,775,合格,有效,成功
617,20260116110220994,3,120.0,2026-01-16 11:02:20,0.994,2026-01-16 11:02:20.994,10.2000000476837,776,合格,有效,成功
618,20260116110223671,3,119.0,2026-01-16 11:02:23,0.671,2026-01-16 11:02:23.671,2.67700004577637,777,合格,有效,成功
619,20260116110227269,3,180.0,2026-01-16 11:02:27,0.269,2026-01-16 11:02:27.269,3.59800004959106,778,合格,有效,成功
620,20260116110229999,3,79.0,2026-01-16 11:02:29,0.999,2026-01-16 11:02:29.999,2.73000001907349,779,合格,有效,成功
621,20260116110232696,3,150.0,2026-01-16 11:02:32,0.696,2026-01-16 11:02:32.696,2.69700002670288,780,合格,有效,成功
622,20260116110235205,3,107.0,2026-01-16 11:02:35,0.205,2026-01-16 11:02:35.205,2.50899982452393,781,合格,有效,成功
623,20260116110237429,3,88.0,2026-01-16 11:02:37,0.429,2026-01-16 11:02:37.429,2.22399997711182,782,合格,有效,成功
624,20260116110239738,3,88.67,2026-01-16 11:02:39,0.738,2026-01-16 11:02:39.738,2.30900001525879,783,合格,有效,成功
625,20260116110245329,3,57.0,2026-01-16 11:02:45,0.329,2026-01-16 11:02:45.329,5.59100008010864,784,合格,有效,成功
626,20260116110249402,3,118.0,2026-01-16 11:02:49,0.402,2026-01-16 11:02:49.402,4.07299995422363,785,合格,有效,成功
627,20260116110252513,3,125.67,2026-01-16 11:02:52,0.513,2026-01-16 11:02:52.513,3.11100006103516,786,合格,有效,成功
628,20260116110256274,3,91.0,2026-01-16 11:02:56,0.274,2026-01-16 11:02:56.274,3.76099991798401,787,合格,有效,成功
629,20260116110258961,3,158.33,2026-01-16 11:02:58,0.961,2026-01-16 11:02:58.961,2.68700003623962,788,合格,有效,成功
630,20260116110303422,3,101.0,2026-01-16 11:03:03,0.422,2026-01-16 11:03:03.422,4.46099996566772,789,合格,有效,成功
631,20260116110308007,3,91.0,2026-01-16 11:03:08,0.007,2026-01-16 11:03:08.007,4.58500003814697,790,合格,有效,成功
632,20260116110310333,3,112.0,2026-01-16 11:03:10,0.333,2026-01-16 11:03:10.333,2.32599997520447,791,合格,有效,成功
633,20260116110313138,3,113.0,2026-01-16 11:03:13,0.138,2026-01-16 11:03:13.138,2.8050000667572,792,合格,有效,成功
634,20260116110315238,3,122.0,2026-01-16 11:03:15,0.238,2026-01-16 11:03:15.238,2.09999990463257,793,合格,有效,成功
635,20260116110317478,3,92.0,2026-01-16 11:03:17,0.478,2026-01-16 11:03:17.478,2.24000000953674,794,合格,有效,成功
636,20260116110320244,3,89.0,2026-01-16 11:03:20,0.244,2026-01-16 11:03:20.244,2.76600003242493,795,合格,有效,成功
637,20260116110322199,3,131.0,2026-01-16 11:03:22,0.199,2026-01-16 11:03:22.199,1.95499992370605,796,合格,有效,成功
638,20260116110328960,3,93.0,2026-01-16 11:03:28,0.96,2026-01-16 11:03:28.96,6.76100015640259,797,合格,有效,成功
639,20260116110332536,3,146.0,2026-01-16 11:03:32,0.536,2026-01-16 11:03:32.536,3.57599997520447,798,合格,有效,成功
640,20260116110335497,3,90.0,2026-01-16 11:03:35,0.497,2026-01-16 11:03:35.497,2.96099996566772,799,合格,有效,成功
641,20260116110338454,3,59.0,2026-01-16 11:03:38,0.454,2026-01-16 11:03:38.454,2.95700001716614,800,合格,有效,成功
642,20260116110341015,3,104.0,2026-01-16 11:03:41,0.015,2026-01-16 11:03:41.015,2.56100010871887,801,合格,有效,成功
643,20260116110344038,3,116.0,2026-01-16 11:03:44,0.038,2026-01-16 11:03:44.038,3.02300000190735,802,合格,有效,成功
644,20260116110348335,3,121.0,2026-01-16 11:03:48,0.335,2026-01-16 11:03:48.335,4.29699993133545,803,合格,有效,成功
645,20260116110353898,3,83.0,2026-01-16 11:03:53,0.898,2026-01-16 11:03:53.898,5.56299996376038,804,合格,有效,成功
646,20260116110356615,3,105.0,2026-01-16 11:03:56,0.615,2026-01-16 11:03:56.615,2.71700000762939,805,合格,有效,成功
647,20260116110359224,3,118.0,2026-01-16 11:03:59,0.224,2026-01-16 11:03:59.224,2.60899996757507,806,合格,有效,成功
648,20260116110402306,3,91.0,2026-01-16 11:04:02,0.306,2026-01-16 11:04:02.306,3.08200001716614,807,合格,有效,成功
649,20260116110405073,3,124.0,2026-01-16 11:04:05,0.073,2026-01-16 11:04:05.073,2.76699995994568,808,合格,有效,成功
650,20260116110407805,3,154.0,2026-01-16 11:04:07,0.805,2026-01-16 11:04:07.805,2.73200011253357,809,合格,有效,成功
651,20260116110411233,3,123.67,2026-01-16 11:04:11,0.233,2026-01-16 11:04:11.233,3.42799997329712,810,合格,有效,成功
652,20260116110413837,3,91.0,2026-01-16 11:04:13,0.837,2026-01-16 11:04:13.837,2.60399985313416,811,合格,有效,成功
653,20260116110416534,3,134.0,2026-01-16 11:04:16,0.534,2026-01-16 11:04:16.534,2.69700002670288,812,合格,有效,成功
654,20260116110419492,3,67.0,2026-01-16 11:04:19,0.492,2026-01-16 11:04:19.492,2.95800018310547,813,合格,有效,成功
655,20260116110426097,3,93.0,2026-01-16 11:04:26,0.097,2026-01-16 11:04:26.097,6.60499978065491,814,合格,有效,成功
656,20260116110428543,3,74.0,2026-01-16 11:04:28,0.543,2026-01-16 11:04:28.543,2.44600009918213,815,合格,有效,成功
657,20260116110440963,3,147.0,2026-01-16 11:04:40,0.963,2026-01-16 11:04:40.963,12.4200000762939,816,合格,有效,成功
658,20260116110443692,3,121.0,2026-01-16 11:04:43,0.692,2026-01-16 11:04:43.692,2.72899985313416,817,合格,有效,成功
659,20260116110447063,3,142.0,2026-01-16 11:04:47,0.063,2026-01-16 11:04:47.063,3.37100005149841,818,合格,有效,成功
660,20260116110450201,3,107.0,2026-01-16 11:04:50,0.201,2026-01-16 11:04:50.201,3.13800001144409,819,合格,有效,成功
661,20260116110453203,3,42.0,2026-01-16 11:04:53,0.203,2026-01-16 11:04:53.203,3.00200009346008,820,合格,有效,成功
662,20260116110458595,3,42.0,2026-01-16 11:04:58,0.595,2026-01-16 11:04:58.595,5.39199995994568,821,合格,有效,成功
663,20260116110509667,3,86.33,2026-01-16 11:05:09,0.667,2026-01-16 11:05:09.667,11.0720000267029,822,合格,有效,成功
664,20260116110512660,3,107.0,2026-01-16 11:05:12,0.66,2026-01-16 11:05:12.66,2.99300003051758,823,合格,有效,成功
665,20260116110515040,3,207.0,2026-01-16 11:05:15,0.04,2026-01-16 11:05:15.04,2.37999987602234,824,合格,有效,成功
666,20260116110521964,3,70.0,2026-01-16 11:05:21,0.964,2026-01-16 11:05:21.964,6.92400002479553,825,合格,有效,成功
667,20260116110525132,3,89.0,2026-01-16 11:05:25,0.132,2026-01-16 11:05:25.132,3.16799998283386,826,合格,有效,成功
668,20260116110527579,3,90.0,2026-01-16 11:05:27,0.579,2026-01-16 11:05:27.579,2.44700002670288,827,合格,有效,成功
669,20260116110530057,3,81.0,2026-01-16 11:05:30,0.057,2026-01-16 11:05:30.057,2.4779999256134,828,合格,有效,成功
670,20260116110532698,3,131.0,2026-01-16 11:05:32,0.698,2026-01-16 11:05:32.698,2.64100003242493,829,合格,有效,成功
671,20260116110534893,3,90.0,2026-01-16 11:05:34,0.893,2026-01-16 11:05:34.893,2.1949999332428,830,合格,有效,成功
672,20260116110537866,3,76.0,2026-01-16 11:05:37,0.866,2026-01-16 11:05:37.866,2.97300004959106,831,合格,有效,成功
673,20260116110540995,3,101.0,2026-01-16 11:05:40,0.995,2026-01-16 11:05:40.995,3.12899994850159,832,合格,有效,成功
674,20260116110543718,3,53.0,2026-01-16 11:05:43,0.718,2026-01-16 11:05:43.718,2.72300004959106,833,合格,有效,成功
675,20260116110546473,3,82.0,2026-01-16 11:05:46,0.473,2026-01-16 11:05:46.473,2.75500011444092,834,合格,有效,成功
676,20260116110549534,3,88.0,2026-01-16 11:05:49,0.534,2026-01-16 11:05:49.534,3.06099987030029,835,合格,有效,成功
677,20260116110553110,3,108.0,2026-01-16 11:05:53,0.11,2026-01-16 11:05:53.11,3.57599997520447,836,合格,有效,成功
678,20260116110555097,3,104.0,2026-01-16 11:05:55,0.097,2026-01-16 11:05:55.097,1.98699998855591,837,合格,有效,成功
679,20260116110557323,3,117.0,2026-01-16 11:05:57,0.323,2026-01-16 11:05:57.323,2.2260000705719,838,合格,有效,成功
680,20260116110558510,3,48.33,2026-01-16 11:05:58,0.51,2026-01-16 11:05:58.51,1.18700003623962,839,合格,有效,成功
681,20260116110559807,3,104.0,2026-01-16 11:05:59,0.807,2026-01-16 11:05:59.807,1.29699993133545,840,合格,有效,成功
682,20260116110602317,3,160.0,2026-01-16 11:06:02,0.317,2026-01-16 11:06:02.317,2.50999999046326,841,合格,有效,成功
683,20260116110604669,3,39.33,2026-01-16 11:06:04,0.669,2026-01-16 11:06:04.669,2.35199999809265,842,合格,有效,成功
684,20260116110605909,3,102.0,2026-01-16 11:06:05,0.909,2026-01-16 11:06:05.909,1.24000000953674,843,合格,有效,成功
685,20260116110607766,3,95.0,2026-01-16 11:06:07,0.766,2026-01-16 11:06:07.766,1.85700011253357,844,合格,有效,成功
686,20260116110610723,3,62.0,2026-01-16 11:06:10,0.723,2026-01-16 11:06:10.723,2.95700001716614,845,合格,有效,成功
687,20260116110614308,3,80.0,2026-01-16 11:06:14,0.308,2026-01-16 11:06:14.308,3.58500003814697,846,合格,有效,成功
688,20260116110616713,3,65.0,2026-01-16 11:06:16,0.713,2026-01-16 11:06:16.713,2.40499997138977,847,合格,有效,成功
689,20260116110619169,3,59.0,2026-01-16 11:06:19,0.169,2026-01-16 11:06:19.169,2.45599985122681,848,合格,有效,成功
690,20260116110622357,3,91.0,2026-01-16 11:06:22,0.357,2026-01-16 11:06:22.357,3.18800020217896,849,合格,有效,成功
691,20260116110626148,3,62.0,2026-01-16 11:06:26,0.148,2026-01-16 11:06:26.148,3.79099988937378,850,合格,有效,成功
692,20260116110630952,3,89.0,2026-01-16 11:06:30,0.952,2026-01-16 11:06:30.952,4.80399990081787,851,合格,有效,成功
693,20260116110634570,3,163.0,2026-01-16 11:06:34,0.57,2026-01-16 11:06:34.57,3.61800003051758,852,合格,有效,成功
694,20260116110640119,3,70.0,2026-01-16 11:06:40,0.119,2026-01-16 11:06:40.119,5.54900002479553,853,合格,有效,成功
695,20260116110643796,3,95.0,2026-01-16 11:06:43,0.796,2026-01-16 11:06:43.796,3.67700004577637,854,合格,有效,成功
696,20260116110646895,3,106.0,2026-01-16 11:06:46,0.895,2026-01-16 11:06:46.895,3.09899997711182,855,合格,有效,成功
697,20260116110649596,3,71.0,2026-01-16 11:06:49,0.596,2026-01-16 11:06:49.596,2.70099997520447,856,合格,有效,成功
698,20260116110651992,3,69.0,2026-01-16 11:06:51,0.992,2026-01-16 11:06:51.992,2.39600014686584,857,合格,有效,成功
699,20260116110654490,3,69.0,2026-01-16 11:06:54,0.49,2026-01-16 11:06:54.49,2.49799990653992,858,合格,有效,成功
700,20260116110659803,3,125.0,2026-01-16 11:06:59,0.803,2026-01-16 11:06:59.803,5.31299996376038,859,合格,有效,成功
701,20260116110703612,3,138.0,2026-01-16 11:07:03,0.612,2026-01-16 11:07:03.612,3.80900001525879,860,合格,有效,成功
702,20260116110705896,3,123.0,2026-01-16 11:07:05,0.896,2026-01-16 11:07:05.896,2.28399991989136,861,合格,有效,成功
703,20260116110709525,3,144.0,2026-01-16 11:07:09,0.525,2026-01-16 11:07:09.525,3.62900018692017,862,合格,有效,成功
704,20260116110715999,3,74.0,2026-01-16 11:07:15,0.999,2026-01-16 11:07:15.999,6.47399997711182,863,合格,有效,成功
705,20260116110719631,3,70.0,2026-01-16 11:07:19,0.631,2026-01-16 11:07:19.631,3.63199996948242,864,合格,有效,成功
706,20260116110721912,3,78.0,2026-01-16 11:07:21,0.912,2026-01-16 11:07:21.912,2.28099989891052,865,合格,有效,成功
707,20260116110724648,3,70.0,2026-01-16 11:07:24,0.648,2026-01-16 11:07:24.648,2.73600006103516,866,合格,有效,成功
708,20260116110726985,3,84.33,2026-01-16 11:07:26,0.985,2026-01-16 11:07:26.985,2.33699989318848,867,合格,有效,成功
709,20260116110729904,3,90.0,2026-01-16 11:07:29,0.904,2026-01-16 11:07:29.904,2.91900014877319,868,合格,有效,成功
710,20260116110732148,3,92.0,2026-01-16 11:07:32,0.148,2026-01-16 11:07:32.148,2.24399995803833,869,合格,有效,成功
711,20260116110734532,3,110.0,2026-01-16 11:07:34,0.532,2026-01-16 11:07:34.532,2.3840000629425,870,合格,有效,成功
712,20260116110736980,3,108.0,2026-01-16 11:07:36,0.98,2026-01-16 11:07:36.98,2.44799995422363,871,合格,有效,成功
713,20260116110739514,3,98.0,2026-01-16 11:07:39,0.514,2026-01-16 11:07:39.514,2.53399991989136,872,合格,有效,成功
714,20260116110742204,3,72.0,2026-01-16 11:07:42,0.204,2026-01-16 11:07:42.204,2.69000005722046,873,合格,有效,成功
715,20260116110744933,3,62.0,2026-01-16 11:07:44,0.933,2026-01-16 11:07:44.933,2.72900009155273,874,合格,有效,成功
716,20260116110747566,3,101.0,2026-01-16 11:07:47,0.566,2026-01-16 11:07:47.566,2.63299989700317,875,合格,有效,成功
717,20260116110751035,3,73.0,2026-01-16 11:07:51,0.035,2026-01-16 11:07:51.035,3.46900010108948,876,合格,有效,成功
718,20260116110754386,3,123.0,2026-01-16 11:07:54,0.386,2026-01-16 11:07:54.386,3.35099983215332,877,合格,有效,成功
719,20260116110758664,3,89.67,2026-01-16 11:07:58,0.664,2026-01-16 11:07:58.664,4.27800011634827,878,合格,有效,成功
720,20260116110802264,3,60.0,2026-01-16 11:08:02,0.264,2026-01-16 11:08:02.264,3.59999990463257,879,合格,有效,成功
721,20260116110807719,3,105.0,2026-01-16 11:08:07,0.719,2026-01-16 11:08:07.719,5.45500016212463,880,合格,有效,成功
722,20260116110811629,3,110.0,2026-01-16 11:08:11,0.629,2026-01-16 11:08:11.629,3.90999984741211,881,合格,有效,成功
723,20260116110815402,3,98.0,2026-01-16 11:08:15,0.402,2026-01-16 11:08:15.402,3.77300000190735,882,合格,有效,成功
724,20260116110818428,3,92.0,2026-01-16 11:08:18,0.428,2026-01-16 11:08:18.428,3.02600002288818,883,合格,有效,成功
725,20260116110821083,3,105.0,2026-01-16 11:08:21,0.083,2026-01-16 11:08:21.083,2.65499997138977,884,合格,有效,成功
726,20260116110823991,3,72.0,2026-01-16 11:08:23,0.991,2026-01-16 11:08:23.991,2.90799999237061,885,合格,有效,成功
727,20260116110826471,3,99.0,2026-01-16 11:08:26,0.471,2026-01-16 11:08:26.471,2.48000001907349,886,合格,有效,成功
728,20260116110828810,3,126.0,2026-01-16 11:08:28,0.81,2026-01-16 11:08:28.81,2.33899998664856,887,合格,有效,成功
729,20260116110831446,3,71.0,2026-01-16 11:08:31,0.446,2026-01-16 11:08:31.446,2.63600015640259,888,合格,有效,成功
730,20260116110833980,3,107.0,2026-01-16 11:08:33,0.98,2026-01-16 11:08:33.98,2.53399991989136,889,合格,有效,成功
731,20260116110836442,3,74.33,2026-01-16 11:08:36,0.442,2026-01-16 11:08:36.442,2.46199989318848,890,合格,有效,成功
732,20260116110838893,3,90.0,2026-01-16 11:08:38,0.893,2026-01-16 11:08:38.893,2.45099997520447,891,合格,有效,成功
733,20260116110841165,3,72.0,2026-01-16 11:08:41,0.165,2026-01-16 11:08:41.165,2.2720000743866,892,合格,有效,成功
734,20260116110845012,3,128.0,2026-01-16 11:08:45,0.012,2026-01-16 11:08:45.012,3.84700012207031,893,合格,有效,成功
735,20260116110848771,3,95.67,2026-01-16 11:08:48,0.771,2026-01-16 11:08:48.771,3.75899982452393,894,合格,有效,成功
736,20260116110852629,3,136.0,2026-01-16 11:08:52,0.629,2026-01-16 11:08:52.629,3.85800004005432,895,合格,有效,成功
737,20260116110855565,3,127.0,2026-01-16 11:08:55,0.565,2026-01-16 11:08:55.565,2.93600010871887,896,合格,有效,成功
738,20260116110859554,3,135.0,2026-01-16 11:08:59,0.554,2026-01-16 11:08:59.554,3.98899984359741,897,合格,有效,成功
739,20260116110901951,3,121.67,2026-01-16 11:09:01,0.951,2026-01-16 11:09:01.951,2.3970000743866,898,合格,有效,成功
740,20260116110904695,3,61.0,2026-01-16 11:09:04,0.695,2026-01-16 11:09:04.695,2.74399995803833,899,合格,有效,成功
741,20260116110906979,3,103.0,2026-01-16 11:09:06,0.979,2026-01-16 11:09:06.979,2.28400015830994,900,合格,有效,成功
742,20260116110909166,3,107.0,2026-01-16 11:09:09,0.166,2026-01-16 11:09:09.166,2.18699979782104,901,合格,有效,成功
743,20260116110911428,3,104.0,2026-01-16 11:09:11,0.428,2026-01-16 11:09:11.428,2.26200008392334,902,合格,有效,成功
744,20260116110914064,3,129.0,2026-01-16 11:09:14,0.064,2026-01-16 11:09:14.064,2.63599991798401,903,合格,有效,成功
745,20260116110917448,3,190.67,2026-01-16 11:09:17,0.448,2026-01-16 11:09:17.448,3.3840000629425,904,合格,有效,成功
746,20260116110920995,3,87.0,2026-01-16 11:09:20,0.995,2026-01-16 11:09:20.995,3.54699993133545,905,合格,有效,成功
747,20260116110923382,3,81.0,2026-01-16 11:09:23,0.382,2026-01-16 11:09:23.382,2.38700008392334,906,合格,有效,成功
748,20260116110925884,3,100.0,2026-01-16 11:09:25,0.884,2026-01-16 11:09:25.884,2.50200009346008,907,合格,有效,成功
749,20260116110928722,3,77.0,2026-01-16 11:09:28,0.722,2026-01-16 11:09:28.722,2.83799982070923,908,合格,有效,成功
750,20260116110930972,3,67.0,2026-01-16 11:09:30,0.972,2026-01-16 11:09:30.972,2.25,909,合格,有效,成功
751,20260116110933292,3,125.0,2026-01-16 11:09:33,0.292,2026-01-16 11:09:33.292,2.32000017166138,910,合格,有效,成功
752,20260116110936003,3,112.0,2026-01-16 11:09:36,0.003,2026-01-16 11:09:36.003,2.71099996566772,911,合格,有效,成功
753,20260116110944675,3,75.0,2026-01-16 11:09:44,0.675,2026-01-16 11:09:44.675,8.67199993133545,912,合格,有效,成功
754,20260116110946908,3,88.0,2026-01-16 11:09:46,0.908,2026-01-16 11:09:46.908,2.23300004005432,913,合格,有效,成功
755,20260116110949909,3,90.0,2026-01-16 11:09:49,0.909,2026-01-16 11:09:49.909,3.00099992752075,914,合格,有效,成功
756,20260116110955246,3,108.0,2026-01-16 11:09:55,0.246,2026-01-16 11:09:55.246,5.33700013160706,915,合格,有效,成功
757,20260116110957564,3,65.0,2026-01-16 11:09:57,0.564,2026-01-16 11:09:57.564,2.31799983978271,916,合格,有效,成功
758,20260116111000215,3,67.0,2026-01-16 11:10:00,0.215,2026-01-16 11:10:00.215,2.65100002288818,917,合格,有效,成功
759,20260116111005508,3,136.0,2026-01-16 11:10:05,0.508,2026-01-16 11:10:05.508,5.29299998283386,918,合格,有效,成功
760,20260116111008417,3,80.0,2026-01-16 11:10:08,0.417,2026-01-16 11:10:08.417,2.90900015830994,919,合格,有效,成功
761,20260116111013400,3,95.0,2026-01-16 11:10:13,0.4,2026-01-16 11:10:13.4,4.98300004005432,920,合格,有效,成功
762,20260116111018063,3,139.0,2026-01-16 11:10:18,0.063,2026-01-16 11:10:18.063,4.66299986839294,921,合格,有效,成功
763,20260116111020929,3,62.0,2026-01-16 11:10:20,0.929,2026-01-16 11:10:20.929,2.8659999370575,922,合格,有效,成功
764,20260116111025177,3,107.0,2026-01-16 11:10:25,0.177,2026-01-16 11:10:25.177,4.2480001449585,923,合格,有效,成功
765,20260116111028391,3,70.0,2026-01-16 11:10:28,0.391,2026-01-16 11:10:28.391,3.21399998664856,924,合格,有效,成功
766,20260116111031620,3,128.0,2026-01-16 11:10:31,0.62,2026-01-16 11:10:31.62,3.22899985313416,925,合格,有效,成功
767,20260116111033972,3,95.0,2026-01-16 11:10:33,0.972,2026-01-16 11:10:33.972,2.35199999809265,926,合格,有效,成功
768,20260116111038212,3,137.0,2026-01-16 11:10:38,0.212,2026-01-16 11:10:38.212,4.24000000953674,927,合格,有效,成功
769,20260116111041207,3,111.67,2026-01-16 11:10:41,0.207,2026-01-16 11:10:41.207,2.99500012397766,928,合格,有效,成功
770,20260116111043521,3,85.0,2026-01-16 11:10:43,0.521,2026-01-16 11:10:43.521,2.31399989128113,929,合格,有效,成功
771,20260116111046434,3,99.0,2026-01-16 11:10:46,0.434,2026-01-16 11:10:46.434,2.91300010681152,930,合格,有效,成功
772,20260116111048484,3,86.0,2026-01-16 11:10:48,0.484,2026-01-16 11:10:48.484,2.04999995231628,931,合格,有效,成功
773,20260116111050568,3,82.0,2026-01-16 11:10:50,0.568,2026-01-16 11:10:50.568,2.08400011062622,932,合格,有效,成功
774,20260116111052623,3,76.0,2026-01-16 11:10:52,0.623,2026-01-16 11:10:52.623,2.05499982833862,933,合格,有效,成功
775,20260116111055140,3,84.0,2026-01-16 11:10:55,0.14,2026-01-16 11:10:55.14,2.51700019836426,934,合格,有效,成功
776,20260116111057927,3,231.0,2026-01-16 11:10:57,0.927,2026-01-16 11:10:57.927,2.78699994087219,935,合格,有效,成功
777,20260116111100607,3,75.0,2026-01-16 11:11:00,0.607,2026-01-16 11:11:00.607,2.6800000667572,936,合格,有效,成功
778,20260116111102969,3,78.67,2026-01-16 11:11:02,0.969,2026-01-16 11:11:02.969,2.36199998855591,937,合格,有效,成功
779,20260116111109793,3,87.33,2026-01-16 11:11:09,0.793,2026-01-16 11:11:09.793,6.82399988174438,938,合格,有效,成功
780,20260116111112219,3,139.0,2026-01-16 11:11:12,0.219,2026-01-16 11:11:12.219,2.42600011825562,939,合格,有效,成功
781,20260116111115609,3,50.0,2026-01-16 11:11:15,0.609,2026-01-16 11:11:15.609,3.3899998664856,940,合格,有效,成功
782,20260116111118426,3,58.0,2026-01-16 11:11:18,0.426,2026-01-16 11:11:18.426,2.81700015068054,941,合格,有效,成功
783,20260116111913942,3,172.0,2026-01-16 11:19:13,0.942,2026-01-16 11:19:13.942,475.515999794006,942,合格,有效,成功
784,20260116111919901,3,69.0,2026-01-16 11:19:19,0.901,2026-01-16 11:19:19.901,5.95900011062622,943,合格,有效,成功
785,20260116111924333,3,179.0,2026-01-16 11:19:24,0.333,2026-01-16 11:19:24.333,4.43199992179871,944,合格,有效,成功
786,20260116111928546,3,174.0,2026-01-16 11:19:28,0.546,2026-01-16 11:19:28.546,4.21300005912781,945,合格,有效,成功
787,20260116111943470,3,132.0,2026-01-16 11:19:43,0.47,2026-01-16 11:19:43.47,14.9240000247955,946,合格,有效,成功
788,20260116111948927,3,212.0,2026-01-16 11:19:48,0.927,2026-01-16 11:19:48.927,5.45700001716614,947,合格,有效,成功
789,20260116111953431,3,133.67,2026-01-16 11:19:53,0.431,2026-01-16 11:19:53.431,4.50399994850159,948,合格,有效,成功
790,20260116111956230,3,110.0,2026-01-16 11:19:56,0.23,2026-01-16 11:19:56.23,2.79900002479553,949,合格,有效,成功
791,20260116112000010,3,97.0,2026-01-16 11:20:00,0.01,2026-01-16 11:20:00.01,3.77999997138977,950,合格,有效,成功
792,20260116112002356,3,176.0,2026-01-16 11:20:02,0.356,2026-01-16 11:20:02.356,2.34599995613098,951,合格,有效,成功
793,20260116112005227,3,119.0,2026-01-16 11:20:05,0.227,2026-01-16 11:20:05.227,2.87100005149841,952,合格,有效,成功
794,20260116112008338,3,152.0,2026-01-16 11:20:08,0.338,2026-01-16 11:20:08.338,3.11100006103516,953,合格,有效,成功
795,20260116112012067,3,74.0,2026-01-16 11:20:12,0.067,2026-01-16 11:20:12.067,3.72899985313416,954,合格,有效,成功
796,20260116112015354,3,125.0,2026-01-16 11:20:15,0.354,2026-01-16 11:20:15.354,3.28700017929077,955,合格,有效,成功
797,20260116112018735,3,72.0,2026-01-16 11:20:18,0.735,2026-01-16 11:20:18.735,3.38099980354309,956,合格,有效,成功
798,20260116112021474,3,109.0,2026-01-16 11:20:21,0.474,2026-01-16 11:20:21.474,2.73900008201599,957,合格,有效,成功
799,20260116112024637,3,143.0,2026-01-16 11:20:24,0.637,2026-01-16 11:20:24.637,3.16300010681152,958,合格,有效,成功
800,20260116112027575,3,144.0,2026-01-16 11:20:27,0.575,2026-01-16 11:20:27.575,2.93799996376038,959,合格,有效,成功
801,20260116112030170,3,176.0,2026-01-16 11:20:30,0.17,2026-01-16 11:20:30.17,2.59500002861023,960,合格,有效,成功
802,20260116112032869,3,91.0,2026-01-16 11:20:32,0.869,2026-01-16 11:20:32.869,2.69899988174438,961,合格,有效,成功
803,20260116112035744,3,135.0,2026-01-16 11:20:35,0.744,2026-01-16 11:20:35.744,2.875,962,合格,有效,成功
804,20260116112038040,3,85.0,2026-01-16 11:20:38,0.04,2026-01-16 11:20:38.04,2.2960000038147,963,合格,有效,成功
805,20260116112040773,3,105.0,2026-01-16 11:20:40,0.773,2026-01-16 11:20:40.773,2.73300004005432,964,合格,有效,成功
806,20260116112043709,3,83.0,2026-01-16 11:20:43,0.709,2026-01-16 11:20:43.709,2.93600010871887,965,合格,有效,成功
807,20260116112046934,3,76.0,2026-01-16 11:20:46,0.934,2026-01-16 11:20:46.934,3.22499990463257,966,合格,有效,成功
808,20260116112049506,3,131.0,2026-01-16 11:20:49,0.506,2026-01-16 11:20:49.506,2.57200002670288,967,合格,有效,成功
809,20260116112052085,3,129.0,2026-01-16 11:20:52,0.085,2026-01-16 11:20:52.085,2.5789999961853,968,合格,有效,成功
810,20260116112055359,3,147.0,2026-01-16 11:20:55,0.359,2026-01-16 11:20:55.359,3.2739999294281,969,合格,有效,成功
811,20260116112057889,3,101.0,2026-01-16 11:20:57,0.889,2026-01-16 11:20:57.889,2.52999997138977,970,合格,有效,成功
812,20260116112100542,3,158.0,2026-01-16 11:21:00,0.542,2026-01-16 11:21:00.542,2.65300011634827,971,合格,有效,成功
813,20260116112103679,3,102.0,2026-01-16 11:21:03,0.679,2026-01-16 11:21:03.679,3.13699984550476,972,合格,有效,成功
814,20260116112106127,3,101.0,2026-01-16 11:21:06,0.127,2026-01-16 11:21:06.127,2.44800019264221,973,合格,有效,成功
815,20260116112108446,3,131.0,2026-01-16 11:21:08,0.446,2026-01-16 11:21:08.446,2.31900000572205,974,合格,有效,成功
816,20260116112111193,3,160.0,2026-01-16 11:21:11,0.193,2026-01-16 11:21:11.193,2.74699997901917,975,合格,有效,成功
817,20260116112114350,3,165.0,2026-01-16 11:21:14,0.35,2026-01-16 11:21:14.35,3.15699982643127,976,合格,有效,成功
818,20260116112117466,3,134.0,2026-01-16 11:21:17,0.466,2026-01-16 11:21:17.466,3.11600017547607,977,合格,有效,成功
819,20260116112119943,3,111.0,2026-01-16 11:21:19,0.943,2026-01-16 11:21:19.943,2.47699999809265,978,合格,有效,成功
820,20260116112122206,3,99.0,2026-01-16 11:21:22,0.206,2026-01-16 11:21:22.206,2.26300001144409,979,合格,有效,成功
821,20260116112124602,3,137.0,2026-01-16 11:21:24,0.602,2026-01-16 11:21:24.602,2.39599990844727,980,合格,有效,成功
822,20260116112127005,3,108.0,2026-01-16 11:21:27,0.005,2026-01-16 11:21:27.005,2.40300011634827,981,合格,有效,成功
823,20260116112129226,3,108.0,2026-01-16 11:21:29,0.226,2026-01-16 11:21:29.226,2.22099995613098,982,合格,有效,成功
824,20260116112131738,3,134.0,2026-01-16 11:21:31,0.738,2026-01-16 11:21:31.738,2.51199984550476,983,合格,有效,成功
825,20260116112134081,3,125.0,2026-01-16 11:21:34,0.081,2026-01-16 11:21:34.081,2.34300017356873,984,合格,有效,成功
826,20260116112136155,3,89.0,2026-01-16 11:21:36,0.155,2026-01-16 11:21:36.155,2.07399988174438,985,合格,有效,成功
827,20260116112140957,3,97.0,2026-01-16 11:21:40,0.957,2026-01-16 11:21:40.957,4.80200004577637,986,合格,有效,成功
828,20260116112144766,3,161.0,2026-01-16 11:21:44,0.766,2026-01-16 11:21:44.766,3.80900001525879,987,合格,有效,成功
829,20260116112147325,3,104.0,2026-01-16 11:21:47,0.325,2026-01-16 11:21:47.325,2.55900001525879,988,合格,有效,成功
830,20260116112149691,3,102.0,2026-01-16 11:21:49,0.691,2026-01-16 11:21:49.691,2.3659999370575,989,合格,有效,成功
831,20260116112151970,3,233.0,2026-01-16 11:21:51,0.97,2026-01-16 11:21:51.97,2.27900004386902,990,合格,有效,成功
832,20260116112154363,3,70.0,2026-01-16 11:21:54,0.363,2026-01-16 11:21:54.363,2.39299988746643,991,合格,有效,成功
833,20260116112156656,3,94.0,2026-01-16 11:21:56,0.656,2026-01-16 11:21:56.656,2.29299998283386,992,合格,有效,成功
834,20260116112158626,3,77.0,2026-01-16 11:21:58,0.626,2026-01-16 11:21:58.626,1.97000002861023,993,合格,有效,成功
835,20260116112201090,3,108.0,2026-01-16 11:22:01,0.09,2026-01-16 11:22:01.09,2.46399998664856,994,合格,有效,成功
836,20260116112203942,3,123.0,2026-01-16 11:22:03,0.942,2026-01-16 11:22:03.942,2.85199999809265,995,合格,有效,成功
837,20260116112206607,3,89.0,2026-01-16 11:22:06,0.607,2026-01-16 11:22:06.607,2.66500020027161,996,合格,有效,成功
838,20260116112208971,3,66.0,2026-01-16 11:22:08,0.971,2026-01-16 11:22:08.971,2.36399984359741,997,合格,有效,成功
839,20260116112211588,3,180.0,2026-01-16 11:22:11,0.588,2026-01-16 11:22:11.588,2.61700010299683,998,合格,有效,成功
840,20260116112214748,3,160.0,2026-01-16 11:22:14,0.748,2026-01-16 11:22:14.748,3.15999984741211,999,合格,有效,成功
841,20260116112217384,3,94.0,2026-01-16 11:22:17,0.384,2026-01-16 11:22:17.384,2.63600015640259,1000,合格,有效,成功
842,20260116112219615,3,62.0,2026-01-16 11:22:19,0.615,2026-01-16 11:22:19.615,2.23099994659424,1001,合格,有效,成功
843,20260116112222028,3,86.0,2026-01-16 11:22:22,0.028,2026-01-16 11:22:22.028,2.41300010681152,1002,合格,有效,成功
844,20260116112224756,3,84.0,2026-01-16 11:22:24,0.756,2026-01-16 11:22:24.756,2.7279999256134,1003,合格,有效,成功
845,20260116112227971,3,131.0,2026-01-16 11:22:27,0.971,2026-01-16 11:22:27.971,3.21499991416931,1004,合格,有效,成功
846,20260116112230540,3,102.33,2026-01-16 11:22:30,0.54,2026-01-16 11:22:30.54,2.56900000572205,1005,合格,有效,成功
847,20260116112403330,3,152.0,2026-01-16 11:24:03,0.33,2026-01-16 11:24:03.33,92.789999961853,1006,合格,有效,成功
848,20260116112407746,3,116.0,2026-01-16 11:24:07,0.746,2026-01-16 11:24:07.746,4.41600012779236,1007,合格,有效,成功
849,20260116112410961,3,100.0,2026-01-16 11:24:10,0.961,2026-01-16 11:24:10.961,3.21499991416931,1008,合格,有效,成功
850,20260116112413736,3,182.0,2026-01-16 11:24:13,0.736,2026-01-16 11:24:13.736,2.77500009536743,1009,合格,有效,成功
851,20260116112417574,3,69.0,2026-01-16 11:24:17,0.574,2026-01-16 11:24:17.574,3.83799982070923,1010,合格,有效,成功
852,20260116112420677,3,81.0,2026-01-16 11:24:20,0.677,2026-01-16 11:24:20.677,3.10300016403198,1011,合格,有效,成功
853,20260116112423808,3,121.0,2026-01-16 11:24:23,0.808,2026-01-16 11:24:23.808,3.13100004196167,1012,合格,有效,成功
854,20260116112427581,3,208.33,2026-01-16 11:24:27,0.581,2026-01-16 11:24:27.581,3.77300000190735,1013,合格,有效,成功
855,20260116112430056,3,73.0,2026-01-16 11:24:30,0.056,2026-01-16 11:24:30.056,2.47499990463257,1014,合格,有效,成功
856,20260116112432780,3,109.0,2026-01-16 11:24:32,0.78,2026-01-16 11:24:32.78,2.72399997711182,1015,合格,有效,成功
857,20260116112435875,3,88.0,2026-01-16 11:24:35,0.875,2026-01-16 11:24:35.875,3.09500002861023,1016,合格,有效,成功
858,20260116112438560,3,99.0,2026-01-16 11:24:38,0.56,2026-01-16 11:24:38.56,2.68499994277954,1017,合格,有效,成功
859,20260116112441234,3,73.0,2026-01-16 11:24:41,0.234,2026-01-16 11:24:41.234,2.67400002479553,1018,合格,有效,成功
860,20260116112443486,3,108.0,2026-01-16 11:24:43,0.486,2026-01-16 11:24:43.486,2.25200009346008,1019,合格,有效,成功
861,20260116112446260,3,120.67,2026-01-16 11:24:46,0.26,2026-01-16 11:24:46.26,2.7739999294281,1020,合格,有效,成功
862,20260116112448697,3,71.33,2026-01-16 11:24:48,0.697,2026-01-16 11:24:48.697,2.43700003623962,1021,合格,有效,成功
863,20260116112450841,3,134.0,2026-01-16 11:24:50,0.841,2026-01-16 11:24:50.841,2.14400005340576,1022,合格,有效,成功
864,20260116112453315,3,89.0,2026-01-16 11:24:53,0.315,2026-01-16 11:24:53.315,2.47399997711182,1023,合格,有效,成功
865,20260116112456813,3,169.0,2026-01-16 11:24:56,0.813,2026-01-16 11:24:56.813,3.49799990653992,1024,合格,有效,成功
866,20260116112500667,3,128.0,2026-01-16 11:25:00,0.667,2026-01-16 11:25:00.667,3.85400009155273,1025,合格,有效,成功
867,20260116112508054,3,129.0,2026-01-16 11:25:08,0.054,2026-01-16 11:25:08.054,7.38699984550476,1026,合格,有效,成功
868,20260116112600253,3,97.0,2026-01-16 11:26:00,0.253,2026-01-16 11:26:00.253,52.199000120163,1027,合格,有效,成功
869,20260116112603318,3,125.0,2026-01-16 11:26:03,0.318,2026-01-16 11:26:03.318,3.06500005722046,1028,合格,有效,成功
870,20260116112606602,3,79.0,2026-01-16 11:26:06,0.602,2026-01-16 11:26:06.602,3.28399991989136,1029,合格,有效,成功
871,20260116112609243,3,96.0,2026-01-16 11:26:09,0.243,2026-01-16 11:26:09.243,2.64100003242493,1030,合格,有效,成功
872,20260116112612303,3,108.0,2026-01-16 11:26:12,0.303,2026-01-16 11:26:12.303,3.05999994277954,1031,合格,有效,成功
873,20260116112615648,3,115.0,2026-01-16 11:26:15,0.648,2026-01-16 11:26:15.648,3.34500002861023,1032,合格,有效,成功
874,20260116112621913,3,129.0,2026-01-16 11:26:21,0.913,2026-01-16 11:26:21.913,6.26500010490417,1033,合格,有效,成功
875,20260116112624372,3,128.0,2026-01-16 11:26:24,0.372,2026-01-16 11:26:24.372,2.45899987220764,1034,合格,有效,成功
876,20260116112626707,3,108.67,2026-01-16 11:26:26,0.707,2026-01-16 11:26:26.707,2.33500003814697,1035,合格,有效,成功
877,20260116112629171,3,103.0,2026-01-16 11:26:29,0.171,2026-01-16 11:26:29.171,2.46399998664856,1036,合格,有效,成功
878,20260116112632359,3,93.0,2026-01-16 11:26:32,0.359,2026-01-16 11:26:32.359,3.18799996376038,1037,合格,有效,成功
879,20260116112634762,3,157.33,2026-01-16 11:26:34,0.762,2026-01-16 11:26:34.762,2.40300011634827,1038,合格,有效,成功
880,20260116112637286,3,89.0,2026-01-16 11:26:37,0.286,2026-01-16 11:26:37.286,2.5239999294281,1039,合格,有效,成功
881,20260116112639789,3,98.0,2026-01-16 11:26:39,0.789,2026-01-16 11:26:39.789,2.50300002098083,1040,合格,有效,成功
882,20260116112643009,3,131.0,2026-01-16 11:26:43,0.009,2026-01-16 11:26:43.009,3.22000002861023,1041,合格,有效,成功
883,20260116112645995,3,176.67,2026-01-16 11:26:45,0.995,2026-01-16 11:26:45.995,2.98599982261658,1042,合格,有效,成功
884,20260116112648536,3,163.67,2026-01-16 11:26:48,0.536,2026-01-16 11:26:48.536,2.54100012779236,1043,合格,有效,成功
885,20260116112651364,3,72.0,2026-01-16 11:26:51,0.364,2026-01-16 11:26:51.364,2.82800006866455,1044,合格,有效,成功
886,20260116112653595,3,113.0,2026-01-16 11:26:53,0.595,2026-01-16 11:26:53.595,2.23099994659424,1045,合格,有效,成功
887,20260116112656227,3,84.0,2026-01-16 11:26:56,0.227,2026-01-16 11:26:56.227,2.63199996948242,1046,合格,有效,成功
888,20260116112658858,3,130.0,2026-01-16 11:26:58,0.858,2026-01-16 11:26:58.858,2.63100004196167,1047,合格,有效,成功
889,20260116112701706,3,119.67,2026-01-16 11:27:01,0.706,2026-01-16 11:27:01.706,2.84800004959106,1048,合格,有效,成功
890,20260116112704358,3,105.0,2026-01-16 11:27:04,0.358,2026-01-16 11:27:04.358,2.65199995040894,1049,合格,有效,成功
891,20260116112714970,3,323.0,2026-01-16 11:27:14,0.97,2026-01-16 11:27:14.97,10.6119999885559,1050,合格,有效,成功
892,20260116112719479,3,75.0,2026-01-16 11:27:19,0.479,2026-01-16 11:27:19.479,4.5090000629425,1051,合格,有效,成功
893,20260116112721973,3,80.0,2026-01-16 11:27:21,0.973,2026-01-16 11:27:21.973,2.49399995803833,1052,合格,有效,成功
894,20260116112724810,3,101.67,2026-01-16 11:27:24,0.81,2026-01-16 11:27:24.81,2.83699989318848,1053,合格,有效,成功
895,20260116112727305,3,115.0,2026-01-16 11:27:27,0.305,2026-01-16 11:27:27.305,2.49500012397766,1054,合格,有效,成功
896,20260116112729922,3,83.0,2026-01-16 11:27:29,0.922,2026-01-16 11:27:29.922,2.61699986457825,1055,合格,有效,成功
897,20260116112732573,3,90.67,2026-01-16 11:27:32,0.573,2026-01-16 11:27:32.573,2.65100002288818,1056,合格,有效,成功
898,20260116112735215,3,62.0,2026-01-16 11:27:35,0.215,2026-01-16 11:27:35.215,2.64199995994568,1057,合格,有效,成功
899,20260116112738138,3,129.0,2026-01-16 11:27:38,0.138,2026-01-16 11:27:38.138,2.92300009727478,1058,合格,有效,成功
900,20260116112741555,3,168.0,2026-01-16 11:27:41,0.555,2026-01-16 11:27:41.555,3.41700005531311,1059,合格,有效,成功
901,20260116112744602,3,80.0,2026-01-16 11:27:44,0.602,2026-01-16 11:27:44.602,3.04699993133545,1060,合格,有效,成功
902,20260116112747603,3,192.0,2026-01-16 11:27:47,0.603,2026-01-16 11:27:47.603,3.00099992752075,1061,合格,有效,成功
903,20260116112750420,3,147.0,2026-01-16 11:27:50,0.42,2026-01-16 11:27:50.42,2.81700015068054,1062,合格,有效,成功
904,20260116112753851,3,134.0,2026-01-16 11:27:53,0.851,2026-01-16 11:27:53.851,3.43099999427795,1063,合格,有效,成功
905,20260116112756510,3,131.0,2026-01-16 11:27:56,0.51,2026-01-16 11:27:56.51,2.65899991989136,1064,合格,有效,成功
906,20260116112759323,3,81.0,2026-01-16 11:27:59,0.323,2026-01-16 11:27:59.323,2.81299996376038,1065,合格,有效,成功
907,20260116112802490,3,102.0,2026-01-16 11:28:02,0.49,2026-01-16 11:28:02.49,3.16700005531311,1066,合格,有效,成功
908,20260116112804932,3,91.0,2026-01-16 11:28:04,0.932,2026-01-16 11:28:04.932,2.44199991226196,1067,合格,有效,成功
909,20260116112808042,3,112.0,2026-01-16 11:28:08,0.042,2026-01-16 11:28:08.042,3.1100001335144,1068,合格,有效,成功
910,20260116112811182,3,105.0,2026-01-16 11:28:11,0.182,2026-01-16 11:28:11.182,3.1399998664856,1069,合格,有效,成功
911,20260116112813870,3,78.0,2026-01-16 11:28:13,0.87,2026-01-16 11:28:13.87,2.68799996376038,1070,合格,有效,成功
912,20260116112816659,3,95.0,2026-01-16 11:28:16,0.659,2026-01-16 11:28:16.659,2.78900003433228,1071,合格,有效,成功
913,20260116112819439,3,108.0,2026-01-16 11:28:19,0.439,2026-01-16 11:28:19.439,2.77999997138977,1072,合格,有效,成功
914,20260116112823408,3,82.0,2026-01-16 11:28:23,0.408,2026-01-16 11:28:23.408,3.96900010108948,1073,合格,有效,成功
915,20260116112825920,3,106.67,2026-01-16 11:28:25,0.92,2026-01-16 11:28:25.92,2.51200008392334,1074,合格,有效,成功
916,20260116112828744,3,62.0,2026-01-16 11:28:28,0.744,2026-01-16 11:28:28.744,2.82399988174438,1075,合格,有效,成功
917,20260116112831565,3,187.67,2026-01-16 11:28:31,0.565,2026-01-16 11:28:31.565,2.82100009918213,1076,合格,有效,成功
918,20260116112834758,3,73.0,2026-01-16 11:28:34,0.758,2026-01-16 11:28:34.758,3.19299983978271,1077,合格,有效,成功
919,20260116112837725,3,92.0,2026-01-16 11:28:37,0.725,2026-01-16 11:28:37.725,2.96700000762939,1078,合格,有效,成功
920,20260116112840189,3,127.0,2026-01-16 11:28:40,0.189,2026-01-16 11:28:40.189,2.46399998664856,1079,合格,有效,成功
921,20260116112843062,3,66.33,2026-01-16 11:28:43,0.062,2026-01-16 11:28:43.062,2.8730001449585,1080,合格,有效,成功
922,20260116112845412,3,84.0,2026-01-16 11:28:45,0.412,2026-01-16 11:28:45.412,2.34999990463257,1081,合格,有效,成功
923,20260116112847841,3,145.33,2026-01-16 11:28:47,0.841,2026-01-16 11:28:47.841,2.42900013923645,1082,合格,有效,成功
924,20260116112850532,3,57.0,2026-01-16 11:28:50,0.532,2026-01-16 11:28:50.532,2.69099998474121,1083,合格,有效,成功
925,20260116112853488,3,94.0,2026-01-16 11:28:53,0.488,2026-01-16 11:28:53.488,2.95599985122681,1084,合格,有效,成功
926,20260116112856072,3,135.0,2026-01-16 11:28:56,0.072,2026-01-16 11:28:56.072,2.58400011062622,1085,合格,有效,成功
927,20260116112900643,3,59.0,2026-01-16 11:29:00,0.643,2026-01-16 11:29:00.643,4.57099986076355,1086,合格,有效,成功
928,20260116112905854,3,80.0,2026-01-16 11:29:05,0.854,2026-01-16 11:29:05.854,5.2110002040863,1087,合格,有效,成功
929,20260116112909605,3,60.0,2026-01-16 11:29:09,0.605,2026-01-16 11:29:09.605,3.75099992752075,1088,合格,有效,成功
930,20260116112916177,3,90.0,2026-01-16 11:29:16,0.177,2026-01-16 11:29:16.177,6.57200002670288,1089,合格,有效,成功
931,20260116112940038,3,116.0,2026-01-16 11:29:40,0.038,2026-01-16 11:29:40.038,23.8610000610352,1090,合格,有效,成功
932,20260116112951314,3,98.0,2026-01-16 11:29:51,0.314,2026-01-16 11:29:51.314,11.2759997844696,1091,合格,有效,成功
933,20260116112954314,3,167.0,2026-01-16 11:29:54,0.314,2026-01-16 11:29:54.314,3.0,1092,合格,有效,成功
934,20260116112957062,3,92.67,2026-01-16 11:29:57,0.062,2026-01-16 11:29:57.062,2.7480001449585,1093,合格,有效,成功
935,20260116113000400,3,135.0,2026-01-16 11:30:00,0.4,2026-01-16 11:30:00.4,3.33800005912781,1094,合格,有效,成功
936,20260116113004002,3,97.0,2026-01-16 11:30:04,0.002,2026-01-16 11:30:04.002,3.60199999809265,1095,合格,有效,成功
937,20260116113006725,3,125.0,2026-01-16 11:30:06,0.725,2026-01-16 11:30:06.725,2.72299981117249,1096,合格,有效,成功
938,20260116113009313,3,105.0,2026-01-16 11:30:09,0.313,2026-01-16 11:30:09.313,2.58800005912781,1097,合格,有效,成功
939,20260116113012191,3,80.0,2026-01-16 11:30:12,0.191,2026-01-16 11:30:12.191,2.87800002098083,1098,合格,有效,成功
940,20260116113014337,3,75.0,2026-01-16 11:30:14,0.337,2026-01-16 11:30:14.337,2.14599990844727,1099,合格,有效,成功
941,20260116113017721,3,144.0,2026-01-16 11:30:17,0.721,2026-01-16 11:30:17.721,3.3840000629425,1100,合格,有效,成功
942,20260116113020133,3,114.0,2026-01-16 11:30:20,0.133,2026-01-16 11:30:20.133,2.41199994087219,1101,合格,有效,成功
943,20260116113022738,3,120.0,2026-01-16 11:30:22,0.738,2026-01-16 11:30:22.738,2.60500001907349,1102,合格,有效,成功
944,20260116113025108,3,52.0,2026-01-16 11:30:25,0.108,2026-01-16 11:30:25.108,2.37000012397766,1103,合格,有效,成功
945,20260116113027358,3,73.0,2026-01-16 11:30:27,0.358,2026-01-16 11:30:27.358,2.25,1104,合格,有效,成功
946,20260116113029495,3,131.0,2026-01-16 11:30:29,0.495,2026-01-16 11:30:29.495,2.13699984550476,1105,合格,有效,成功
947,20260116113032008,3,63.67,2026-01-16 11:30:32,0.008,2026-01-16 11:30:32.008,2.51300001144409,1106,合格,有效,成功
948,20260116113034850,3,197.0,2026-01-16 11:30:34,0.85,2026-01-16 11:30:34.85,2.84200000762939,1107,合格,有效,成功
949,20260116113037454,3,88.0,2026-01-16 11:30:37,0.454,2026-01-16 11:30:37.454,2.60400009155273,1108,合格,有效,成功
950,20260116113039624,3,72.0,2026-01-16 11:30:39,0.624,2026-01-16 11:30:39.624,2.17000007629395,1109,合格,有效,成功
951,20260116113041964,3,133.67,2026-01-16 11:30:41,0.964,2026-01-16 11:30:41.964,2.33999991416931,1110,合格,有效,成功
952,20260116113044458,3,117.0,2026-01-16 11:30:44,0.458,2026-01-16 11:30:44.458,2.49399995803833,1111,合格,有效,成功
953,20260116113047032,3,86.0,2026-01-16 11:30:47,0.032,2026-01-16 11:30:47.032,2.57400012016296,1112,合格,有效,成功
954,20260116113049262,3,51.0,2026-01-16 11:30:49,0.262,2026-01-16 11:30:49.262,2.23000001907349,1113,合格,有效,成功
955,20260116113051860,3,73.0,2026-01-16 11:30:51,0.86,2026-01-16 11:30:51.86,2.59799981117249,1114,合格,有效,成功
956,20260116113054350,3,83.0,2026-01-16 11:30:54,0.35,2026-01-16 11:30:54.35,2.49000000953674,1115,合格,有效,成功
957,20260116113056230,3,134.0,2026-01-16 11:30:56,0.23,2026-01-16 11:30:56.23,1.88000011444092,1116,合格,有效,成功
958,20260116113058707,3,137.0,2026-01-16 11:30:58,0.707,2026-01-16 11:30:58.707,2.47699999809265,1117,合格,有效,成功
959,20260116113101237,3,216.67,2026-01-16 11:31:01,0.237,2026-01-16 11:31:01.237,2.52999997138977,1118,合格,有效,成功
960,20260116113103434,3,78.33,2026-01-16 11:31:03,0.434,2026-01-16 11:31:03.434,2.19700002670288,1119,合格,有效,成功
961,20260116113106635,3,78.0,2026-01-16 11:31:06,0.635,2026-01-16 11:31:06.635,3.20099997520447,1120,合格,有效,成功
962,20260116113109078,3,151.0,2026-01-16 11:31:09,0.078,2026-01-16 11:31:09.078,2.44300007820129,1121,合格,有效,成功
963,20260116113111676,3,111.0,2026-01-16 11:31:11,0.676,2026-01-16 11:31:11.676,2.59800004959106,1122,合格,有效,成功
964,20260116113114408,3,163.0,2026-01-16 11:31:14,0.408,2026-01-16 11:31:14.408,2.73199987411499,1123,合格,有效,成功
965,20260116113117696,3,143.0,2026-01-16 11:31:17,0.696,2026-01-16 11:31:17.696,3.28800010681152,1124,合格,有效,成功
966,20260116113120137,3,142.33,2026-01-16 11:31:20,0.137,2026-01-16 11:31:20.137,2.44099998474121,1125,合格,有效,成功
967,20260116113122803,3,171.67,2026-01-16 11:31:22,0.803,2026-01-16 11:31:22.803,2.66599988937378,1126,合格,有效,成功
968,20260116113125509,3,120.67,2026-01-16 11:31:25,0.509,2026-01-16 11:31:25.509,2.70600008964539,1127,合格,有效,成功
969,20260116113127857,3,74.0,2026-01-16 11:31:27,0.857,2026-01-16 11:31:27.857,2.34800004959106,1128,合格,有效,成功
970,20260116113130259,3,101.0,2026-01-16 11:31:30,0.259,2026-01-16 11:31:30.259,2.40199995040894,1129,合格,有效,成功
971,20260116113133306,3,206.0,2026-01-16 11:31:33,0.306,2026-01-16 11:31:33.306,3.04699993133545,1130,合格,有效,成功
972,20260116113135766,3,69.0,2026-01-16 11:31:35,0.766,2026-01-16 11:31:35.766,2.46000003814697,1131,合格,有效,成功
973,20260116113138341,3,90.0,2026-01-16 11:31:38,0.341,2026-01-16 11:31:38.341,2.57500004768372,1132,合格,有效,成功
974,20260116113140881,3,143.0,2026-01-16 11:31:40,0.881,2026-01-16 11:31:40.881,2.53999996185303,1133,合格,有效,成功
975,20260116113143329,3,141.0,2026-01-16 11:31:43,0.329,2026-01-16 11:31:43.329,2.44799995422363,1134,合格,有效,成功
976,20260116113145688,3,73.0,2026-01-16 11:31:45,0.688,2026-01-16 11:31:45.688,2.35899996757507,1135,合格,有效,成功
977,20260116113148507,3,84.0,2026-01-16 11:31:48,0.507,2026-01-16 11:31:48.507,2.81900000572205,1136,合格,有效,成功
978,20260116113150748,3,84.0,2026-01-16 11:31:50,0.748,2026-01-16 11:31:50.748,2.2409999370575,1137,合格,有效,成功
979,20260116113153418,3,59.33,2026-01-16 11:31:53,0.418,2026-01-16 11:31:53.418,2.67000007629395,1138,合格,有效,成功
980,20260116113155254,3,143.0,2026-01-16 11:31:55,0.254,2026-01-16 11:31:55.254,1.83599996566772,1139,合格,有效,成功
981,20260116113158286,3,157.0,2026-01-16 11:31:58,0.286,2026-01-16 11:31:58.286,3.03200006484985,1140,合格,有效,成功
982,20260116113200762,3,49.0,2026-01-16 11:32:00,0.762,2026-01-16 11:32:00.762,2.4760000705719,1141,合格,有效,成功
983,20260116113203612,3,207.0,2026-01-16 11:32:03,0.612,2026-01-16 11:32:03.612,2.84999990463257,1142,合格,有效,成功
984,20260116113208114,3,320.0,2026-01-16 11:32:08,0.114,2026-01-16 11:32:08.114,4.50200009346008,1143,合格,有效,成功
985,20260116113211401,3,84.0,2026-01-16 11:32:11,0.401,2026-01-16 11:32:11.401,3.28699994087219,1144,合格,有效,成功
986,20260116113214086,3,73.0,2026-01-16 11:32:14,0.086,2026-01-16 11:32:14.086,2.68499994277954,1145,合格,有效,成功
987,20260116113216361,3,82.0,2026-01-16 11:32:16,0.361,2026-01-16 11:32:16.361,2.27500009536743,1146,合格,有效,成功
988,20260116113218283,3,56.0,2026-01-16 11:32:18,0.283,2026-01-16 11:32:18.283,1.92199993133545,1147,合格,有效,成功
989,20260116113221501,3,76.0,2026-01-16 11:32:21,0.501,2026-01-16 11:32:21.501,3.21799993515015,1148,合格,有效,成功
990,20260116113228870,3,122.0,2026-01-16 11:32:28,0.87,2026-01-16 11:32:28.87,7.36899995803833,1149,合格,有效,成功
991,20260116113236053,3,99.0,2026-01-16 11:32:36,0.053,2026-01-16 11:32:36.053,7.18300008773804,1150,合格,有效,成功
992,20260116113239459,3,66.0,2026-01-16 11:32:39,0.459,2026-01-16 11:32:39.459,3.4060001373291,1151,合格,有效,成功
993,20260116113244658,3,128.0,2026-01-16 11:32:44,0.658,2026-01-16 11:32:44.658,5.19899988174438,1152,合格,有效,成功
994,20260116113247951,3,162.0,2026-01-16 11:32:47,0.951,2026-01-16 11:32:47.951,3.29299998283386,1153,合格,有效,成功
995,20260116113250700,3,106.0,2026-01-16 11:32:50,0.7,2026-01-16 11:32:50.7,2.74900007247925,1154,合格,有效,成功
996,20260116113253526,3,126.0,2026-01-16 11:32:53,0.526,2026-01-16 11:32:53.526,2.82599997520447,1155,合格,有效,成功
997,20260116113256538,3,87.0,2026-01-16 11:32:56,0.538,2026-01-16 11:32:56.538,3.01200008392334,1156,合格,有效,成功
998,20260116113301661,3,147.0,2026-01-16 11:33:01,0.661,2026-01-16 11:33:01.661,5.12299990653992,1157,合格,有效,成功
999,20260116113304438,3,167.67,2026-01-16 11:33:04,0.438,2026-01-16 11:33:04.438,2.77699995040894,1158,合格,有效,成功
1000,20260116113306918,3,88.0,2026-01-16 11:33:06,0.918,2026-01-16 11:33:06.918,2.48000001907349,1159,合格,有效,成功
1001,20260116113311907,3,113.0,2026-01-16 11:33:11,0.907,2026-01-16 11:33:11.907,4.98900008201599,1160,合格,有效,成功
1002,20260116113316288,3,77.0,2026-01-16 11:33:16,0.288,2026-01-16 11:33:16.288,4.38100004196167,1161,合格,有效,成功
1003,20260116113319805,3,127.0,2026-01-16 11:33:19,0.805,2026-01-16 11:33:19.805,3.51699995994568,1162,合格,有效,成功
1004,20260116113322344,3,92.0,2026-01-16 11:33:22,0.344,2026-01-16 11:33:22.344,2.53900003433228,1163,合格,有效,成功
1005,20260116113324863,3,105.67,2026-01-16 11:33:24,0.863,2026-01-16 11:33:24.863,2.51899981498718,1164,合格,有效,成功
1006,20260116113327915,3,68.67,2026-01-16 11:33:27,0.915,2026-01-16 11:33:27.915,3.05200004577637,1165,合格,有效,成功
1007,20260116113330342,3,118.0,2026-01-16 11:33:30,0.342,2026-01-16 11:33:30.342,2.42700004577637,1166,合格,有效,成功
1008,20260116113333011,3,66.0,2026-01-16 11:33:33,0.011,2026-01-16 11:33:33.011,2.66899991035461,1167,合格,有效,成功
1009,20260116113335113,3,98.0,2026-01-16 11:33:35,0.113,2026-01-16 11:33:35.113,2.10199999809265,1168,合格,有效,成功
1010,20260116113338309,3,73.0,2026-01-16 11:33:38,0.309,2026-01-16 11:33:38.309,3.19600009918213,1169,合格,有效,成功
1011,20260116113340589,3,58.33,2026-01-16 11:33:40,0.589,2026-01-16 11:33:40.589,2.27999997138977,1170,合格,有效,成功
1012,20260116113343126,3,110.67,2026-01-16 11:33:43,0.126,2026-01-16 11:33:43.126,2.53699994087219,1171,合格,有效,成功
1013,20260116113345869,3,71.0,2026-01-16 11:33:45,0.869,2026-01-16 11:33:45.869,2.74300003051758,1172,合格,有效,成功
1014,20260116113348606,3,132.0,2026-01-16 11:33:48,0.606,2026-01-16 11:33:48.606,2.73699998855591,1173,合格,有效,成功
1015,20260116113351196,3,79.0,2026-01-16 11:33:51,0.196,2026-01-16 11:33:51.196,2.59000015258789,1174,合格,有效,成功
1016,20260116113354598,3,108.0,2026-01-16 11:33:54,0.598,2026-01-16 11:33:54.598,3.40199995040894,1175,合格,有效,成功
1017,20260116113356961,3,154.33,2026-01-16 11:33:56,0.961,2026-01-16 11:33:56.961,2.36299991607666,1176,合格,有效,成功
1018,20260116113359445,3,75.33,2026-01-16 11:33:59,0.445,2026-01-16 11:33:59.445,2.48399996757507,1177,合格,有效,成功
1019,20260116113402867,3,85.0,2026-01-16 11:34:02,0.867,2026-01-16 11:34:02.867,3.42200016975403,1178,合格,有效,成功
1020,20260116113405565,3,133.0,2026-01-16 11:34:05,0.565,2026-01-16 11:34:05.565,2.69799995422363,1179,合格,有效,成功
1021,20260116113408628,3,161.0,2026-01-16 11:34:08,0.628,2026-01-16 11:34:08.628,3.06299996376038,1180,合格,有效,成功
1022,20260116113411997,3,70.0,2026-01-16 11:34:11,0.997,2026-01-16 11:34:11.997,3.36899995803833,1181,合格,有效,成功
1023,20260116113415937,3,71.0,2026-01-16 11:34:15,0.937,2026-01-16 11:34:15.937,3.94000005722046,1182,合格,有效,成功
1024,20260116113418784,3,90.0,2026-01-16 11:34:18,0.784,2026-01-16 11:34:18.784,2.84699988365173,1183,合格,有效,成功
1025,20260116113421988,3,74.0,2026-01-16 11:34:21,0.988,2026-01-16 11:34:21.988,3.2039999961853,1184,合格,有效,成功
1026,20260116113424626,3,90.0,2026-01-16 11:34:24,0.626,2026-01-16 11:34:24.626,2.63800001144409,1185,合格,有效,成功
1027,20260116113428304,3,122.67,2026-01-16 11:34:28,0.304,2026-01-16 11:34:28.304,3.67799997329712,1186,合格,有效,成功
1028,20260116113430133,3,74.0,2026-01-16 11:34:30,0.133,2026-01-16 11:34:30.133,1.8289999961853,1187,合格,有效,成功
1029,20260116113433107,3,110.0,2026-01-16 11:34:33,0.107,2026-01-16 11:34:33.107,2.9740002155304,1188,合格,有效,成功
1030,20260116113436306,3,76.0,2026-01-16 11:34:36,0.306,2026-01-16 11:34:36.306,3.19899988174438,1189,合格,有效,成功
1031,20260116113438694,3,95.0,2026-01-16 11:34:38,0.694,2026-01-16 11:34:38.694,2.38800001144409,1190,合格,有效,成功
1032,20260116113441550,3,100.0,2026-01-16 11:34:41,0.55,2026-01-16 11:34:41.55,2.85599994659424,1191,合格,有效,成功
1033,20260116113444569,3,79.0,2026-01-16 11:34:44,0.569,2026-01-16 11:34:44.569,3.01900005340576,1192,合格,有效,成功
1034,20260116113447944,3,56.0,2026-01-16 11:34:47,0.944,2026-01-16 11:34:47.944,3.375,1193,合格,有效,成功
1035,20260116113451151,3,107.67,2026-01-16 11:34:51,0.151,2026-01-16 11:34:51.151,3.20700001716614,1194,合格,有效,成功
1036,20260116113454664,3,46.0,2026-01-16 11:34:54,0.664,2026-01-16 11:34:54.664,3.51300001144409,1195,合格,有效,成功
1037,20260116113458053,3,74.67,2026-01-16 11:34:58,0.053,2026-01-16 11:34:58.053,3.38899993896484,1196,合格,有效,成功
1038,20260116113501488,3,157.0,2026-01-16 11:35:01,0.488,2026-01-16 11:35:01.488,3.43499994277954,1197,合格,有效,成功
1039,20260116113504625,3,136.0,2026-01-16 11:35:04,0.625,2026-01-16 11:35:04.625,3.13700008392334,1198,合格,有效,成功
1040,20260116113507383,3,96.0,2026-01-16 11:35:07,0.383,2026-01-16 11:35:07.383,2.75799989700317,1199,合格,有效,成功
1041,20260116113512171,3,61.0,2026-01-16 11:35:12,0.171,2026-01-16 11:35:12.171,4.78800010681152,1200,合格,有效,成功
1042,20260116113515350,3,92.0,2026-01-16 11:35:15,0.35,2026-01-16 11:35:15.35,3.17899990081787,1201,合格,有效,成功
1043,20260116113518416,3,90.0,2026-01-16 11:35:18,0.416,2026-01-16 11:35:18.416,3.06599998474121,1202,合格,有效,成功
1044,20260116113521418,3,100.0,2026-01-16 11:35:21,0.418,2026-01-16 11:35:21.418,3.00200009346008,1203,合格,有效,成功
1045,20260116113524695,3,157.0,2026-01-16 11:35:24,0.695,2026-01-16 11:35:24.695,3.27699995040894,1204,合格,有效,成功
1046,20260116113527893,3,66.0,2026-01-16 11:35:27,0.893,2026-01-16 11:35:27.893,3.19799995422363,1205,合格,有效,成功
1047,20260116113530852,3,124.0,2026-01-16 11:35:30,0.852,2026-01-16 11:35:30.852,2.95900011062622,1206,合格,有效,成功
1048,20260116113533400,3,74.0,2026-01-16 11:35:33,0.4,2026-01-16 11:35:33.4,2.54800009727478,1207,合格,有效,成功
1049,20260116113536194,3,125.0,2026-01-16 11:35:36,0.194,2026-01-16 11:35:36.194,2.79399991035461,1208,合格,有效,成功
1050,20260116113539298,3,54.0,2026-01-16 11:35:39,0.298,2026-01-16 11:35:39.298,3.10400009155273,1209,合格,有效,成功
1051,20260116113541567,3,47.0,2026-01-16 11:35:41,0.567,2026-01-16 11:35:41.567,2.26899981498718,1210,合格,有效,成功
1052,20260116113544364,3,90.0,2026-01-16 11:35:44,0.364,2026-01-16 11:35:44.364,2.79700016975403,1211,合格,有效,成功
1053,20260116113547338,3,111.0,2026-01-16 11:35:47,0.338,2026-01-16 11:35:47.338,2.97399997711182,1212,合格,有效,成功
1054,20260116113550295,3,149.0,2026-01-16 11:35:50,0.295,2026-01-16 11:35:50.295,2.95700001716614,1213,合格,有效,成功
1055,20260116113553041,3,66.0,2026-01-16 11:35:53,0.041,2026-01-16 11:35:53.041,2.74599981307983,1214,合格,有效,成功
1056,20260116113555698,3,99.0,2026-01-16 11:35:55,0.698,2026-01-16 11:35:55.698,2.65700006484985,1215,合格,有效,成功
1057,20260116113558065,3,132.0,2026-01-16 11:35:58,0.065,2026-01-16 11:35:58.065,2.36700010299683,1216,合格,有效,成功
1058,20260116113600652,3,131.0,2026-01-16 11:36:00,0.652,2026-01-16 11:36:00.652,2.58699989318848,1217,合格,有效,成功
1059,20260116113604024,3,101.0,2026-01-16 11:36:04,0.024,2026-01-16 11:36:04.024,3.37199997901917,1218,合格,有效,成功
1060,20260116113607943,3,172.0,2026-01-16 11:36:07,0.943,2026-01-16 11:36:07.943,3.91900014877319,1219,合格,有效,成功
1061,20260116113612126,3,200.0,2026-01-16 11:36:12,0.126,2026-01-16 11:36:12.126,4.18299984931946,1220,合格,有效,成功
1062,20260116113614864,3,145.0,2026-01-16 11:36:14,0.864,2026-01-16 11:36:14.864,2.73800015449524,1221,合格,有效,成功
1063,20260116113618101,3,175.0,2026-01-16 11:36:18,0.101,2026-01-16 11:36:18.101,3.23699998855591,1222,合格,有效,成功
1064,20260116113620867,3,67.0,2026-01-16 11:36:20,0.867,2026-01-16 11:36:20.867,2.76600003242493,1223,合格,有效,成功
1065,20260116113623369,3,189.0,2026-01-16 11:36:23,0.369,2026-01-16 11:36:23.369,2.5019998550415,1224,合格,有效,成功
1066,20260116113626590,3,103.0,2026-01-16 11:36:26,0.59,2026-01-16 11:36:26.59,3.22099995613098,1225,合格,有效,成功
1067,20260116113629861,3,114.0,2026-01-16 11:36:29,0.861,2026-01-16 11:36:29.861,3.27100014686584,1226,合格,有效,成功
1068,20260116113633131,3,109.0,2026-01-16 11:36:33,0.131,2026-01-16 11:36:33.131,3.26999998092651,1227,合格,有效,成功
1069,20260116113635800,3,130.0,2026-01-16 11:36:35,0.8,2026-01-16 11:36:35.8,2.66899991035461,1228,合格,有效,成功
1070,20260116113638640,3,108.0,2026-01-16 11:36:38,0.64,2026-01-16 11:36:38.64,2.84000015258789,1229,合格,有效,成功
1071,20260116113641456,3,114.0,2026-01-16 11:36:41,0.456,2026-01-16 11:36:41.456,2.81599998474121,1230,合格,有效,成功
1072,20260116113644220,3,116.0,2026-01-16 11:36:44,0.22,2026-01-16 11:36:44.22,2.76399993896484,1231,合格,有效,成功
1073,20260116113647473,3,108.0,2026-01-16 11:36:47,0.473,2026-01-16 11:36:47.473,3.25300002098083,1232,合格,有效,成功
1074,20260116113650395,3,74.0,2026-01-16 11:36:50,0.395,2026-01-16 11:36:50.395,2.92199993133545,1233,合格,有效,成功
1075,20260116113653638,3,89.0,2026-01-16 11:36:53,0.638,2026-01-16 11:36:53.638,3.24300003051758,1234,合格,有效,成功
1076,20260116113656607,3,78.0,2026-01-16 11:36:56,0.607,2026-01-16 11:36:56.607,2.96900010108948,1235,合格,有效,成功
1077,20260116113659711,3,47.67,2026-01-16 11:36:59,0.711,2026-01-16 11:36:59.711,3.10399985313416,1236,合格,有效,成功
1078,20260116113702638,3,80.33,2026-01-16 11:37:02,0.638,2026-01-16 11:37:02.638,2.92700004577637,1237,合格,有效,成功
1079,20260116113706653,3,82.0,2026-01-16 11:37:06,0.653,2026-01-16 11:37:06.653,4.01500010490417,1238,合格,有效,成功
1080,20260116113709095,3,56.0,2026-01-16 11:37:09,0.095,2026-01-16 11:37:09.095,2.44199991226196,1239,合格,有效,成功
1081,20260116113712187,3,18.67,2026-01-16 11:37:12,0.187,2026-01-16 11:37:12.187,3.09200000762939,1240,合格,有效,成功
1082,20260116113714931,3,49.67,2026-01-16 11:37:14,0.931,2026-01-16 11:37:14.931,2.74399995803833,1241,合格,有效,成功
1083,20260116113717498,3,86.0,2026-01-16 11:37:17,0.498,2026-01-16 11:37:17.498,2.56699991226196,1242,合格,有效,成功
1084,20260116113720971,3,76.0,2026-01-16 11:37:20,0.971,2026-01-16 11:37:20.971,3.47300004959106,1243,合格,有效,成功
1085,20260116113724520,3,147.0,2026-01-16 11:37:24,0.52,2026-01-16 11:37:24.52,3.54900002479553,1244,合格,有效,成功
1086,20260116113727736,3,146.0,2026-01-16 11:37:27,0.736,2026-01-16 11:37:27.736,3.21600008010864,1245,合格,有效,成功
1087,20260116113733285,3,124.0,2026-01-16 11:37:33,0.285,2026-01-16 11:37:33.285,5.54900002479553,1246,合格,有效,成功
1088,20260116113736347,3,89.0,2026-01-16 11:37:36,0.347,2026-01-16 11:37:36.347,3.06199979782104,1247,合格,有效,成功
1089,20260116113741198,3,212.0,2026-01-16 11:37:41,0.198,2026-01-16 11:37:41.198,4.8510000705719,1248,合格,有效,成功
1090,20260116113745130,3,54.0,2026-01-16 11:37:45,0.13,2026-01-16 11:37:45.13,3.93200016021729,1249,合格,有效,成功
1091,20260116113748500,3,96.0,2026-01-16 11:37:48,0.5,2026-01-16 11:37:48.5,3.36999988555908,1250,合格,有效,成功
1092,20260116113750964,3,164.0,2026-01-16 11:37:50,0.964,2026-01-16 11:37:50.964,2.46399998664856,1251,合格,有效,成功
1093,20260116113753769,3,95.0,2026-01-16 11:37:53,0.769,2026-01-16 11:37:53.769,2.8050000667572,1252,合格,有效,成功
1094,20260116113800807,3,60.0,2026-01-16 11:38:00,0.807,2026-01-16 11:38:00.807,7.03799986839294,1253,合格,有效,成功
1095,20260116113803414,3,126.0,2026-01-16 11:38:03,0.414,2026-01-16 11:38:03.414,2.60700011253357,1254,合格,有效,成功
1096,20260116113805727,3,113.0,2026-01-16 11:38:05,0.727,2026-01-16 11:38:05.727,2.31299996376038,1255,合格,有效,成功
1097,20260116113808509,3,168.0,2026-01-16 11:38:08,0.509,2026-01-16 11:38:08.509,2.78200006484985,1256,合格,有效,成功
1098,20260116113811782,3,95.0,2026-01-16 11:38:11,0.782,2026-01-16 11:38:11.782,3.27300000190735,1257,合格,有效,成功
1099,20260116113814353,3,57.0,2026-01-16 11:38:14,0.353,2026-01-16 11:38:14.353,2.57099986076355,1258,合格,有效,成功
1100,20260116113817031,3,124.0,2026-01-16 11:38:17,0.031,2026-01-16 11:38:17.031,2.67799997329712,1259,合格,有效,成功
1101,20260116113819983,3,96.0,2026-01-16 11:38:19,0.983,2026-01-16 11:38:19.983,2.9520001411438,1260,合格,有效,成功
1102,20260116113822770,3,111.0,2026-01-16 11:38:22,0.77,2026-01-16 11:38:22.77,2.78699994087219,1261,合格,有效,成功
1103,20260116113826037,3,190.0,2026-01-16 11:38:26,0.037,2026-01-16 11:38:26.037,3.26699995994568,1262,合格,有效,成功
1104,20260116113829301,3,115.0,2026-01-16 11:38:29,0.301,2026-01-16 11:38:29.301,3.26400017738342,1263,合格,有效,成功
1105,20260116113831877,3,135.0,2026-01-16 11:38:31,0.877,2026-01-16 11:38:31.877,2.57599997520447,1264,合格,有效,成功
1106,20260116113834163,3,75.0,2026-01-16 11:38:34,0.163,2026-01-16 11:38:34.163,2.28600001335144,1265,合格,有效,成功
1107,20260116113836588,3,134.0,2026-01-16 11:38:36,0.588,2026-01-16 11:38:36.588,2.42499995231628,1266,合格,有效,成功
1108,20260116113839655,3,145.0,2026-01-16 11:38:39,0.655,2026-01-16 11:38:39.655,3.06699991226196,1267,合格,有效,成功
1109,20260116113842636,3,132.0,2026-01-16 11:38:42,0.636,2026-01-16 11:38:42.636,2.98099994659424,1268,合格,有效,成功
1110,20260116113846986,3,79.0,2026-01-16 11:38:46,0.986,2026-01-16 11:38:46.986,4.35000014305115,1269,合格,有效,成功
1111,20260116113850350,3,65.0,2026-01-16 11:38:50,0.35,2026-01-16 11:38:50.35,3.36399984359741,1270,合格,有效,成功
1112,20260116113852977,3,131.0,2026-01-16 11:38:52,0.977,2026-01-16 11:38:52.977,2.62700009346008,1271,合格,有效,成功
1113,20260116113855878,3,105.0,2026-01-16 11:38:55,0.878,2026-01-16 11:38:55.878,2.90100002288818,1272,合格,有效,成功
1114,20260116113859935,3,116.0,2026-01-16 11:38:59,0.935,2026-01-16 11:38:59.935,4.05699992179871,1273,合格,有效,成功
1115,20260116113903061,3,111.0,2026-01-16 11:39:03,0.061,2026-01-16 11:39:03.061,3.12600016593933,1274,合格,有效,成功
1116,20260116113910138,3,92.0,2026-01-16 11:39:10,0.138,2026-01-16 11:39:10.138,7.07699990272522,1275,合格,有效,成功
1117,20260116113913098,3,83.0,2026-01-16 11:39:13,0.098,2026-01-16 11:39:13.098,2.96000003814697,1276,合格,有效,成功
1118,20260116113915875,3,83.0,2026-01-16 11:39:15,0.875,2026-01-16 11:39:15.875,2.77699995040894,1277,合格,有效,成功
1119,20260116113918492,3,128.0,2026-01-16 11:39:18,0.492,2026-01-16 11:39:18.492,2.61700010299683,1278,合格,有效,成功
1120,20260116113928271,3,82.0,2026-01-16 11:39:28,0.271,2026-01-16 11:39:28.271,9.77899980545044,1279,合格,有效,成功
1121,20260116113932152,3,73.0,2026-01-16 11:39:32,0.152,2026-01-16 11:39:32.152,3.88100004196167,1280,合格,有效,成功
1122,20260116113936493,3,123.0,2026-01-16 11:39:36,0.493,2026-01-16 11:39:36.493,4.34100008010864,1281,合格,有效,成功
1123,20260116113941507,3,63.0,2026-01-16 11:39:41,0.507,2026-01-16 11:39:41.507,5.01399993896484,1282,合格,有效,成功
1124,20260116113943792,3,162.0,2026-01-16 11:39:43,0.792,2026-01-16 11:39:43.792,2.28500008583069,1283,合格,有效,成功
1125,20260116113944936,3,109.67,2026-01-16 11:39:44,0.936,2026-01-16 11:39:44.936,1.14400005340576,1284,合格,有效,成功
1126,20260116113946878,3,87.0,2026-01-16 11:39:46,0.878,2026-01-16 11:39:46.878,1.94199991226196,1285,合格,有效,成功
1127,20260116113949330,3,63.0,2026-01-16 11:39:49,0.33,2026-01-16 11:39:49.33,2.45199990272522,1286,合格,有效,成功
1128,20260116113952037,3,107.0,2026-01-16 11:39:52,0.037,2026-01-16 11:39:52.037,2.70700001716614,1287,合格,有效,成功
1129,20260116113954921,3,93.0,2026-01-16 11:39:54,0.921,2026-01-16 11:39:54.921,2.8840000629425,1288,合格,有效,成功
1130,20260116113957887,3,115.0,2026-01-16 11:39:57,0.887,2026-01-16 11:39:57.887,2.96600008010864,1289,合格,有效,成功
1131,20260116114001172,3,70.0,2026-01-16 11:40:01,0.172,2026-01-16 11:40:01.172,3.28499984741211,1290,合格,有效,成功
1132,20260116114005662,3,111.0,2026-01-16 11:40:05,0.662,2026-01-16 11:40:05.662,4.49000000953674,1291,合格,有效,成功
1133,20260116114015764,3,59.0,2026-01-16 11:40:15,0.764,2026-01-16 11:40:15.764,10.1019999980927,1292,合格,有效,成功
1134,20260116114019221,3,73.0,2026-01-16 11:40:19,0.221,2026-01-16 11:40:19.221,3.45700001716614,1293,合格,有效,成功
1135,20260116114021960,3,82.0,2026-01-16 11:40:21,0.96,2026-01-16 11:40:21.96,2.73900008201599,1294,合格,有效,成功
1136,20260116114025674,3,68.0,2026-01-16 11:40:25,0.674,2026-01-16 11:40:25.674,3.71399998664856,1295,合格,有效,成功
1137,20260116114039558,3,124.0,2026-01-16 11:40:39,0.558,2026-01-16 11:40:39.558,13.8840000629425,1296,合格,有效,成功
1138,20260116114042257,3,83.0,2026-01-16 11:40:42,0.257,2026-01-16 11:40:42.257,2.69899988174438,1297,合格,有效,成功
1139,20260116114045626,3,161.0,2026-01-16 11:40:45,0.626,2026-01-16 11:40:45.626,3.36899995803833,1298,合格,有效,成功
1140,20260116114048336,3,121.0,2026-01-16 11:40:48,0.336,2026-01-16 11:40:48.336,2.71000003814697,1299,合格,有效,成功
1141,20260116114050938,3,102.0,2026-01-16 11:40:50,0.938,2026-01-16 11:40:50.938,2.60199999809265,1300,合格,有效,成功
1142,20260116114053131,3,108.0,2026-01-16 11:40:53,0.131,2026-01-16 11:40:53.131,2.19300007820129,1301,合格,有效,成功
1143,20260116114055695,3,87.0,2026-01-16 11:40:55,0.695,2026-01-16 11:40:55.695,2.56399989128113,1302,合格,有效,成功
1144,20260116114058498,3,150.0,2026-01-16 11:40:58,0.498,2026-01-16 11:40:58.498,2.80299997329712,1303,合格,有效,成功
1145,20260116114100886,3,107.0,2026-01-16 11:41:00,0.886,2026-01-16 11:41:00.886,2.38800001144409,1304,合格,有效,成功
1146,20260116114103072,3,87.0,2026-01-16 11:41:03,0.072,2026-01-16 11:41:03.072,2.18600010871887,1305,合格,有效,成功
1147,20260116114106027,3,265.0,2026-01-16 11:41:06,0.027,2026-01-16 11:41:06.027,2.95499992370605,1306,合格,有效,成功
1148,20260116114108599,3,99.67,2026-01-16 11:41:08,0.599,2026-01-16 11:41:08.599,2.57200002670288,1307,合格,有效,成功
1149,20260116114110980,3,143.67,2026-01-16 11:41:10,0.98,2026-01-16 11:41:10.98,2.38100004196167,1308,合格,有效,成功
1150,20260116114113575,3,85.0,2026-01-16 11:41:13,0.575,2026-01-16 11:41:13.575,2.59500002861023,1309,合格,有效,成功
1151,20260116114115919,3,106.0,2026-01-16 11:41:15,0.919,2026-01-16 11:41:15.919,2.3439998626709,1310,合格,有效,成功
1152,20260116114118347,3,115.0,2026-01-16 11:41:18,0.347,2026-01-16 11:41:18.347,2.42799997329712,1311,合格,有效,成功
1153,20260116114120630,3,104.0,2026-01-16 11:41:20,0.63,2026-01-16 11:41:20.63,2.28300023078918,1312,合格,有效,成功
1154,20260116114123240,3,101.33,2026-01-16 11:41:23,0.24,2026-01-16 11:41:23.24,2.60999989509583,1313,合格,有效,成功
1155,20260116114125746,3,121.0,2026-01-16 11:41:25,0.746,2026-01-16 11:41:25.746,2.50600004196167,1314,合格,有效,成功
1156,20260116114128203,3,140.67,2026-01-16 11:41:28,0.203,2026-01-16 11:41:28.203,2.45700001716614,1315,合格,有效,成功
1157,20260116114130601,3,163.0,2026-01-16 11:41:30,0.601,2026-01-16 11:41:30.601,2.39800000190735,1316,合格,有效,成功
1158,20260116114132659,3,70.0,2026-01-16 11:41:32,0.659,2026-01-16 11:41:32.659,2.05799984931946,1317,合格,有效,成功
1159,20260116114134803,3,86.0,2026-01-16 11:41:34,0.803,2026-01-16 11:41:34.803,2.14400005340576,1318,合格,有效,成功
1160,20260116114137383,3,108.0,2026-01-16 11:41:37,0.383,2026-01-16 11:41:37.383,2.57999992370605,1319,合格,有效,成功
1161,20260116114140077,3,56.0,2026-01-16 11:41:40,0.077,2026-01-16 11:41:40.077,2.69400000572205,1320,合格,有效,成功
1162,20260116114143420,3,117.0,2026-01-16 11:41:43,0.42,2026-01-16 11:41:43.42,3.34300017356873,1321,合格,有效,成功
1163,20260116114146207,3,122.0,2026-01-16 11:41:46,0.207,2026-01-16 11:41:46.207,2.78699994087219,1322,合格,有效,成功
1164,20260116114148397,3,98.0,2026-01-16 11:41:48,0.397,2026-01-16 11:41:48.397,2.19000005722046,1323,合格,有效,成功
1165,20260116114151033,3,78.0,2026-01-16 11:41:51,0.033,2026-01-16 11:41:51.033,2.63599991798401,1324,合格,有效,成功
1166,20260116114153516,3,111.0,2026-01-16 11:41:53,0.516,2026-01-16 11:41:53.516,2.48300004005432,1325,合格,有效,成功
1167,20260116114156143,3,194.67,2026-01-16 11:41:56,0.143,2026-01-16 11:41:56.143,2.6269998550415,1326,合格,有效,成功
1168,20260116114158086,3,84.0,2026-01-16 11:41:58,0.086,2026-01-16 11:41:58.086,1.94300007820129,1327,合格,有效,成功
1169,20260116114200825,3,88.0,2026-01-16 11:42:00,0.825,2026-01-16 11:42:00.825,2.73900008201599,1328,合格,有效,成功
1170,20260116114203504,3,157.33,2026-01-16 11:42:03,0.504,2026-01-16 11:42:03.504,2.67899990081787,1329,合格,有效,成功
1171,20260116114207082,3,102.0,2026-01-16 11:42:07,0.082,2026-01-16 11:42:07.082,3.57800006866455,1330,合格,有效,成功
1172,20260116114209447,3,69.0,2026-01-16 11:42:09,0.447,2026-01-16 11:42:09.447,2.36500000953674,1331,合格,有效,成功
1173,20260116114212581,3,150.0,2026-01-16 11:42:12,0.581,2026-01-16 11:42:12.581,3.1340000629425,1332,合格,有效,成功
1174,20260116114215882,3,100.0,2026-01-16 11:42:15,0.882,2026-01-16 11:42:15.882,3.30099987983704,1333,合格,有效,成功
1175,20260116114222849,3,82.0,2026-01-16 11:42:22,0.849,2026-01-16 11:42:22.849,6.96700000762939,1334,合格,有效,成功
1176,20260116114226552,3,82.0,2026-01-16 11:42:26,0.552,2026-01-16 11:42:26.552,3.70300006866455,1335,合格,有效,成功
1177,20260116114233398,3,46.0,2026-01-16 11:42:33,0.398,2026-01-16 11:42:33.398,6.84599995613098,1336,合格,有效,成功
1178,20260116114258388,3,177.0,2026-01-16 11:42:58,0.388,2026-01-16 11:42:58.388,24.9900000095367,1337,合格,有效,成功
1179,20260116114300988,3,136.0,2026-01-16 11:43:00,0.988,2026-01-16 11:43:00.988,2.59999990463257,1338,合格,有效,成功
1180,20260116114305229,3,102.0,2026-01-16 11:43:05,0.229,2026-01-16 11:43:05.229,4.24100017547607,1339,合格,有效,成功
1181,20260116114308338,3,124.33,2026-01-16 11:43:08,0.338,2026-01-16 11:43:08.338,3.10899996757507,1340,合格,有效,成功
1182,20260116114312947,3,177.0,2026-01-16 11:43:12,0.947,2026-01-16 11:43:12.947,4.60899996757507,1341,合格,有效,成功
1183,20260116114315362,3,104.0,2026-01-16 11:43:15,0.362,2026-01-16 11:43:15.362,2.41499996185303,1342,合格,有效,成功
1184,20260116114317824,3,128.0,2026-01-16 11:43:17,0.824,2026-01-16 11:43:17.824,2.46199989318848,1343,合格,有效,成功
1185,20260116114320337,3,123.0,2026-01-16 11:43:20,0.337,2026-01-16 11:43:20.337,2.51300001144409,1344,合格,有效,成功
1186,20260116114322702,3,76.0,2026-01-16 11:43:22,0.702,2026-01-16 11:43:22.702,2.36500000953674,1345,合格,有效,成功
1187,20260116114325469,3,90.0,2026-01-16 11:43:25,0.469,2026-01-16 11:43:25.469,2.76700019836426,1346,合格,有效,成功
1188,20260116114327737,3,100.0,2026-01-16 11:43:27,0.737,2026-01-16 11:43:27.737,2.26799988746643,1347,合格,有效,成功
1189,20260116114332563,3,158.0,2026-01-16 11:43:32,0.563,2026-01-16 11:43:32.563,4.82599997520447,1348,合格,有效,成功
1190,20260116114335831,3,122.0,2026-01-16 11:43:35,0.831,2026-01-16 11:43:35.831,3.26800012588501,1349,合格,有效,成功
1191,20260116114339154,3,85.0,2026-01-16 11:43:39,0.154,2026-01-16 11:43:39.154,3.32299995422363,1350,合格,有效,成功
1192,20260116114343413,3,106.0,2026-01-16 11:43:43,0.413,2026-01-16 11:43:43.413,4.2590000629425,1351,合格,有效,成功
1193,20260116114345447,3,91.0,2026-01-16 11:43:45,0.447,2026-01-16 11:43:45.447,2.03399991989136,1352,合格,有效,成功
1194,20260116114348834,3,181.0,2026-01-16 11:43:48,0.834,2026-01-16 11:43:48.834,3.38700008392334,1353,合格,有效,成功
1195,20260116114351180,3,92.0,2026-01-16 11:43:51,0.18,2026-01-16 11:43:51.18,2.34599995613098,1354,合格,有效,成功
1196,20260116114353371,3,150.0,2026-01-16 11:43:53,0.371,2026-01-16 11:43:53.371,2.19099998474121,1355,合格,有效,成功
1197,20260116114355838,3,61.0,2026-01-16 11:43:55,0.838,2026-01-16 11:43:55.838,2.46700000762939,1356,合格,有效,成功
1198,20260116114358320,3,92.0,2026-01-16 11:43:58,0.32,2026-01-16 11:43:58.32,2.48199987411499,1357,合格,有效,成功
1199,20260116114400780,3,113.0,2026-01-16 11:44:00,0.78,2026-01-16 11:44:00.78,2.46000003814697,1358,合格,有效,成功
1200,20260116114403324,3,97.0,2026-01-16 11:44:03,0.324,2026-01-16 11:44:03.324,2.54399991035461,1359,合格,有效,成功
1201,20260116114405667,3,161.67,2026-01-16 11:44:05,0.667,2026-01-16 11:44:05.667,2.34300017356873,1360,合格,有效,成功
1202,20260116114407985,3,100.0,2026-01-16 11:44:07,0.985,2026-01-16 11:44:07.985,2.31799983978271,1361,合格,有效,成功
1203,20260116114410271,3,97.0,2026-01-16 11:44:10,0.271,2026-01-16 11:44:10.271,2.28600001335144,1362,合格,有效,成功
1204,20260116114412818,3,61.0,2026-01-16 11:44:12,0.818,2026-01-16 11:44:12.818,2.54700016975403,1363,合格,有效,成功
1205,20260116114416235,3,109.0,2026-01-16 11:44:16,0.235,2026-01-16 11:44:16.235,3.41699981689453,1364,合格,有效,成功
1206,20260116114548187,3,169.0,2026-01-16 11:45:48,0.187,2026-01-16 11:45:48.187,91.9520001411438,1365,合格,有效,成功
1207,20260116114550817,3,59.0,2026-01-16 11:45:50,0.817,2026-01-16 11:45:50.817,2.62999987602234,1366,合格,有效,成功
1208,20260116114552947,3,160.33,2026-01-16 11:45:52,0.947,2026-01-16 11:45:52.947,2.13000011444092,1367,合格,有效,成功
1209,20260116114555426,3,66.0,2026-01-16 11:45:55,0.426,2026-01-16 11:45:55.426,2.47900009155273,1368,合格,有效,成功
1210,20260116114558267,3,210.67,2026-01-16 11:45:58,0.267,2026-01-16 11:45:58.267,2.84099984169006,1369,合格,有效,成功
1211,20260116114600145,3,66.0,2026-01-16 11:46:00,0.145,2026-01-16 11:46:00.145,1.87800002098083,1370,合格,有效,成功
1212,20260116114602337,3,97.0,2026-01-16 11:46:02,0.337,2026-01-16 11:46:02.337,2.19199991226196,1371,合格,有效,成功
1213,20260116114604649,3,100.0,2026-01-16 11:46:04,0.649,2026-01-16 11:46:04.649,2.31200003623962,1372,合格,有效,成功
1214,20260116114607062,3,60.0,2026-01-16 11:46:07,0.062,2026-01-16 11:46:07.062,2.41300010681152,1373,合格,有效,成功
1215,20260116114609521,3,111.0,2026-01-16 11:46:09,0.521,2026-01-16 11:46:09.521,2.45899987220764,1374,合格,有效,成功
1216,20260116114611814,3,134.0,2026-01-16 11:46:11,0.814,2026-01-16 11:46:11.814,2.29299998283386,1375,合格,有效,成功
1217,20260116114614382,3,111.0,2026-01-16 11:46:14,0.382,2026-01-16 11:46:14.382,2.56800007820129,1376,合格,有效,成功
1218,20260116114618700,3,86.0,2026-01-16 11:46:18,0.7,2026-01-16 11:46:18.7,4.31800007820129,1377,合格,有效,成功
1219,20260116114621112,3,145.0,2026-01-16 11:46:21,0.112,2026-01-16 11:46:21.112,2.41199994087219,1378,合格,有效,成功
1220,20260116114623706,3,65.0,2026-01-16 11:46:23,0.706,2026-01-16 11:46:23.706,2.59400010108948,1379,合格,有效,成功
1221,20260116114626235,3,206.0,2026-01-16 11:46:26,0.235,2026-01-16 11:46:26.235,2.52899980545044,1380,合格,有效,成功
1222,20260116114628378,3,94.0,2026-01-16 11:46:28,0.378,2026-01-16 11:46:28.378,2.14300012588501,1381,合格,有效,成功
1223,20260116114631060,3,82.0,2026-01-16 11:46:31,0.06,2026-01-16 11:46:31.06,2.68199992179871,1382,合格,有效,成功
1224,20260116114633374,3,98.0,2026-01-16 11:46:33,0.374,2026-01-16 11:46:33.374,2.31400012969971,1383,合格,有效,成功
1225,20260116114635715,3,88.0,2026-01-16 11:46:35,0.715,2026-01-16 11:46:35.715,2.34099984169006,1384,合格,有效,成功
1226,20260116114637724,3,96.0,2026-01-16 11:46:37,0.724,2026-01-16 11:46:37.724,2.0090000629425,1385,合格,有效,成功
1227,20260116114641036,3,102.0,2026-01-16 11:46:41,0.036,2026-01-16 11:46:41.036,3.31200003623962,1386,合格,有效,成功
1228,20260116114643811,3,55.0,2026-01-16 11:46:43,0.811,2026-01-16 11:46:43.811,2.77500009536743,1387,合格,有效,成功
1229,20260116114645795,3,166.0,2026-01-16 11:46:45,0.795,2026-01-16 11:46:45.795,1.98399996757507,1388,合格,有效,成功
1230,20260116114648266,3,98.0,2026-01-16 11:46:48,0.266,2026-01-16 11:46:48.266,2.47099995613098,1389,合格,有效,成功
1231,20260116114650799,3,107.0,2026-01-16 11:46:50,0.799,2026-01-16 11:46:50.799,2.53299999237061,1390,合格,有效,成功
1232,20260116114652989,3,118.0,2026-01-16 11:46:52,0.989,2026-01-16 11:46:52.989,2.19000005722046,1391,合格,有效,成功
1233,20260116114655285,3,76.0,2026-01-16 11:46:55,0.285,2026-01-16 11:46:55.285,2.2960000038147,1392,合格,有效,成功
1234,20260116114657639,3,77.0,2026-01-16 11:46:57,0.639,2026-01-16 11:46:57.639,2.35399985313416,1393,合格,有效,成功
1235,20260116114700074,3,75.0,2026-01-16 11:47:00,0.074,2026-01-16 11:47:00.074,2.43499994277954,1394,合格,有效,成功
1236,20260116114702774,3,65.0,2026-01-16 11:47:02,0.774,2026-01-16 11:47:02.774,2.70000004768372,1395,合格,有效,成功
1237,20260116114704874,3,70.0,2026-01-16 11:47:04,0.874,2026-01-16 11:47:04.874,2.10000014305115,1396,合格,有效,成功
1238,20260116114748445,3,141.0,2026-01-16 11:47:48,0.445,2026-01-16 11:47:48.445,43.5709998607635,1397,合格,有效,成功
1239,20260116114750638,3,83.0,2026-01-16 11:47:50,0.638,2026-01-16 11:47:50.638,2.19300007820129,1398,合格,有效,成功
1240,20260116114753055,3,90.0,2026-01-16 11:47:53,0.055,2026-01-16 11:47:53.055,2.41700005531311,1399,合格,有效,成功
1241,20260116114757442,3,99.0,2026-01-16 11:47:57,0.442,2026-01-16 11:47:57.442,4.38699984550476,1400,合格,有效,成功
1242,20260116114800908,3,157.0,2026-01-16 11:48:00,0.908,2026-01-16 11:48:00.908,3.46600008010864,1401,合格,有效,成功
1243,20260116114803267,3,160.0,2026-01-16 11:48:03,0.267,2026-01-16 11:48:03.267,2.35899996757507,1402,合格,有效,成功
1244,20260116114805758,3,158.0,2026-01-16 11:48:05,0.758,2026-01-16 11:48:05.758,2.4909999370575,1403,合格,有效,成功
1245,20260116114809492,3,51.0,2026-01-16 11:48:09,0.492,2026-01-16 11:48:09.492,3.73400020599365,1404,合格,有效,成功
1246,20260116114811854,3,44.67,2026-01-16 11:48:11,0.854,2026-01-16 11:48:11.854,2.36199998855591,1405,合格,有效,成功
1247,20260116114814375,3,106.0,2026-01-16 11:48:14,0.375,2026-01-16 11:48:14.375,2.52099990844727,1406,合格,有效,成功
1248,20260116114816703,3,110.0,2026-01-16 11:48:16,0.703,2026-01-16 11:48:16.703,2.32800006866455,1407,合格,有效,成功
1249,20260116114818876,3,104.0,2026-01-16 11:48:18,0.876,2026-01-16 11:48:18.876,2.1729998588562,1408,合格,有效,成功
1250,20260116114821634,3,128.0,2026-01-16 11:48:21,0.634,2026-01-16 11:48:21.634,2.75800013542175,1409,合格,有效,成功
1251,20260116114823818,3,79.0,2026-01-16 11:48:23,0.818,2026-01-16 11:48:23.818,2.18400001525879,1410,合格,有效,成功
1252,20260116114826144,3,155.0,2026-01-16 11:48:26,0.144,2026-01-16 11:48:26.144,2.32599997520447,1411,合格,有效,成功
1253,20260116114828653,3,88.0,2026-01-16 11:48:28,0.653,2026-01-16 11:48:28.653,2.5090000629425,1412,合格,有效,成功
1254,20260116114831159,3,100.0,2026-01-16 11:48:31,0.159,2026-01-16 11:48:31.159,2.50599980354309,1413,合格,有效,成功
1255,20260116114834371,3,65.0,2026-01-16 11:48:34,0.371,2026-01-16 11:48:34.371,3.21200013160706,1414,合格,有效,成功
1256,20260116114837262,3,110.0,2026-01-16 11:48:37,0.262,2026-01-16 11:48:37.262,2.89100003242493,1415,合格,有效,成功
1257,20260116114839471,3,63.0,2026-01-16 11:48:39,0.471,2026-01-16 11:48:39.471,2.20899987220764,1416,合格,有效,成功
1258,20260116114842426,3,107.0,2026-01-16 11:48:42,0.426,2026-01-16 11:48:42.426,2.95500016212463,1417,合格,有效,成功
1259,20260116114844338,3,99.0,2026-01-16 11:48:44,0.338,2026-01-16 11:48:44.338,1.91199994087219,1418,合格,有效,成功
1260,20260116114846509,3,103.0,2026-01-16 11:48:46,0.509,2026-01-16 11:48:46.509,2.1710000038147,1419,合格,有效,成功
1261,20260116114848568,3,139.0,2026-01-16 11:48:48,0.568,2026-01-16 11:48:48.568,2.05900001525879,1420,合格,有效,成功
1262,20260116114850700,3,181.0,2026-01-16 11:48:50,0.7,2026-01-16 11:48:50.7,2.13199996948242,1421,合格,有效,成功
1263,20260116114853207,3,114.0,2026-01-16 11:48:53,0.207,2026-01-16 11:48:53.207,2.50699996948242,1422,合格,有效,成功
1264,20260116114855530,3,140.0,2026-01-16 11:48:55,0.53,2026-01-16 11:48:55.53,2.32299995422363,1423,合格,有效,成功
1265,20260116114857975,3,194.0,2026-01-16 11:48:57,0.975,2026-01-16 11:48:57.975,2.4449999332428,1424,合格,有效,成功
1266,20260116114900079,3,106.0,2026-01-16 11:49:00,0.079,2026-01-16 11:49:00.079,2.10400009155273,1425,合格,有效,成功
1267,20260116114902388,3,68.67,2026-01-16 11:49:02,0.388,2026-01-16 11:49:02.388,2.30900001525879,1426,合格,有效,成功
1268,20260116114905756,3,102.0,2026-01-16 11:49:05,0.756,2026-01-16 11:49:05.756,3.36800003051758,1427,合格,有效,成功
1269,20260116114908021,3,99.0,2026-01-16 11:49:08,0.021,2026-01-16 11:49:08.021,2.2649998664856,1428,合格,有效,成功
1270,20260116114910597,3,130.0,2026-01-16 11:49:10,0.597,2026-01-16 11:49:10.597,2.57599997520447,1429,合格,有效,成功
1271,20260116114913087,3,139.0,2026-01-16 11:49:13,0.087,2026-01-16 11:49:13.087,2.49000000953674,1430,合格,有效,成功
1272,20260116114916026,3,65.0,2026-01-16 11:49:16,0.026,2026-01-16 11:49:16.026,2.93900012969971,1431,合格,有效,成功
1273,20260116114919031,3,150.0,2026-01-16 11:49:19,0.031,2026-01-16 11:49:19.031,3.00499987602234,1432,合格,有效,成功
1274,20260116114921103,3,82.0,2026-01-16 11:49:21,0.103,2026-01-16 11:49:21.103,2.07200002670288,1433,合格,有效,成功
1275,20260116114923921,3,99.0,2026-01-16 11:49:23,0.921,2026-01-16 11:49:23.921,2.81800007820129,1434,合格,有效,成功
1276,20260116114925645,3,70.0,2026-01-16 11:49:25,0.645,2026-01-16 11:49:25.645,1.72399997711182,1435,合格,有效,成功
1277,20260116114927204,3,44.67,2026-01-16 11:49:27,0.204,2026-01-16 11:49:27.204,1.55900001525879,1436,合格,有效,成功
1278,20260116114929262,3,124.0,2026-01-16 11:49:29,0.262,2026-01-16 11:49:29.262,2.05800008773804,1437,合格,有效,成功
1279,20260116114933020,3,0.0,2026-01-16 11:49:33,0.02,2026-01-16 11:49:33.02,3.75799989700317,1438,合格,无效,失败
1280,20260116114935275,3,110.0,2026-01-16 11:49:35,0.275,2026-01-16 11:49:35.275,2.25500011444092,1439,合格,有效,成功
1281,20260116114938678,3,88.0,2026-01-16 11:49:38,0.678,2026-01-16 11:49:38.678,3.40299987792969,1440,合格,有效,成功
1282,20260116114941267,3,172.33,2026-01-16 11:49:41,0.267,2026-01-16 11:49:41.267,2.58899998664856,1441,合格,有效,成功
1283,20260116114944904,3,126.33,2026-01-16 11:49:44,0.904,2026-01-16 11:49:44.904,3.63700008392334,1442,合格,有效,成功
1284,20260116114947840,3,84.0,2026-01-16 11:49:47,0.84,2026-01-16 11:49:47.84,2.93599987030029,1443,合格,有效,成功
1285,20260116115011754,3,117.0,2026-01-16 11:50:11,0.754,2026-01-16 11:50:11.754,23.9140000343323,1444,合格,有效,成功
1286,20260116115016430,3,119.0,2026-01-16 11:50:16,0.43,2026-01-16 11:50:16.43,4.67600011825562,1445,合格,有效,成功
1287,20260116115019126,3,209.0,2026-01-16 11:50:19,0.126,2026-01-16 11:50:19.126,2.69599986076355,1446,合格,有效,成功
1288,20260116115022561,3,80.0,2026-01-16 11:50:22,0.561,2026-01-16 11:50:22.561,3.43500018119812,1447,合格,有效,成功
1289,20260116115025354,3,86.0,2026-01-16 11:50:25,0.354,2026-01-16 11:50:25.354,2.79299998283386,1448,合格,有效,成功
1290,20260116115028602,3,146.0,2026-01-16 11:50:28,0.602,2026-01-16 11:50:28.602,3.24799990653992,1449,合格,有效,成功
1291,20260116115031866,3,55.0,2026-01-16 11:50:31,0.866,2026-01-16 11:50:31.866,3.26399993896484,1450,合格,有效,成功
1292,20260116115034835,3,120.0,2026-01-16 11:50:34,0.835,2026-01-16 11:50:34.835,2.96900010108948,1451,合格,有效,成功
1293,20260116115038313,3,88.0,2026-01-16 11:50:38,0.313,2026-01-16 11:50:38.313,3.4779999256134,1452,合格,有效,成功
1294,20260116115040880,3,84.0,2026-01-16 11:50:40,0.88,2026-01-16 11:50:40.88,2.56700015068054,1453,合格,有效,成功
1295,20260116115043270,3,151.33,2026-01-16 11:50:43,0.27,2026-01-16 11:50:43.27,2.3899998664856,1454,合格,有效,成功
1296,20260116115045759,3,124.0,2026-01-16 11:50:45,0.759,2026-01-16 11:50:45.759,2.48900008201599,1455,合格,有效,成功
1297,20260116115048348,3,86.0,2026-01-16 11:50:48,0.348,2026-01-16 11:50:48.348,2.58899998664856,1456,合格,有效,成功
1298,20260116115050975,3,85.0,2026-01-16 11:50:50,0.975,2026-01-16 11:50:50.975,2.6269998550415,1457,合格,有效,成功
1299,20260116115053775,3,91.0,2026-01-16 11:50:53,0.775,2026-01-16 11:50:53.775,2.80000019073486,1458,合格,有效,成功
1300,20260116115056637,3,85.0,2026-01-16 11:50:56,0.637,2026-01-16 11:50:56.637,2.86199998855591,1459,合格,有效,成功
1301,20260116115059835,3,91.0,2026-01-16 11:50:59,0.835,2026-01-16 11:50:59.835,3.19799995422363,1460,合格,有效,成功
1302,20260116115102367,3,133.0,2026-01-16 11:51:02,0.367,2026-01-16 11:51:02.367,2.53200006484985,1461,合格,有效,成功
1303,20260116115105208,3,121.0,2026-01-16 11:51:05,0.208,2026-01-16 11:51:05.208,2.84099984169006,1462,合格,有效,成功
1304,20260116115107135,3,124.0,2026-01-16 11:51:07,0.135,2026-01-16 11:51:07.135,1.92700004577637,1463,合格,有效,成功
1305,20260116115109544,3,112.0,2026-01-16 11:51:09,0.544,2026-01-16 11:51:09.544,2.40899991989136,1464,合格,有效,成功
1306,20260116115111963,3,75.0,2026-01-16 11:51:11,0.963,2026-01-16 11:51:11.963,2.41900014877319,1465,合格,有效,成功
1307,20260116115121902,3,153.0,2026-01-16 11:51:21,0.902,2026-01-16 11:51:21.902,9.93899989128113,1466,合格,有效,成功
1308,20260116115125498,3,57.0,2026-01-16 11:51:25,0.498,2026-01-16 11:51:25.498,3.59599995613098,1467,合格,有效,成功
1309,20260116115128456,3,61.33,2026-01-16 11:51:28,0.456,2026-01-16 11:51:28.456,2.95800018310547,1468,合格,有效,成功
1310,20260116115130649,3,58.0,2026-01-16 11:51:30,0.649,2026-01-16 11:51:30.649,2.19299983978271,1469,合格,有效,成功
1311,20260116115133158,3,71.0,2026-01-16 11:51:33,0.158,2026-01-16 11:51:33.158,2.5090000629425,1470,合格,有效,成功
1312,20260116115135873,3,102.0,2026-01-16 11:51:35,0.873,2026-01-16 11:51:35.873,2.71499991416931,1471,合格,有效,成功
1313,20260116115137862,3,94.0,2026-01-16 11:51:37,0.862,2026-01-16 11:51:37.862,1.98900008201599,1472,合格,有效,成功
1314,20260116115140340,3,92.0,2026-01-16 11:51:40,0.34,2026-01-16 11:51:40.34,2.4779999256134,1473,合格,有效,成功
1315,20260116115142766,3,75.0,2026-01-16 11:51:42,0.766,2026-01-16 11:51:42.766,2.42600011825562,1474,合格,有效,成功
1316,20260116115145153,3,112.0,2026-01-16 11:51:45,0.153,2026-01-16 11:51:45.153,2.38700008392334,1475,合格,有效,成功
1317,20260116115146979,3,60.0,2026-01-16 11:51:46,0.979,2026-01-16 11:51:46.979,1.82599997520447,1476,合格,有效,成功
1318,20260116115150493,3,61.67,2026-01-16 11:51:50,0.493,2026-01-16 11:51:50.493,3.51399993896484,1477,合格,有效,成功
1319,20260116115152911,3,105.0,2026-01-16 11:51:52,0.911,2026-01-16 11:51:52.911,2.41799998283386,1478,合格,有效,成功
1320,20260116115155023,3,75.0,2026-01-16 11:51:55,0.023,2026-01-16 11:51:55.023,2.11199998855591,1479,合格,有效,成功
1321,20260116115157578,3,68.0,2026-01-16 11:51:57,0.578,2026-01-16 11:51:57.578,2.5550000667572,1480,合格,有效,成功
1322,20260116115159643,3,157.0,2026-01-16 11:51:59,0.643,2026-01-16 11:51:59.643,2.06499981880188,1481,合格,有效,成功
1323,20260116115201848,3,72.0,2026-01-16 11:52:01,0.848,2026-01-16 11:52:01.848,2.20500016212463,1482,合格,有效,成功
1324,20260116115204483,3,82.0,2026-01-16 11:52:04,0.483,2026-01-16 11:52:04.483,2.63499999046326,1483,合格,有效,成功
1325,20260116115207543,3,96.0,2026-01-16 11:52:07,0.543,2026-01-16 11:52:07.543,3.05999994277954,1484,合格,有效,成功
1326,20260116115210311,3,138.0,2026-01-16 11:52:10,0.311,2026-01-16 11:52:10.311,2.76800012588501,1485,合格,有效,成功
1327,20260116115212603,3,65.0,2026-01-16 11:52:12,0.603,2026-01-16 11:52:12.603,2.29199981689453,1486,合格,有效,成功
1328,20260116115316838,3,109.0,2026-01-16 11:53:16,0.838,2026-01-16 11:53:16.838,64.2350001335144,1487,合格,有效,成功
1329,20260116115319863,3,151.0,2026-01-16 11:53:19,0.863,2026-01-16 11:53:19.863,3.02499985694885,1488,合格,有效,成功
1330,20260116115323002,3,82.0,2026-01-16 11:53:23,0.002,2026-01-16 11:53:23.002,3.13900017738342,1489,合格,有效,成功
1331,20260116115327267,3,93.0,2026-01-16 11:53:27,0.267,2026-01-16 11:53:27.267,4.2649998664856,1490,合格,有效,成功
1332,20260116115330271,3,120.0,2026-01-16 11:53:30,0.271,2026-01-16 11:53:30.271,3.00399994850159,1491,合格,有效,成功
1333,20260116115332846,3,99.0,2026-01-16 11:53:32,0.846,2026-01-16 11:53:32.846,2.57500004768372,1492,合格,有效,成功
1334,20260116115335636,3,126.0,2026-01-16 11:53:35,0.636,2026-01-16 11:53:35.636,2.78999996185303,1493,合格,有效,成功
1335,20260116115339098,3,57.0,2026-01-16 11:53:39,0.098,2026-01-16 11:53:39.098,3.46200013160706,1494,合格,有效,成功
1336,20260116115341132,3,190.0,2026-01-16 11:53:41,0.132,2026-01-16 11:53:41.132,2.03399991989136,1495,合格,有效,成功
1337,20260116115343961,3,90.0,2026-01-16 11:53:43,0.961,2026-01-16 11:53:43.961,2.8289999961853,1496,合格,有效,成功
1338,20260116115346778,3,123.0,2026-01-16 11:53:46,0.778,2026-01-16 11:53:46.778,2.81700015068054,1497,合格,有效,成功
1339,20260116115349152,3,94.0,2026-01-16 11:53:49,0.152,2026-01-16 11:53:49.152,2.37399983406067,1498,合格,有效,成功
1340,20260116115352529,3,241.0,2026-01-16 11:53:52,0.529,2026-01-16 11:53:52.529,3.37700009346008,1499,合格,有效,成功
1341,20260116115355047,3,165.0,2026-01-16 11:53:55,0.047,2026-01-16 11:53:55.047,2.51799988746643,1500,合格,有效,成功
1342,20260116115357328,3,56.67,2026-01-16 11:53:57,0.328,2026-01-16 11:53:57.328,2.2810001373291,1501,合格,有效,成功
1343,20260116115401007,3,125.0,2026-01-16 11:54:01,0.007,2026-01-16 11:54:01.007,3.67899990081787,1502,合格,有效,成功
1344,20260116115403433,3,113.0,2026-01-16 11:54:03,0.433,2026-01-16 11:54:03.433,2.42600011825562,1503,合格,有效,成功
1345,20260116115406116,3,141.0,2026-01-16 11:54:06,0.116,2026-01-16 11:54:06.116,2.68299984931946,1504,合格,有效,成功
1346,20260116115408654,3,84.0,2026-01-16 11:54:08,0.654,2026-01-16 11:54:08.654,2.53800010681152,1505,合格,有效,成功
1347,20260116115411068,3,108.0,2026-01-16 11:54:11,0.068,2026-01-16 11:54:11.068,2.41400003433228,1506,合格,有效,成功
1348,20260116115413811,3,96.33,2026-01-16 11:54:13,0.811,2026-01-16 11:54:13.811,2.74300003051758,1507,合格,有效,成功
1349,20260116115416531,3,117.0,2026-01-16 11:54:16,0.531,2026-01-16 11:54:16.531,2.71999979019165,1508,合格,有效,成功
1350,20260116115419298,3,116.0,2026-01-16 11:54:19,0.298,2026-01-16 11:54:19.298,2.76700019836426,1509,合格,有效,成功
1351,20260116115422714,3,170.67,2026-01-16 11:54:22,0.714,2026-01-16 11:54:22.714,3.41599988937378,1510,合格,有效,成功
1352,20260116115426724,3,147.0,2026-01-16 11:54:26,0.724,2026-01-16 11:54:26.724,4.00999999046326,1511,合格,有效,成功
1353,20260116115429024,3,127.0,2026-01-16 11:54:29,0.024,2026-01-16 11:54:29.024,2.29999995231628,1512,合格,有效,成功
1354,20260116115431376,3,92.0,2026-01-16 11:54:31,0.376,2026-01-16 11:54:31.376,2.35199999809265,1513,合格,有效,成功
1355,20260116115433891,3,138.0,2026-01-16 11:54:33,0.891,2026-01-16 11:54:33.891,2.51500010490417,1514,合格,有效,成功
1356,20260116115436101,3,101.0,2026-01-16 11:54:36,0.101,2026-01-16 11:54:36.101,2.21000003814697,1515,合格,有效,成功
1357,20260116115438644,3,78.0,2026-01-16 11:54:38,0.644,2026-01-16 11:54:38.644,2.54299998283386,1516,合格,有效,成功
1358,20260116115441168,3,107.0,2026-01-16 11:54:41,0.168,2026-01-16 11:54:41.168,2.5239999294281,1517,合格,有效,成功
1359,20260116115443284,3,63.0,2026-01-16 11:54:43,0.284,2026-01-16 11:54:43.284,2.1159999370575,1518,合格,有效,成功
1360,20260116115445687,3,51.0,2026-01-16 11:54:45,0.687,2026-01-16 11:54:45.687,2.40300011634827,1519,合格,有效,成功
1361,20260116115447954,3,56.0,2026-01-16 11:54:47,0.954,2026-01-16 11:54:47.954,2.26699995994568,1520,合格,有效,成功
1362,20260116115450305,3,92.0,2026-01-16 11:54:50,0.305,2026-01-16 11:54:50.305,2.3510000705719,1521,合格,有效,成功
1363,20260116115453032,3,55.0,2026-01-16 11:54:53,0.032,2026-01-16 11:54:53.032,2.72699999809265,1522,合格,有效,成功
1364,20260116115455668,3,120.0,2026-01-16 11:54:55,0.668,2026-01-16 11:54:55.668,2.63599991798401,1523,合格,有效,成功
1365,20260116115458028,3,159.0,2026-01-16 11:54:58,0.028,2026-01-16 11:54:58.028,2.3600001335144,1524,合格,有效,成功
1366,20260116115500730,3,106.0,2026-01-16 11:55:00,0.73,2026-01-16 11:55:00.73,2.70199990272522,1525,合格,有效,成功
1367,20260116115503079,3,66.0,2026-01-16 11:55:03,0.079,2026-01-16 11:55:03.079,2.34899997711182,1526,合格,有效,成功
1368,20260116115505497,3,138.0,2026-01-16 11:55:05,0.497,2026-01-16 11:55:05.497,2.41799998283386,1527,合格,有效,成功
1369,20260116115508268,3,83.0,2026-01-16 11:55:08,0.268,2026-01-16 11:55:08.268,2.77099990844727,1528,合格,有效,成功
1370,20260116115510842,3,200.67,2026-01-16 11:55:10,0.842,2026-01-16 11:55:10.842,2.57400012016296,1529,合格,有效,成功
1371,20260116115542381,3,133.0,2026-01-16 11:55:42,0.381,2026-01-16 11:55:42.381,31.5390000343323,1530,合格,有效,成功
1372,20260116115545499,3,131.0,2026-01-16 11:55:45,0.499,2026-01-16 11:55:45.499,3.11800003051758,1531,合格,有效,成功
1373,20260116115550202,3,82.0,2026-01-16 11:55:50,0.202,2026-01-16 11:55:50.202,4.70299983024597,1532,合格,有效,成功
1374,20260116115553376,3,95.0,2026-01-16 11:55:53,0.376,2026-01-16 11:55:53.376,3.17400002479553,1533,合格,有效,成功
1375,20260116115556010,3,147.0,2026-01-16 11:55:56,0.01,2026-01-16 11:55:56.01,2.6340000629425,1534,合格,有效,成功
1376,20260116115558905,3,139.0,2026-01-16 11:55:58,0.905,2026-01-16 11:55:58.905,2.89499998092651,1535,合格,有效,成功
1377,20260116115601172,3,165.0,2026-01-16 11:56:01,0.172,2026-01-16 11:56:01.172,2.26699995994568,1536,合格,有效,成功
1378,20260116115604166,3,65.0,2026-01-16 11:56:04,0.166,2026-01-16 11:56:04.166,2.99399995803833,1537,合格,有效,成功
1379,20260116115607383,3,76.0,2026-01-16 11:56:07,0.383,2026-01-16 11:56:07.383,3.21700000762939,1538,合格,有效,成功
1380,20260116115609935,3,119.0,2026-01-16 11:56:09,0.935,2026-01-16 11:56:09.935,2.55200004577637,1539,合格,有效,成功
1381,20260116115612830,3,133.0,2026-01-16 11:56:12,0.83,2026-01-16 11:56:12.83,2.89499998092651,1540,合格,有效,成功
1382,20260116115615576,3,122.0,2026-01-16 11:56:15,0.576,2026-01-16 11:56:15.576,2.74600005149841,1541,合格,有效,成功
1383,20260116115618323,3,77.0,2026-01-16 11:56:18,0.323,2026-01-16 11:56:18.323,2.74699997901917,1542,合格,有效,成功
1384,20260116115621081,3,148.0,2026-01-16 11:56:21,0.081,2026-01-16 11:56:21.081,2.75800013542175,1543,合格,有效,成功
1385,20260116115623723,3,100.67,2026-01-16 11:56:23,0.723,2026-01-16 11:56:23.723,2.64199995994568,1544,合格,有效,成功
1386,20260116115626476,3,130.0,2026-01-16 11:56:26,0.476,2026-01-16 11:56:26.476,2.75300002098083,1545,合格,有效,成功
1387,20260116115629509,3,129.0,2026-01-16 11:56:29,0.509,2026-01-16 11:56:29.509,3.03299999237061,1546,合格,有效,成功
1388,20260116115632633,3,99.0,2026-01-16 11:56:32,0.633,2026-01-16 11:56:32.633,3.12399983406067,1547,合格,有效,成功
1389,20260116115634526,3,117.0,2026-01-16 11:56:34,0.526,2026-01-16 11:56:34.526,1.89300012588501,1548,合格,有效,成功
1390,20260116115637516,3,129.33,2026-01-16 11:56:37,0.516,2026-01-16 11:56:37.516,2.99000000953674,1549,合格,有效,成功
1391,20260116115640246,3,101.0,2026-01-16 11:56:40,0.246,2026-01-16 11:56:40.246,2.73000001907349,1550,合格,有效,成功
1392,20260116115643477,3,90.0,2026-01-16 11:56:43,0.477,2026-01-16 11:56:43.477,3.23099994659424,1551,合格,有效,成功
1393,20260116115646224,3,67.0,2026-01-16 11:56:46,0.224,2026-01-16 11:56:46.224,2.74699997901917,1552,合格,有效,成功
1394,20260116115649419,3,112.0,2026-01-16 11:56:49,0.419,2026-01-16 11:56:49.419,3.1949999332428,1553,合格,有效,成功
1395,20260116115651999,3,91.0,2026-01-16 11:56:51,0.999,2026-01-16 11:56:51.999,2.58000016212463,1554,合格,有效,成功
1396,20260116115654599,3,134.0,2026-01-16 11:56:54,0.599,2026-01-16 11:56:54.599,2.59999990463257,1555,合格,有效,成功
1397,20260116115657041,3,113.0,2026-01-16 11:56:57,0.041,2026-01-16 11:56:57.041,2.44199991226196,1556,合格,有效,成功
1398,20260116115659947,3,63.0,2026-01-16 11:56:59,0.947,2026-01-16 11:56:59.947,2.9060001373291,1557,合格,有效,成功
1399,20260116115702189,3,143.0,2026-01-16 11:57:02,0.189,2026-01-16 11:57:02.189,2.24199986457825,1558,合格,有效,成功
1400,20260116115704554,3,98.0,2026-01-16 11:57:04,0.554,2026-01-16 11:57:04.554,2.36500000953674,1559,合格,有效,成功
1401,20260116115708216,3,76.0,2026-01-16 11:57:08,0.216,2026-01-16 11:57:08.216,3.66200017929077,1560,合格,有效,成功
1402,20260116115710701,3,79.0,2026-01-16 11:57:10,0.701,2026-01-16 11:57:10.701,2.48499989509583,1561,合格,有效,成功
1403,20260116115713600,3,51.0,2026-01-16 11:57:13,0.6,2026-01-16 11:57:13.6,2.8989999294281,1562,合格,有效,成功
1404,20260116115716277,3,221.0,2026-01-16 11:57:16,0.277,2026-01-16 11:57:16.277,2.67700004577637,1563,合格,有效,成功
1405,20260116115719302,3,71.0,2026-01-16 11:57:19,0.302,2026-01-16 11:57:19.302,3.02500009536743,1564,合格,有效,成功
1406,20260116115721387,3,69.0,2026-01-16 11:57:21,0.387,2026-01-16 11:57:21.387,2.08500003814697,1565,合格,有效,成功
1407,20260116115723718,3,0.0,2026-01-16 11:57:23,0.718,2026-01-16 11:57:23.718,2.33099985122681,1566,合格,无效,失败
1408,20260116115726350,3,119.0,2026-01-16 11:57:26,0.35,2026-01-16 11:57:26.35,2.63199996948242,1567,合格,有效,成功
1409,20260116115730216,3,87.0,2026-01-16 11:57:30,0.216,2026-01-16 11:57:30.216,3.86600017547607,1568,合格,有效,成功
1410,20260116115733471,3,120.0,2026-01-16 11:57:33,0.471,2026-01-16 11:57:33.471,3.25499987602234,1569,合格,有效,成功
1411,20260116115736837,3,74.0,2026-01-16 11:57:36,0.837,2026-01-16 11:57:36.837,3.3659999370575,1570,合格,有效,成功
1412,20260116115739497,3,132.67,2026-01-16 11:57:39,0.497,2026-01-16 11:57:39.497,2.66000008583069,1571,合格,有效,成功
1413,20260116115742203,3,101.0,2026-01-16 11:57:42,0.203,2026-01-16 11:57:42.203,2.70600008964539,1572,合格,有效,成功
1414,20260116115744788,3,73.0,2026-01-16 11:57:44,0.788,2026-01-16 11:57:44.788,2.58500003814697,1573,合格,有效,成功
1415,20260116115747650,3,84.0,2026-01-16 11:57:47,0.65,2026-01-16 11:57:47.65,2.86199998855591,1574,合格,有效,成功
1416,20260116115750169,3,104.0,2026-01-16 11:57:50,0.169,2026-01-16 11:57:50.169,2.51899981498718,1575,合格,有效,成功
1417,20260116115752566,3,133.0,2026-01-16 11:57:52,0.566,2026-01-16 11:57:52.566,2.3970000743866,1576,合格,有效,成功
1418,20260116115754584,3,48.0,2026-01-16 11:57:54,0.584,2026-01-16 11:57:54.584,2.01800012588501,1577,合格,有效,成功
1419,20260116115757097,3,100.0,2026-01-16 11:57:57,0.097,2026-01-16 11:57:57.097,2.51299977302551,1578,合格,有效,成功
1420,20260116115759842,3,91.0,2026-01-16 11:57:59,0.842,2026-01-16 11:57:59.842,2.74500012397766,1579,合格,有效,成功
1421,20260116115803696,3,60.0,2026-01-16 11:58:03,0.696,2026-01-16 11:58:03.696,3.85400009155273,1580,合格,有效,成功
1422,20260116115806241,3,157.0,2026-01-16 11:58:06,0.241,2026-01-16 11:58:06.241,2.54499983787537,1581,合格,有效,成功
1423,20260116115809615,3,136.0,2026-01-16 11:58:09,0.615,2026-01-16 11:58:09.615,3.37400007247925,1582,合格,有效,成功
1424,20260116115812020,3,150.0,2026-01-16 11:58:12,0.02,2026-01-16 11:58:12.02,2.40499997138977,1583,合格,有效,成功
1425,20260116115814665,3,95.0,2026-01-16 11:58:14,0.665,2026-01-16 11:58:14.665,2.64499998092651,1584,合格,有效,成功
1426,20260116115817166,3,113.0,2026-01-16 11:58:17,0.166,2026-01-16 11:58:17.166,2.50099992752075,1585,合格,有效,成功
1427,20260116115819582,3,64.0,2026-01-16 11:58:19,0.582,2026-01-16 11:58:19.582,2.41600012779236,1586,合格,有效,成功
1428,20260116115822476,3,137.0,2026-01-16 11:58:22,0.476,2026-01-16 11:58:22.476,2.89400005340576,1587,合格,有效,成功
1429,20260116115825376,3,73.33,2026-01-16 11:58:25,0.376,2026-01-16 11:58:25.376,2.89999985694885,1588,合格,有效,成功
1430,20260116115828037,3,81.0,2026-01-16 11:58:28,0.037,2026-01-16 11:58:28.037,2.66100001335144,1589,合格,有效,成功
1431,20260116115830407,3,131.0,2026-01-16 11:58:30,0.407,2026-01-16 11:58:30.407,2.37000012397766,1590,合格,有效,成功
1432,20260116115832872,3,59.0,2026-01-16 11:58:32,0.872,2026-01-16 11:58:32.872,2.46499991416931,1591,合格,有效,成功
